timestamp,ward,ward_name,total_beds,occupied_beds,available_beds,occupancy_rate,occupancy_percent,admissions,discharges,net_change,rag_status,hour,weekday,is_weekend
2026-05-20 15:00:00,Emergency,Emergency Department (ED),50,41,9,0.82,82.0,5,2,3,AMBER,15,2,0
2026-05-20 15:00:00,ICU,Intensive Care Unit (ICU),30,23,7,0.7667,76.7,0,1,-1,GREEN,15,2,0
2026-05-20 15:00:00,General Medicine,General Medicine Ward,120,102,18,0.85,85.0,6,0,6,AMBER,15,2,0
2026-05-20 15:00:00,Surgical Ward,Surgical & Post-Op Ward,80,58,22,0.725,72.5,3,2,1,GREEN,15,2,0
2026-05-20 15:00:00,Pediatrics,Pediatric Ward,40,26,14,0.65,65.0,1,1,0,GREEN,15,2,0
2026-05-20 16:00:00,Emergency,Emergency Department (ED),50,42,8,0.84,84.0,5,4,1,AMBER,16,2,0
2026-05-20 16:00:00,ICU,Intensive Care Unit (ICU),30,24,6,0.8,80.0,1,0,1,AMBER,16,2,0
2026-05-20 16:00:00,General Medicine,General Medicine Ward,120,105,15,0.875,87.5,4,1,3,AMBER,16,2,0
2026-05-20 16:00:00,Surgical Ward,Surgical & Post-Op Ward,80,57,23,0.7125,71.2,3,4,-1,GREEN,16,2,0
2026-05-20 16:00:00,Pediatrics,Pediatric Ward,40,27,13,0.675,67.5,2,1,1,GREEN,16,2,0
2026-05-20 17:00:00,Emergency,Emergency Department (ED),50,48,2,0.96,96.0,6,0,6,RED,17,2,0
2026-05-20 17:00:00,ICU,Intensive Care Unit (ICU),30,23,7,0.7667,76.7,0,1,-1,GREEN,17,2,0
2026-05-20 17:00:00,General Medicine,General Medicine Ward,120,111,9,0.925,92.5,8,2,6,RED,17,2,0
2026-05-20 17:00:00,Surgical Ward,Surgical & Post-Op Ward,80,58,22,0.725,72.5,3,2,1,GREEN,17,2,0
2026-05-20 17:00:00,Pediatrics,Pediatric Ward,40,30,10,0.75,75.0,3,0,3,AMBER,17,2,0
2026-05-20 18:00:00,Emergency,Emergency Department (ED),50,54,0,1.08,108.0,6,0,6,RED,18,2,0
2026-05-20 18:00:00,ICU,Intensive Care Unit (ICU),30,23,7,0.7667,76.7,0,0,0,GREEN,18,2,0
2026-05-20 18:00:00,General Medicine,General Medicine Ward,120,108,12,0.9,90.0,2,5,-3,RED,18,2,0
2026-05-20 18:00:00,Surgical Ward,Surgical & Post-Op Ward,80,62,18,0.775,77.5,4,0,4,AMBER,18,2,0
2026-05-20 18:00:00,Pediatrics,Pediatric Ward,40,33,7,0.825,82.5,3,0,3,AMBER,18,2,0
2026-05-20 19:00:00,Emergency,Emergency Department (ED),50,54,0,1.08,108.0,5,2,3,RED,19,2,0
2026-05-20 19:00:00,ICU,Intensive Care Unit (ICU),30,23,7,0.7667,76.7,1,1,0,GREEN,19,2,0
2026-05-20 19:00:00,General Medicine,General Medicine Ward,120,109,11,0.9083,90.8,5,4,1,RED,19,2,0
2026-05-20 19:00:00,Surgical Ward,Surgical & Post-Op Ward,80,63,17,0.7875,78.8,4,3,1,AMBER,19,2,0
2026-05-20 19:00:00,Pediatrics,Pediatric Ward,40,33,7,0.825,82.5,0,0,0,AMBER,19,2,0
2026-05-20 20:00:00,Emergency,Emergency Department (ED),50,54,0,1.08,108.0,4,3,1,RED,20,2,0
2026-05-20 20:00:00,ICU,Intensive Care Unit (ICU),30,21,9,0.7,70.0,0,2,-2,GREEN,20,2,0
2026-05-20 20:00:00,General Medicine,General Medicine Ward,120,110,10,0.9167,91.7,2,1,1,RED,20,2,0
2026-05-20 20:00:00,Surgical Ward,Surgical & Post-Op Ward,80,63,17,0.7875,78.8,4,4,0,AMBER,20,2,0
2026-05-20 20:00:00,Pediatrics,Pediatric Ward,40,33,7,0.825,82.5,2,2,0,AMBER,20,2,0
2026-05-20 21:00:00,Emergency,Emergency Department (ED),50,54,0,1.08,108.0,8,2,6,RED,21,2,0
2026-05-20 21:00:00,ICU,Intensive Care Unit (ICU),30,21,9,0.7,70.0,0,0,0,GREEN,21,2,0
2026-05-20 21:00:00,General Medicine,General Medicine Ward,120,116,4,0.9667,96.7,6,0,6,RED,21,2,0
2026-05-20 21:00:00,Surgical Ward,Surgical & Post-Op Ward,80,64,16,0.8,80.0,3,2,1,AMBER,21,2,0
2026-05-20 21:00:00,Pediatrics,Pediatric Ward,40,33,7,0.825,82.5,1,1,0,AMBER,21,2,0
2026-05-20 22:00:00,Emergency,Emergency Department (ED),50,54,0,1.08,108.0,6,6,0,RED,22,2,0
2026-05-20 22:00:00,ICU,Intensive Care Unit (ICU),30,22,8,0.7333,73.3,1,0,1,GREEN,22,2,0
2026-05-20 22:00:00,General Medicine,General Medicine Ward,120,118,2,0.9833,98.3,3,1,2,RED,22,2,0
2026-05-20 22:00:00,Surgical Ward,Surgical & Post-Op Ward,80,67,13,0.8375,83.8,4,1,3,AMBER,22,2,0
2026-05-20 22:00:00,Pediatrics,Pediatric Ward,40,32,8,0.8,80.0,1,2,-1,AMBER,22,2,0
2026-05-20 23:00:00,Emergency,Emergency Department (ED),50,54,0,1.08,108.0,2,2,0,RED,23,2,0
2026-05-20 23:00:00,ICU,Intensive Care Unit (ICU),30,22,8,0.7333,73.3,0,0,0,GREEN,23,2,0
2026-05-20 23:00:00,General Medicine,General Medicine Ward,120,117,3,0.975,97.5,3,4,-1,RED,23,2,0
2026-05-20 23:00:00,Surgical Ward,Surgical & Post-Op Ward,80,70,10,0.875,87.5,5,2,3,AMBER,23,2,0
2026-05-20 23:00:00,Pediatrics,Pediatric Ward,40,32,8,0.8,80.0,1,1,0,AMBER,23,2,0
2026-05-21 00:00:00,Emergency,Emergency Department (ED),50,54,0,1.08,108.0,5,4,1,RED,0,3,0
2026-05-21 00:00:00,ICU,Intensive Care Unit (ICU),30,23,7,0.7667,76.7,1,0,1,GREEN,0,3,0
2026-05-21 00:00:00,General Medicine,General Medicine Ward,120,119,1,0.9917,99.2,6,4,2,RED,0,3,0
2026-05-21 00:00:00,Surgical Ward,Surgical & Post-Op Ward,80,72,8,0.9,90.0,2,0,2,RED,0,3,0
2026-05-21 00:00:00,Pediatrics,Pediatric Ward,40,36,4,0.9,90.0,4,0,4,RED,0,3,0
2026-05-21 01:00:00,Emergency,Emergency Department (ED),50,54,0,1.08,108.0,6,3,3,RED,1,3,0
2026-05-21 01:00:00,ICU,Intensive Care Unit (ICU),30,23,7,0.7667,76.7,0,0,0,GREEN,1,3,0
2026-05-21 01:00:00,General Medicine,General Medicine Ward,120,119,1,0.9917,99.2,1,1,0,RED,1,3,0
2026-05-21 01:00:00,Surgical Ward,Surgical & Post-Op Ward,80,73,7,0.9125,91.2,1,0,1,RED,1,3,0
2026-05-21 01:00:00,Pediatrics,Pediatric Ward,40,35,5,0.875,87.5,0,1,-1,AMBER,1,3,0
2026-05-21 02:00:00,Emergency,Emergency Department (ED),50,54,0,1.08,108.0,2,0,2,RED,2,3,0
2026-05-21 02:00:00,ICU,Intensive Care Unit (ICU),30,23,7,0.7667,76.7,0,0,0,GREEN,2,3,0
2026-05-21 02:00:00,General Medicine,General Medicine Ward,120,122,0,1.0167,101.7,3,0,3,RED,2,3,0
2026-05-21 02:00:00,Surgical Ward,Surgical & Post-Op Ward,80,72,8,0.9,90.0,0,1,-1,RED,2,3,0
2026-05-21 02:00:00,Pediatrics,Pediatric Ward,40,35,5,0.875,87.5,0,0,0,AMBER,2,3,0
2026-05-21 03:00:00,Emergency,Emergency Department (ED),50,54,0,1.08,108.0,1,0,1,RED,3,3,0
2026-05-21 03:00:00,ICU,Intensive Care Unit (ICU),30,23,7,0.7667,76.7,0,0,0,GREEN,3,3,0
2026-05-21 03:00:00,General Medicine,General Medicine Ward,120,124,0,1.0333,103.3,2,0,2,RED,3,3,0
2026-05-21 03:00:00,Surgical Ward,Surgical & Post-Op Ward,80,75,5,0.9375,93.8,3,0,3,RED,3,3,0
2026-05-21 03:00:00,Pediatrics,Pediatric Ward,40,36,4,0.9,90.0,1,0,1,RED,3,3,0
2026-05-21 04:00:00,Emergency,Emergency Department (ED),50,54,0,1.08,108.0,1,0,1,RED,4,3,0
2026-05-21 04:00:00,ICU,Intensive Care Unit (ICU),30,24,6,0.8,80.0,1,0,1,AMBER,4,3,0
2026-05-21 04:00:00,General Medicine,General Medicine Ward,120,125,0,1.0417,104.2,2,1,1,RED,4,3,0
2026-05-21 04:00:00,Surgical Ward,Surgical & Post-Op Ward,80,77,3,0.9625,96.2,2,0,2,RED,4,3,0
2026-05-21 04:00:00,Pediatrics,Pediatric Ward,40,36,4,0.9,90.0,0,0,0,RED,4,3,0
2026-05-21 05:00:00,Emergency,Emergency Department (ED),50,54,0,1.08,108.0,0,0,0,RED,5,3,0
2026-05-21 05:00:00,ICU,Intensive Care Unit (ICU),30,23,7,0.7667,76.7,0,1,-1,GREEN,5,3,0
2026-05-21 05:00:00,General Medicine,General Medicine Ward,120,125,0,1.0417,104.2,0,0,0,RED,5,3,0
2026-05-21 05:00:00,Surgical Ward,Surgical & Post-Op Ward,80,76,4,0.95,95.0,0,1,-1,RED,5,3,0
2026-05-21 05:00:00,Pediatrics,Pediatric Ward,40,36,4,0.9,90.0,0,0,0,RED,5,3,0
2026-05-21 06:00:00,Emergency,Emergency Department (ED),50,54,0,1.08,108.0,3,0,3,RED,6,3,0
2026-05-21 06:00:00,ICU,Intensive Care Unit (ICU),30,22,8,0.7333,73.3,0,1,-1,GREEN,6,3,0
2026-05-21 06:00:00,General Medicine,General Medicine Ward,120,126,0,1.05,105.0,5,4,1,RED,6,3,0
2026-05-21 06:00:00,Surgical Ward,Surgical & Post-Op Ward,80,73,7,0.9125,91.2,1,4,-3,RED,6,3,0
2026-05-21 06:00:00,Pediatrics,Pediatric Ward,40,36,4,0.9,90.0,1,1,0,RED,6,3,0
2026-05-21 07:00:00,Emergency,Emergency Department (ED),50,54,0,1.08,108.0,6,4,2,RED,7,3,0
2026-05-21 07:00:00,ICU,Intensive Care Unit (ICU),30,21,9,0.7,70.0,1,2,-1,GREEN,7,3,0
2026-05-21 07:00:00,General Medicine,General Medicine Ward,120,129,0,1.075,107.5,5,2,3,RED,7,3,0
2026-05-21 07:00:00,Surgical Ward,Surgical & Post-Op Ward,80,72,8,0.9,90.0,3,4,-1,RED,7,3,0
2026-05-21 07:00:00,Pediatrics,Pediatric Ward,40,36,4,0.9,90.0,1,1,0,RED,7,3,0
2026-05-21 08:00:00,Emergency,Emergency Department (ED),50,54,0,1.08,108.0,6,2,4,RED,8,3,0
2026-05-21 08:00:00,ICU,Intensive Care Unit (ICU),30,21,9,0.7,70.0,0,0,0,GREEN,8,3,0
2026-05-21 08:00:00,General Medicine,General Medicine Ward,120,129,0,1.075,107.5,4,2,2,RED,8,3,0
2026-05-21 08:00:00,Surgical Ward,Surgical & Post-Op Ward,80,75,5,0.9375,93.8,6,3,3,RED,8,3,0
2026-05-21 08:00:00,Pediatrics,Pediatric Ward,40,35,5,0.875,87.5,0,1,-1,AMBER,8,3,0
2026-05-21 09:00:00,Emergency,Emergency Department (ED),50,54,0,1.08,108.0,3,0,3,RED,9,3,0
2026-05-21 09:00:00,ICU,Intensive Care Unit (ICU),30,22,8,0.7333,73.3,1,0,1,GREEN,9,3,0
2026-05-21 09:00:00,General Medicine,General Medicine Ward,120,127,0,1.0583,105.8,2,4,-2,RED,9,3,0
2026-05-21 09:00:00,Surgical Ward,Surgical & Post-Op Ward,80,78,2,0.975,97.5,5,2,3,RED,9,3,0
2026-05-21 09:00:00,Pediatrics,Pediatric Ward,40,35,5,0.875,87.5,2,2,0,AMBER,9,3,0
2026-05-21 10:00:00,Emergency,Emergency Department (ED),50,52,0,1.04,104.0,2,4,-2,RED,10,3,0
2026-05-21 10:00:00,ICU,Intensive Care Unit (ICU),30,19,11,0.6333,63.3,0,3,-3,GREEN,10,3,0
2026-05-21 10:00:00,General Medicine,General Medicine Ward,120,121,0,1.0083,100.8,0,6,-6,RED,10,3,0
2026-05-21 10:00:00,Surgical Ward,Surgical & Post-Op Ward,80,79,1,0.9875,98.8,4,3,1,RED,10,3,0
2026-05-21 10:00:00,Pediatrics,Pediatric Ward,40,38,2,0.95,95.0,5,2,3,RED,10,3,0
2026-05-21 11:00:00,Emergency,Emergency Department (ED),50,54,0,1.08,108.0,8,3,5,RED,11,3,0
2026-05-21 11:00:00,ICU,Intensive Care Unit (ICU),30,20,10,0.6667,66.7,1,0,1,GREEN,11,3,0
2026-05-21 11:00:00,General Medicine,General Medicine Ward,120,120,0,1.0,100.0,3,4,-1,RED,11,3,0
2026-05-21 11:00:00,Surgical Ward,Surgical & Post-Op Ward,80,79,1,0.9875,98.8,4,4,0,RED,11,3,0
2026-05-21 11:00:00,Pediatrics,Pediatric Ward,40,34,6,0.85,85.0,0,4,-4,AMBER,11,3,0
2026-05-21 12:00:00,Emergency,Emergency Department (ED),50,50,0,1.0,100.0,3,7,-4,RED,12,3,0
2026-05-21 12:00:00,ICU,Intensive Care Unit (ICU),30,19,11,0.6333,63.3,0,1,-1,GREEN,12,3,0
2026-05-21 12:00:00,General Medicine,General Medicine Ward,120,129,0,1.075,107.5,11,2,9,RED,12,3,0
2026-05-21 12:00:00,Surgical Ward,Surgical & Post-Op Ward,80,77,3,0.9625,96.2,0,2,-2,RED,12,3,0
2026-05-21 12:00:00,Pediatrics,Pediatric Ward,40,34,6,0.85,85.0,2,2,0,AMBER,12,3,0
2026-05-21 13:00:00,Emergency,Emergency Department (ED),50,53,0,1.06,106.0,6,3,3,RED,13,3,0
2026-05-21 13:00:00,ICU,Intensive Care Unit (ICU),30,19,11,0.6333,63.3,0,0,0,GREEN,13,3,0
2026-05-21 13:00:00,General Medicine,General Medicine Ward,120,129,0,1.075,107.5,9,7,2,RED,13,3,0
2026-05-21 13:00:00,Surgical Ward,Surgical & Post-Op Ward,80,74,6,0.925,92.5,0,3,-3,RED,13,3,0
2026-05-21 13:00:00,Pediatrics,Pediatric Ward,40,33,7,0.825,82.5,3,4,-1,AMBER,13,3,0
2026-05-21 14:00:00,Emergency,Emergency Department (ED),50,53,0,1.06,106.0,4,4,0,RED,14,3,0
2026-05-21 14:00:00,ICU,Intensive Care Unit (ICU),30,19,11,0.6333,63.3,0,0,0,GREEN,14,3,0
2026-05-21 14:00:00,General Medicine,General Medicine Ward,120,128,0,1.0667,106.7,6,7,-1,RED,14,3,0
2026-05-21 14:00:00,Surgical Ward,Surgical & Post-Op Ward,80,77,3,0.9625,96.2,5,2,3,RED,14,3,0
2026-05-21 14:00:00,Pediatrics,Pediatric Ward,40,33,7,0.825,82.5,0,0,0,AMBER,14,3,0
2026-05-21 15:00:00,Emergency,Emergency Department (ED),50,52,0,1.04,104.0,2,3,-1,RED,15,3,0
2026-05-21 15:00:00,ICU,Intensive Care Unit (ICU),30,19,11,0.6333,63.3,0,0,0,GREEN,15,3,0
2026-05-21 15:00:00,General Medicine,General Medicine Ward,120,129,0,1.075,107.5,7,6,1,RED,15,3,0
2026-05-21 15:00:00,Surgical Ward,Surgical & Post-Op Ward,80,76,4,0.95,95.0,3,4,-1,RED,15,3,0
2026-05-21 15:00:00,Pediatrics,Pediatric Ward,40,34,6,0.85,85.0,1,0,1,AMBER,15,3,0
2026-05-21 16:00:00,Emergency,Emergency Department (ED),50,50,0,1.0,100.0,3,5,-2,RED,16,3,0
2026-05-21 16:00:00,ICU,Intensive Care Unit (ICU),30,19,11,0.6333,63.3,1,1,0,GREEN,16,3,0
2026-05-21 16:00:00,General Medicine,General Medicine Ward,120,129,0,1.075,107.5,14,3,11,RED,16,3,0
2026-05-21 16:00:00,Surgical Ward,Surgical & Post-Op Ward,80,78,2,0.975,97.5,4,2,2,RED,16,3,0
2026-05-21 16:00:00,Pediatrics,Pediatric Ward,40,32,8,0.8,80.0,1,3,-2,AMBER,16,3,0
2026-05-21 17:00:00,Emergency,Emergency Department (ED),50,54,0,1.08,108.0,8,0,8,RED,17,3,0
2026-05-21 17:00:00,ICU,Intensive Care Unit (ICU),30,18,12,0.6,60.0,0,1,-1,GREEN,17,3,0
2026-05-21 17:00:00,General Medicine,General Medicine Ward,120,129,0,1.075,107.5,8,0,8,RED,17,3,0
2026-05-21 17:00:00,Surgical Ward,Surgical & Post-Op Ward,80,78,2,0.975,97.5,0,0,0,RED,17,3,0
2026-05-21 17:00:00,Pediatrics,Pediatric Ward,40,33,7,0.825,82.5,2,1,1,AMBER,17,3,0
2026-05-21 18:00:00,Emergency,Emergency Department (ED),50,54,0,1.08,108.0,5,1,4,RED,18,3,0
2026-05-21 18:00:00,ICU,Intensive Care Unit (ICU),30,18,12,0.6,60.0,0,0,0,GREEN,18,3,0
2026-05-21 18:00:00,General Medicine,General Medicine Ward,120,129,0,1.075,107.5,5,4,1,RED,18,3,0
2026-05-21 18:00:00,Surgical Ward,Surgical & Post-Op Ward,80,79,1,0.9875,98.8,4,3,1,RED,18,3,0
2026-05-21 18:00:00,Pediatrics,Pediatric Ward,40,32,8,0.8,80.0,1,2,-1,AMBER,18,3,0
2026-05-21 19:00:00,Emergency,Emergency Department (ED),50,54,0,1.08,108.0,4,1,3,RED,19,3,0
2026-05-21 19:00:00,ICU,Intensive Care Unit (ICU),30,18,12,0.6,60.0,0,0,0,GREEN,19,3,0
2026-05-21 19:00:00,General Medicine,General Medicine Ward,120,126,0,1.05,105.0,0,3,-3,RED,19,3,0
2026-05-21 19:00:00,Surgical Ward,Surgical & Post-Op Ward,80,81,0,1.0125,101.2,3,1,2,RED,19,3,0
2026-05-21 19:00:00,Pediatrics,Pediatric Ward,40,31,9,0.775,77.5,0,1,-1,AMBER,19,3,0
2026-05-21 20:00:00,Emergency,Emergency Department (ED),50,54,0,1.08,108.0,9,2,7,RED,20,3,0
2026-05-21 20:00:00,ICU,Intensive Care Unit (ICU),30,18,12,0.6,60.0,0,0,0,GREEN,20,3,0
2026-05-21 20:00:00,General Medicine,General Medicine Ward,120,129,0,1.075,107.5,4,1,3,RED,20,3,0
2026-05-21 20:00:00,Surgical Ward,Surgical & Post-Op Ward,80,81,0,1.0125,101.2,2,2,0,RED,20,3,0
2026-05-21 20:00:00,Pediatrics,Pediatric Ward,40,32,8,0.8,80.0,3,2,1,AMBER,20,3,0
2026-05-21 21:00:00,Emergency,Emergency Department (ED),50,54,0,1.08,108.0,7,1,6,RED,21,3,0
2026-05-21 21:00:00,ICU,Intensive Care Unit (ICU),30,19,11,0.6333,63.3,1,0,1,GREEN,21,3,0
2026-05-21 21:00:00,General Medicine,General Medicine Ward,120,129,0,1.075,107.5,5,4,1,RED,21,3,0
2026-05-21 21:00:00,Surgical Ward,Surgical & Post-Op Ward,80,77,3,0.9625,96.2,1,5,-4,RED,21,3,0
2026-05-21 21:00:00,Pediatrics,Pediatric Ward,40,34,6,0.85,85.0,2,0,2,AMBER,21,3,0
2026-05-21 22:00:00,Emergency,Emergency Department (ED),50,54,0,1.08,108.0,6,2,4,RED,22,3,0
2026-05-21 22:00:00,ICU,Intensive Care Unit (ICU),30,18,12,0.6,60.0,0,1,-1,GREEN,22,3,0
2026-05-21 22:00:00,General Medicine,General Medicine Ward,120,129,0,1.075,107.5,5,0,5,RED,22,3,0
2026-05-21 22:00:00,Surgical Ward,Surgical & Post-Op Ward,80,74,6,0.925,92.5,0,3,-3,RED,22,3,0
2026-05-21 22:00:00,Pediatrics,Pediatric Ward,40,34,6,0.85,85.0,3,3,0,AMBER,22,3,0
2026-05-21 23:00:00,Emergency,Emergency Department (ED),50,54,0,1.08,108.0,7,0,7,RED,23,3,0
2026-05-21 23:00:00,ICU,Intensive Care Unit (ICU),30,19,11,0.6333,63.3,1,0,1,GREEN,23,3,0
2026-05-21 23:00:00,General Medicine,General Medicine Ward,120,129,0,1.075,107.5,7,3,4,RED,23,3,0
2026-05-21 23:00:00,Surgical Ward,Surgical & Post-Op Ward,80,70,10,0.875,87.5,1,5,-4,AMBER,23,3,0
2026-05-21 23:00:00,Pediatrics,Pediatric Ward,40,36,4,0.9,90.0,2,0,2,RED,23,3,0
2026-05-22 00:00:00,Emergency,Emergency Department (ED),50,54,0,1.08,108.0,4,1,3,RED,0,4,0
2026-05-22 00:00:00,ICU,Intensive Care Unit (ICU),30,20,10,0.6667,66.7,1,0,1,GREEN,0,4,0
2026-05-22 00:00:00,General Medicine,General Medicine Ward,120,129,0,1.075,107.5,7,0,7,RED,0,4,0
2026-05-22 00:00:00,Surgical Ward,Surgical & Post-Op Ward,80,70,10,0.875,87.5,1,1,0,AMBER,0,4,0
2026-05-22 00:00:00,Pediatrics,Pediatric Ward,40,35,5,0.875,87.5,0,1,-1,AMBER,0,4,0
2026-05-22 01:00:00,Emergency,Emergency Department (ED),50,54,0,1.08,108.0,4,1,3,RED,1,4,0
2026-05-22 01:00:00,ICU,Intensive Care Unit (ICU),30,21,9,0.7,70.0,1,0,1,GREEN,1,4,0
2026-05-22 01:00:00,General Medicine,General Medicine Ward,120,127,0,1.0583,105.8,0,2,-2,RED,1,4,0
2026-05-22 01:00:00,Surgical Ward,Surgical & Post-Op Ward,80,71,9,0.8875,88.8,1,0,1,AMBER,1,4,0
2026-05-22 01:00:00,Pediatrics,Pediatric Ward,40,35,5,0.875,87.5,0,0,0,AMBER,1,4,0
2026-05-22 02:00:00,Emergency,Emergency Department (ED),50,54,0,1.08,108.0,2,0,2,RED,2,4,0
2026-05-22 02:00:00,ICU,Intensive Care Unit (ICU),30,22,8,0.7333,73.3,1,0,1,GREEN,2,4,0
2026-05-22 02:00:00,General Medicine,General Medicine Ward,120,129,0,1.075,107.5,2,0,2,RED,2,4,0
2026-05-22 02:00:00,Surgical Ward,Surgical & Post-Op Ward,80,72,8,0.9,90.0,1,0,1,RED,2,4,0
2026-05-22 02:00:00,Pediatrics,Pediatric Ward,40,36,4,0.9,90.0,1,0,1,RED,2,4,0
2026-05-22 03:00:00,Emergency,Emergency Department (ED),50,54,0,1.08,108.0,1,0,1,RED,3,4,0
2026-05-22 03:00:00,ICU,Intensive Care Unit (ICU),30,22,8,0.7333,73.3,0,0,0,GREEN,3,4,0
2026-05-22 03:00:00,General Medicine,General Medicine Ward,120,128,0,1.0667,106.7,0,1,-1,RED,3,4,0
2026-05-22 03:00:00,Surgical Ward,Surgical & Post-Op Ward,80,72,8,0.9,90.0,1,1,0,RED,3,4,0
2026-05-22 03:00:00,Pediatrics,Pediatric Ward,40,38,2,0.95,95.0,2,0,2,RED,3,4,0
2026-05-22 04:00:00,Emergency,Emergency Department (ED),50,54,0,1.08,108.0,0,0,0,RED,4,4,0
2026-05-22 04:00:00,ICU,Intensive Care Unit (ICU),30,22,8,0.7333,73.3,0,0,0,GREEN,4,4,0
2026-05-22 04:00:00,General Medicine,General Medicine Ward,120,129,0,1.075,107.5,1,0,1,RED,4,4,0
2026-05-22 04:00:00,Surgical Ward,Surgical & Post-Op Ward,80,72,8,0.9,90.0,0,0,0,RED,4,4,0
2026-05-22 04:00:00,Pediatrics,Pediatric Ward,40,37,3,0.925,92.5,0,1,-1,RED,4,4,0
2026-05-22 05:00:00,Emergency,Emergency Department (ED),50,54,0,1.08,108.0,1,0,1,RED,5,4,0
2026-05-22 05:00:00,ICU,Intensive Care Unit (ICU),30,22,8,0.7333,73.3,0,0,0,GREEN,5,4,0
2026-05-22 05:00:00,General Medicine,General Medicine Ward,120,128,0,1.0667,106.7,0,1,-1,RED,5,4,0
2026-05-22 05:00:00,Surgical Ward,Surgical & Post-Op Ward,80,73,7,0.9125,91.2,4,3,1,RED,5,4,0
2026-05-22 05:00:00,Pediatrics,Pediatric Ward,40,38,2,0.95,95.0,1,0,1,RED,5,4,0
2026-05-22 06:00:00,Emergency,Emergency Department (ED),50,54,0,1.08,108.0,2,0,2,RED,6,4,0
2026-05-22 06:00:00,ICU,Intensive Care Unit (ICU),30,21,9,0.7,70.0,0,1,-1,GREEN,6,4,0
2026-05-22 06:00:00,General Medicine,General Medicine Ward,120,129,0,1.075,107.5,6,3,3,RED,6,4,0
2026-05-22 06:00:00,Surgical Ward,Surgical & Post-Op Ward,80,70,10,0.875,87.5,0,3,-3,AMBER,6,4,0
2026-05-22 06:00:00,Pediatrics,Pediatric Ward,40,38,2,0.95,95.0,0,0,0,RED,6,4,0
2026-05-22 07:00:00,Emergency,Emergency Department (ED),50,53,0,1.06,106.0,2,3,-1,RED,7,4,0
2026-05-22 07:00:00,ICU,Intensive Care Unit (ICU),30,21,9,0.7,70.0,0,0,0,GREEN,7,4,0
2026-05-22 07:00:00,General Medicine,General Medicine Ward,120,129,0,1.075,107.5,4,2,2,RED,7,4,0
2026-05-22 07:00:00,Surgical Ward,Surgical & Post-Op Ward,80,71,9,0.8875,88.8,4,3,1,AMBER,7,4,0
2026-05-22 07:00:00,Pediatrics,Pediatric Ward,40,38,2,0.95,95.0,0,0,0,RED,7,4,0
2026-05-22 08:00:00,Emergency,Emergency Department (ED),50,54,0,1.08,108.0,5,0,5,RED,8,4,0
2026-05-22 08:00:00,ICU,Intensive Care Unit (ICU),30,21,9,0.7,70.0,0,0,0,GREEN,8,4,0
2026-05-22 08:00:00,General Medicine,General Medicine Ward,120,129,0,1.075,107.5,4,3,1,RED,8,4,0
2026-05-22 08:00:00,Surgical Ward,Surgical & Post-Op Ward,80,73,7,0.9125,91.2,5,3,2,RED,8,4,0
2026-05-22 08:00:00,Pediatrics,Pediatric Ward,40,39,1,0.975,97.5,1,0,1,RED,8,4,0
2026-05-22 09:00:00,Emergency,Emergency Department (ED),50,51,0,1.02,102.0,1,4,-3,RED,9,4,0
2026-05-22 09:00:00,ICU,Intensive Care Unit (ICU),30,21,9,0.7,70.0,1,1,0,GREEN,9,4,0
2026-05-22 09:00:00,General Medicine,General Medicine Ward,120,128,0,1.0667,106.7,2,3,-1,RED,9,4,0
2026-05-22 09:00:00,Surgical Ward,Surgical & Post-Op Ward,80,74,6,0.925,92.5,4,3,1,RED,9,4,0
2026-05-22 09:00:00,Pediatrics,Pediatric Ward,40,40,0,1.0,100.0,1,0,1,RED,9,4,0
2026-05-22 10:00:00,Emergency,Emergency Department (ED),50,51,0,1.02,102.0,5,5,0,RED,10,4,0
2026-05-22 10:00:00,ICU,Intensive Care Unit (ICU),30,19,11,0.6333,63.3,1,3,-2,GREEN,10,4,0
2026-05-22 10:00:00,General Medicine,General Medicine Ward,120,127,0,1.0583,105.8,3,4,-1,RED,10,4,0
2026-05-22 10:00:00,Surgical Ward,Surgical & Post-Op Ward,80,71,9,0.8875,88.8,4,7,-3,AMBER,10,4,0
2026-05-22 10:00:00,Pediatrics,Pediatric Ward,40,38,2,0.95,95.0,0,2,-2,RED,10,4,0
2026-05-22 11:00:00,Emergency,Emergency Department (ED),50,51,0,1.02,102.0,0,0,0,RED,11,4,0
2026-05-22 11:00:00,ICU,Intensive Care Unit (ICU),30,19,11,0.6333,63.3,0,0,0,GREEN,11,4,0
2026-05-22 11:00:00,General Medicine,General Medicine Ward,120,129,0,1.075,107.5,6,2,4,RED,11,4,0
2026-05-22 11:00:00,Surgical Ward,Surgical & Post-Op Ward,80,74,6,0.925,92.5,4,1,3,RED,11,4,0
2026-05-22 11:00:00,Pediatrics,Pediatric Ward,40,41,0,1.025,102.5,3,0,3,RED,11,4,0
2026-05-22 12:00:00,Emergency,Emergency Department (ED),50,54,0,1.08,108.0,6,2,4,RED,12,4,0
2026-05-22 12:00:00,ICU,Intensive Care Unit (ICU),30,18,12,0.6,60.0,0,1,-1,GREEN,12,4,0
2026-05-22 12:00:00,General Medicine,General Medicine Ward,120,126,0,1.05,105.0,4,7,-3,RED,12,4,0
2026-05-22 12:00:00,Surgical Ward,Surgical & Post-Op Ward,80,76,4,0.95,95.0,3,1,2,RED,12,4,0
2026-05-22 12:00:00,Pediatrics,Pediatric Ward,40,41,0,1.025,102.5,0,0,0,RED,12,4,0
2026-05-22 13:00:00,Emergency,Emergency Department (ED),50,54,0,1.08,108.0,5,4,1,RED,13,4,0
2026-05-22 13:00:00,ICU,Intensive Care Unit (ICU),30,17,13,0.5667,56.7,0,1,-1,GREEN,13,4,0
2026-05-22 13:00:00,General Medicine,General Medicine Ward,120,126,0,1.05,105.0,5,5,0,RED,13,4,0
2026-05-22 13:00:00,Surgical Ward,Surgical & Post-Op Ward,80,74,6,0.925,92.5,3,5,-2,RED,13,4,0
2026-05-22 13:00:00,Pediatrics,Pediatric Ward,40,41,0,1.025,102.5,1,1,0,RED,13,4,0
2026-05-22 14:00:00,Emergency,Emergency Department (ED),50,50,0,1.0,100.0,1,5,-4,RED,14,4,0
2026-05-22 14:00:00,ICU,Intensive Care Unit (ICU),30,16,14,0.5333,53.3,0,1,-1,GREEN,14,4,0
2026-05-22 14:00:00,General Medicine,General Medicine Ward,120,119,1,0.9917,99.2,1,8,-7,RED,14,4,0
2026-05-22 14:00:00,Surgical Ward,Surgical & Post-Op Ward,80,73,7,0.9125,91.2,1,2,-1,RED,14,4,0
2026-05-22 14:00:00,Pediatrics,Pediatric Ward,40,43,0,1.075,107.5,2,0,2,RED,14,4,0
2026-05-22 15:00:00,Emergency,Emergency Department (ED),50,53,0,1.06,106.0,5,2,3,RED,15,4,0
2026-05-22 15:00:00,ICU,Intensive Care Unit (ICU),30,14,16,0.4667,46.7,0,2,-2,GREEN,15,4,0
2026-05-22 15:00:00,General Medicine,General Medicine Ward,120,129,0,1.075,107.5,10,0,10,RED,15,4,0
2026-05-22 15:00:00,Surgical Ward,Surgical & Post-Op Ward,80,69,11,0.8625,86.2,0,4,-4,AMBER,15,4,0
2026-05-22 15:00:00,Pediatrics,Pediatric Ward,40,42,0,1.05,105.0,0,1,-1,RED,15,4,0
2026-05-22 16:00:00,Emergency,Emergency Department (ED),50,54,0,1.08,108.0,5,3,2,RED,16,4,0
2026-05-22 16:00:00,ICU,Intensive Care Unit (ICU),30,14,16,0.4667,46.7,0,0,0,GREEN,16,4,0
2026-05-22 16:00:00,General Medicine,General Medicine Ward,120,128,0,1.0667,106.7,4,5,-1,RED,16,4,0
2026-05-22 16:00:00,Surgical Ward,Surgical & Post-Op Ward,80,69,11,0.8625,86.2,2,2,0,AMBER,16,4,0
2026-05-22 16:00:00,Pediatrics,Pediatric Ward,40,42,0,1.05,105.0,1,1,0,RED,16,4,0
2026-05-22 17:00:00,Emergency,Emergency Department (ED),50,54,0,1.08,108.0,4,2,2,RED,17,4,0
2026-05-22 17:00:00,ICU,Intensive Care Unit (ICU),30,13,17,0.4333,43.3,0,1,-1,GREEN,17,4,0
2026-05-22 17:00:00,General Medicine,General Medicine Ward,120,129,0,1.075,107.5,9,3,6,RED,17,4,0
2026-05-22 17:00:00,Surgical Ward,Surgical & Post-Op Ward,80,70,10,0.875,87.5,4,3,1,AMBER,17,4,0
2026-05-22 17:00:00,Pediatrics,Pediatric Ward,40,43,0,1.075,107.5,3,1,2,RED,17,4,0
2026-05-22 18:00:00,Emergency,Emergency Department (ED),50,54,0,1.08,108.0,5,4,1,RED,18,4,0
2026-05-22 18:00:00,ICU,Intensive Care Unit (ICU),30,14,16,0.4667,46.7,1,0,1,GREEN,18,4,0
2026-05-22 18:00:00,General Medicine,General Medicine Ward,120,129,0,1.075,107.5,4,0,4,RED,18,4,0
2026-05-22 18:00:00,Surgical Ward,Surgical & Post-Op Ward,80,70,10,0.875,87.5,2,2,0,AMBER,18,4,0
2026-05-22 18:00:00,Pediatrics,Pediatric Ward,40,43,0,1.075,107.5,4,1,3,RED,18,4,0
2026-05-22 19:00:00,Emergency,Emergency Department (ED),50,54,0,1.08,108.0,7,2,5,RED,19,4,0
2026-05-22 19:00:00,ICU,Intensive Care Unit (ICU),30,14,16,0.4667,46.7,0,0,0,GREEN,19,4,0
2026-05-22 19:00:00,General Medicine,General Medicine Ward,120,129,0,1.075,107.5,2,0,2,RED,19,4,0
2026-05-22 19:00:00,Surgical Ward,Surgical & Post-Op Ward,80,72,8,0.9,90.0,4,2,2,RED,19,4,0
2026-05-22 19:00:00,Pediatrics,Pediatric Ward,40,43,0,1.075,107.5,2,1,1,RED,19,4,0
2026-05-22 20:00:00,Emergency,Emergency Department (ED),50,54,0,1.08,108.0,7,4,3,RED,20,4,0
2026-05-22 20:00:00,ICU,Intensive Care Unit (ICU),30,14,16,0.4667,46.7,0,0,0,GREEN,20,4,0
2026-05-22 20:00:00,General Medicine,General Medicine Ward,120,129,0,1.075,107.5,3,0,3,RED,20,4,0
2026-05-22 20:00:00,Surgical Ward,Surgical & Post-Op Ward,80,72,8,0.9,90.0,4,4,0,RED,20,4,0
2026-05-22 20:00:00,Pediatrics,Pediatric Ward,40,43,0,1.075,107.5,1,0,1,RED,20,4,0
2026-05-22 21:00:00,Emergency,Emergency Department (ED),50,54,0,1.08,108.0,7,0,7,RED,21,4,0
2026-05-22 21:00:00,ICU,Intensive Care Unit (ICU),30,15,15,0.5,50.0,1,0,1,GREEN,21,4,0
2026-05-22 21:00:00,General Medicine,General Medicine Ward,120,126,0,1.05,105.0,3,6,-3,RED,21,4,0
2026-05-22 21:00:00,Surgical Ward,Surgical & Post-Op Ward,80,75,5,0.9375,93.8,4,1,3,RED,21,4,0
2026-05-22 21:00:00,Pediatrics,Pediatric Ward,40,43,0,1.075,107.5,1,0,1,RED,21,4,0
2026-05-22 22:00:00,Emergency,Emergency Department (ED),50,54,0,1.08,108.0,4,0,4,RED,22,4,0
2026-05-22 22:00:00,ICU,Intensive Care Unit (ICU),30,16,14,0.5333,53.3,2,1,1,GREEN,22,4,0
2026-05-22 22:00:00,General Medicine,General Medicine Ward,120,129,0,1.075,107.5,6,1,5,RED,22,4,0
2026-05-22 22:00:00,Surgical Ward,Surgical & Post-Op Ward,80,76,4,0.95,95.0,6,5,1,RED,22,4,0
2026-05-22 22:00:00,Pediatrics,Pediatric Ward,40,43,0,1.075,107.5,1,0,1,RED,22,4,0
2026-05-22 23:00:00,Emergency,Emergency Department (ED),50,53,0,1.06,106.0,2,3,-1,RED,23,4,0
2026-05-22 23:00:00,ICU,Intensive Care Unit (ICU),30,16,14,0.5333,53.3,0,0,0,GREEN,23,4,0
2026-05-22 23:00:00,General Medicine,General Medicine Ward,120,129,0,1.075,107.5,6,0,6,RED,23,4,0
2026-05-22 23:00:00,Surgical Ward,Surgical & Post-Op Ward,80,78,2,0.975,97.5,6,4,2,RED,23,4,0
2026-05-22 23:00:00,Pediatrics,Pediatric Ward,40,43,0,1.075,107.5,0,0,0,RED,23,4,0
2026-05-23 00:00:00,Emergency,Emergency Department (ED),50,54,0,1.08,108.0,3,1,2,RED,0,5,1
2026-05-23 00:00:00,ICU,Intensive Care Unit (ICU),30,16,14,0.5333,53.3,0,0,0,GREEN,0,5,1
2026-05-23 00:00:00,General Medicine,General Medicine Ward,120,125,0,1.0417,104.2,2,6,-4,RED,0,5,1
2026-05-23 00:00:00,Surgical Ward,Surgical & Post-Op Ward,80,78,2,0.975,97.5,0,0,0,RED,0,5,1
2026-05-23 00:00:00,Pediatrics,Pediatric Ward,40,42,0,1.05,105.0,0,1,-1,RED,0,5,1
2026-05-23 01:00:00,Emergency,Emergency Department (ED),50,51,0,1.02,102.0,3,6,-3,RED,1,5,1
2026-05-23 01:00:00,ICU,Intensive Care Unit (ICU),30,17,13,0.5667,56.7,1,0,1,GREEN,1,5,1
2026-05-23 01:00:00,General Medicine,General Medicine Ward,120,126,0,1.05,105.0,1,0,1,RED,1,5,1
2026-05-23 01:00:00,Surgical Ward,Surgical & Post-Op Ward,80,78,2,0.975,97.5,0,0,0,RED,1,5,1
2026-05-23 01:00:00,Pediatrics,Pediatric Ward,40,42,0,1.05,105.0,1,1,0,RED,1,5,1
2026-05-23 02:00:00,Emergency,Emergency Department (ED),50,52,0,1.04,104.0,1,0,1,RED,2,5,1
2026-05-23 02:00:00,ICU,Intensive Care Unit (ICU),30,16,14,0.5333,53.3,1,2,-1,GREEN,2,5,1
2026-05-23 02:00:00,General Medicine,General Medicine Ward,120,124,0,1.0333,103.3,0,2,-2,RED,2,5,1
2026-05-23 02:00:00,Surgical Ward,Surgical & Post-Op Ward,80,78,2,0.975,97.5,0,0,0,RED,2,5,1
2026-05-23 02:00:00,Pediatrics,Pediatric Ward,40,43,0,1.075,107.5,2,0,2,RED,2,5,1
2026-05-23 03:00:00,Emergency,Emergency Department (ED),50,54,0,1.08,108.0,3,1,2,RED,3,5,1
2026-05-23 03:00:00,ICU,Intensive Care Unit (ICU),30,16,14,0.5333,53.3,0,0,0,GREEN,3,5,1
2026-05-23 03:00:00,General Medicine,General Medicine Ward,120,124,0,1.0333,103.3,0,0,0,RED,3,5,1
2026-05-23 03:00:00,Surgical Ward,Surgical & Post-Op Ward,80,78,2,0.975,97.5,0,0,0,RED,3,5,1
2026-05-23 03:00:00,Pediatrics,Pediatric Ward,40,43,0,1.075,107.5,1,0,1,RED,3,5,1
2026-05-23 04:00:00,Emergency,Emergency Department (ED),50,54,0,1.08,108.0,1,0,1,RED,4,5,1
2026-05-23 04:00:00,ICU,Intensive Care Unit (ICU),30,16,14,0.5333,53.3,0,0,0,GREEN,4,5,1
2026-05-23 04:00:00,General Medicine,General Medicine Ward,120,124,0,1.0333,103.3,0,0,0,RED,4,5,1
2026-05-23 04:00:00,Surgical Ward,Surgical & Post-Op Ward,80,78,2,0.975,97.5,0,0,0,RED,4,5,1
2026-05-23 04:00:00,Pediatrics,Pediatric Ward,40,43,0,1.075,107.5,0,0,0,RED,4,5,1
2026-05-23 05:00:00,Emergency,Emergency Department (ED),50,54,0,1.08,108.0,1,0,1,RED,5,5,1
2026-05-23 05:00:00,ICU,Intensive Care Unit (ICU),30,16,14,0.5333,53.3,0,0,0,GREEN,5,5,1
2026-05-23 05:00:00,General Medicine,General Medicine Ward,120,124,0,1.0333,103.3,0,0,0,RED,5,5,1
2026-05-23 05:00:00,Surgical Ward,Surgical & Post-Op Ward,80,76,4,0.95,95.0,1,3,-2,RED,5,5,1
2026-05-23 05:00:00,Pediatrics,Pediatric Ward,40,43,0,1.075,107.5,0,0,0,RED,5,5,1
2026-05-23 06:00:00,Emergency,Emergency Department (ED),50,54,0,1.08,108.0,2,0,2,RED,6,5,1
2026-05-23 06:00:00,ICU,Intensive Care Unit (ICU),30,15,15,0.5,50.0,0,1,-1,GREEN,6,5,1
2026-05-23 06:00:00,General Medicine,General Medicine Ward,120,123,0,1.025,102.5,3,4,-1,RED,6,5,1
2026-05-23 06:00:00,Surgical Ward,Surgical & Post-Op Ward,80,75,5,0.9375,93.8,1,2,-1,RED,6,5,1
2026-05-23 06:00:00,Pediatrics,Pediatric Ward,40,42,0,1.05,105.0,0,1,-1,RED,6,5,1
2026-05-23 07:00:00,Emergency,Emergency Department (ED),50,54,0,1.08,108.0,6,2,4,RED,7,5,1
2026-05-23 07:00:00,ICU,Intensive Care Unit (ICU),30,15,15,0.5,50.0,0,0,0,GREEN,7,5,1
2026-05-23 07:00:00,General Medicine,General Medicine Ward,120,126,0,1.05,105.0,4,1,3,RED,7,5,1
2026-05-23 07:00:00,Surgical Ward,Surgical & Post-Op Ward,80,77,3,0.9625,96.2,2,0,2,RED,7,5,1
2026-05-23 07:00:00,Pediatrics,Pediatric Ward,40,41,0,1.025,102.5,0,1,-1,RED,7,5,1
2026-05-23 08:00:00,Emergency,Emergency Department (ED),50,54,0,1.08,108.0,4,3,1,RED,8,5,1
2026-05-23 08:00:00,ICU,Intensive Care Unit (ICU),30,16,14,0.5333,53.3,1,0,1,GREEN,8,5,1
2026-05-23 08:00:00,General Medicine,General Medicine Ward,120,128,0,1.0667,106.7,3,1,2,RED,8,5,1
2026-05-23 08:00:00,Surgical Ward,Surgical & Post-Op Ward,80,77,3,0.9625,96.2,3,3,0,RED,8,5,1
2026-05-23 08:00:00,Pediatrics,Pediatric Ward,40,42,0,1.05,105.0,2,1,1,RED,8,5,1
2026-05-23 09:00:00,Emergency,Emergency Department (ED),50,54,0,1.08,108.0,2,2,0,RED,9,5,1
2026-05-23 09:00:00,ICU,Intensive Care Unit (ICU),30,17,13,0.5667,56.7,1,0,1,GREEN,9,5,1
2026-05-23 09:00:00,General Medicine,General Medicine Ward,120,129,0,1.075,107.5,3,0,3,RED,9,5,1
2026-05-23 09:00:00,Surgical Ward,Surgical & Post-Op Ward,80,77,3,0.9625,96.2,2,2,0,RED,9,5,1
2026-05-23 09:00:00,Pediatrics,Pediatric Ward,40,41,0,1.025,102.5,0,1,-1,RED,9,5,1
2026-05-23 10:00:00,Emergency,Emergency Department (ED),50,49,1,0.98,98.0,0,5,-5,RED,10,5,1
2026-05-23 10:00:00,ICU,Intensive Care Unit (ICU),30,18,12,0.6,60.0,1,0,1,GREEN,10,5,1
2026-05-23 10:00:00,General Medicine,General Medicine Ward,120,128,0,1.0667,106.7,1,2,-1,RED,10,5,1
2026-05-23 10:00:00,Surgical Ward,Surgical & Post-Op Ward,80,78,2,0.975,97.5,1,0,1,RED,10,5,1
2026-05-23 10:00:00,Pediatrics,Pediatric Ward,40,41,0,1.025,102.5,2,2,0,RED,10,5,1
2026-05-23 11:00:00,Emergency,Emergency Department (ED),50,49,1,0.98,98.0,3,3,0,RED,11,5,1
2026-05-23 11:00:00,ICU,Intensive Care Unit (ICU),30,18,12,0.6,60.0,1,1,0,GREEN,11,5,1
2026-05-23 11:00:00,General Medicine,General Medicine Ward,120,129,0,1.075,107.5,5,4,1,RED,11,5,1
2026-05-23 11:00:00,Surgical Ward,Surgical & Post-Op Ward,80,75,5,0.9375,93.8,0,3,-3,RED,11,5,1
2026-05-23 11:00:00,Pediatrics,Pediatric Ward,40,39,1,0.975,97.5,2,4,-2,RED,11,5,1
2026-05-23 12:00:00,Emergency,Emergency Department (ED),50,51,0,1.02,102.0,3,1,2,RED,12,5,1
2026-05-23 12:00:00,ICU,Intensive Care Unit (ICU),30,18,12,0.6,60.0,0,0,0,GREEN,12,5,1
2026-05-23 12:00:00,General Medicine,General Medicine Ward,120,129,0,1.075,107.5,3,1,2,RED,12,5,1
2026-05-23 12:00:00,Surgical Ward,Surgical & Post-Op Ward,80,75,5,0.9375,93.8,0,0,0,RED,12,5,1
2026-05-23 12:00:00,Pediatrics,Pediatric Ward,40,37,3,0.925,92.5,0,2,-2,RED,12,5,1
2026-05-23 13:00:00,Emergency,Emergency Department (ED),50,52,0,1.04,104.0,1,0,1,RED,13,5,1
2026-05-23 13:00:00,ICU,Intensive Care Unit (ICU),30,19,11,0.6333,63.3,1,0,1,GREEN,13,5,1
2026-05-23 13:00:00,General Medicine,General Medicine Ward,120,127,0,1.0583,105.8,5,7,-2,RED,13,5,1
2026-05-23 13:00:00,Surgical Ward,Surgical & Post-Op Ward,80,76,4,0.95,95.0,1,0,1,RED,13,5,1
2026-05-23 13:00:00,Pediatrics,Pediatric Ward,40,36,4,0.9,90.0,1,2,-1,RED,13,5,1
2026-05-23 14:00:00,Emergency,Emergency Department (ED),50,53,0,1.06,106.0,2,1,1,RED,14,5,1
2026-05-23 14:00:00,ICU,Intensive Care Unit (ICU),30,21,9,0.7,70.0,2,0,2,GREEN,14,5,1
2026-05-23 14:00:00,General Medicine,General Medicine Ward,120,125,0,1.0417,104.2,3,5,-2,RED,14,5,1
2026-05-23 14:00:00,Surgical Ward,Surgical & Post-Op Ward,80,74,6,0.925,92.5,2,4,-2,RED,14,5,1
2026-05-23 14:00:00,Pediatrics,Pediatric Ward,40,35,5,0.875,87.5,1,2,-1,AMBER,14,5,1
2026-05-23 15:00:00,Emergency,Emergency Department (ED),50,54,0,1.08,108.0,10,5,5,RED,15,5,1
2026-05-23 15:00:00,ICU,Intensive Care Unit (ICU),30,22,8,0.7333,73.3,1,0,1,GREEN,15,5,1
2026-05-23 15:00:00,General Medicine,General Medicine Ward,120,129,0,1.075,107.5,12,1,11,RED,15,5,1
2026-05-23 15:00:00,Surgical Ward,Surgical & Post-Op Ward,80,73,7,0.9125,91.2,0,1,-1,RED,15,5,1
2026-05-23 15:00:00,Pediatrics,Pediatric Ward,40,36,4,0.9,90.0,3,2,1,RED,15,5,1
2026-05-23 16:00:00,Emergency,Emergency Department (ED),50,53,0,1.06,106.0,2,3,-1,RED,16,5,1
2026-05-23 16:00:00,ICU,Intensive Care Unit (ICU),30,23,7,0.7667,76.7,1,0,1,GREEN,16,5,1
2026-05-23 16:00:00,General Medicine,General Medicine Ward,120,129,0,1.075,107.5,1,1,0,RED,16,5,1
2026-05-23 16:00:00,Surgical Ward,Surgical & Post-Op Ward,80,71,9,0.8875,88.8,0,2,-2,AMBER,16,5,1
2026-05-23 16:00:00,Pediatrics,Pediatric Ward,40,36,4,0.9,90.0,1,1,0,RED,16,5,1
2026-05-23 17:00:00,Emergency,Emergency Department (ED),50,54,0,1.08,108.0,3,0,3,RED,17,5,1
2026-05-23 17:00:00,ICU,Intensive Care Unit (ICU),30,22,8,0.7333,73.3,0,1,-1,GREEN,17,5,1
2026-05-23 17:00:00,General Medicine,General Medicine Ward,120,125,0,1.0417,104.2,3,7,-4,RED,17,5,1
2026-05-23 17:00:00,Surgical Ward,Surgical & Post-Op Ward,80,72,8,0.9,90.0,1,0,1,RED,17,5,1
2026-05-23 17:00:00,Pediatrics,Pediatric Ward,40,36,4,0.9,90.0,1,1,0,RED,17,5,1
2026-05-23 18:00:00,Emergency,Emergency Department (ED),50,50,0,1.0,100.0,2,6,-4,RED,18,5,1
2026-05-23 18:00:00,ICU,Intensive Care Unit (ICU),30,21,9,0.7,70.0,0,1,-1,GREEN,18,5,1
2026-05-23 18:00:00,General Medicine,General Medicine Ward,120,127,0,1.0583,105.8,5,3,2,RED,18,5,1
2026-05-23 18:00:00,Surgical Ward,Surgical & Post-Op Ward,80,71,9,0.8875,88.8,0,1,-1,AMBER,18,5,1
2026-05-23 18:00:00,Pediatrics,Pediatric Ward,40,36,4,0.9,90.0,2,2,0,RED,18,5,1
2026-05-23 19:00:00,Emergency,Emergency Department (ED),50,54,0,1.08,108.0,5,0,5,RED,19,5,1
2026-05-23 19:00:00,ICU,Intensive Care Unit (ICU),30,21,9,0.7,70.0,0,0,0,GREEN,19,5,1
2026-05-23 19:00:00,General Medicine,General Medicine Ward,120,125,0,1.0417,104.2,0,2,-2,RED,19,5,1
2026-05-23 19:00:00,Surgical Ward,Surgical & Post-Op Ward,80,68,12,0.85,85.0,0,3,-3,AMBER,19,5,1
2026-05-23 19:00:00,Pediatrics,Pediatric Ward,40,37,3,0.925,92.5,4,3,1,RED,19,5,1
2026-05-23 20:00:00,Emergency,Emergency Department (ED),50,54,0,1.08,108.0,4,1,3,RED,20,5,1
2026-05-23 20:00:00,ICU,Intensive Care Unit (ICU),30,22,8,0.7333,73.3,2,1,1,GREEN,20,5,1
2026-05-23 20:00:00,General Medicine,General Medicine Ward,120,124,0,1.0333,103.3,2,3,-1,RED,20,5,1
2026-05-23 20:00:00,Surgical Ward,Surgical & Post-Op Ward,80,69,11,0.8625,86.2,3,2,1,AMBER,20,5,1
2026-05-23 20:00:00,Pediatrics,Pediatric Ward,40,37,3,0.925,92.5,1,1,0,RED,20,5,1
2026-05-23 21:00:00,Emergency,Emergency Department (ED),50,54,0,1.08,108.0,6,1,5,RED,21,5,1
2026-05-23 21:00:00,ICU,Intensive Care Unit (ICU),30,22,8,0.7333,73.3,0,0,0,GREEN,21,5,1
2026-05-23 21:00:00,General Medicine,General Medicine Ward,120,119,1,0.9917,99.2,2,7,-5,RED,21,5,1
2026-05-23 21:00:00,Surgical Ward,Surgical & Post-Op Ward,80,68,12,0.85,85.0,1,2,-1,AMBER,21,5,1
2026-05-23 21:00:00,Pediatrics,Pediatric Ward,40,37,3,0.925,92.5,0,0,0,RED,21,5,1
2026-05-23 22:00:00,Emergency,Emergency Department (ED),50,54,0,1.08,108.0,8,1,7,RED,22,5,1
2026-05-23 22:00:00,ICU,Intensive Care Unit (ICU),30,24,6,0.8,80.0,2,0,2,AMBER,22,5,1
2026-05-23 22:00:00,General Medicine,General Medicine Ward,120,115,5,0.9583,95.8,2,6,-4,RED,22,5,1
2026-05-23 22:00:00,Surgical Ward,Surgical & Post-Op Ward,80,64,16,0.8,80.0,0,4,-4,AMBER,22,5,1
2026-05-23 22:00:00,Pediatrics,Pediatric Ward,40,36,4,0.9,90.0,0,1,-1,RED,22,5,1
2026-05-23 23:00:00,Emergency,Emergency Department (ED),50,53,0,1.06,106.0,3,4,-1,RED,23,5,1
2026-05-23 23:00:00,ICU,Intensive Care Unit (ICU),30,24,6,0.8,80.0,0,0,0,AMBER,23,5,1
2026-05-23 23:00:00,General Medicine,General Medicine Ward,120,114,6,0.95,95.0,2,3,-1,RED,23,5,1
2026-05-23 23:00:00,Surgical Ward,Surgical & Post-Op Ward,80,63,17,0.7875,78.8,0,1,-1,AMBER,23,5,1
2026-05-23 23:00:00,Pediatrics,Pediatric Ward,40,36,4,0.9,90.0,0,0,0,RED,23,5,1
2026-05-24 00:00:00,Emergency,Emergency Department (ED),50,52,0,1.04,104.0,2,3,-1,RED,0,6,1
2026-05-24 00:00:00,ICU,Intensive Care Unit (ICU),30,24,6,0.8,80.0,1,1,0,AMBER,0,6,1
2026-05-24 00:00:00,General Medicine,General Medicine Ward,120,114,6,0.95,95.0,2,2,0,RED,0,6,1
2026-05-24 00:00:00,Surgical Ward,Surgical & Post-Op Ward,80,63,17,0.7875,78.8,0,0,0,AMBER,0,6,1
2026-05-24 00:00:00,Pediatrics,Pediatric Ward,40,37,3,0.925,92.5,1,0,1,RED,0,6,1
2026-05-24 01:00:00,Emergency,Emergency Department (ED),50,54,0,1.08,108.0,4,1,3,RED,1,6,1
2026-05-24 01:00:00,ICU,Intensive Care Unit (ICU),30,24,6,0.8,80.0,0,0,0,AMBER,1,6,1
2026-05-24 01:00:00,General Medicine,General Medicine Ward,120,116,4,0.9667,96.7,2,0,2,RED,1,6,1
2026-05-24 01:00:00,Surgical Ward,Surgical & Post-Op Ward,80,64,16,0.8,80.0,1,0,1,AMBER,1,6,1
2026-05-24 01:00:00,Pediatrics,Pediatric Ward,40,37,3,0.925,92.5,0,0,0,RED,1,6,1
2026-05-24 02:00:00,Emergency,Emergency Department (ED),50,54,0,1.08,108.0,2,0,2,RED,2,6,1
2026-05-24 02:00:00,ICU,Intensive Care Unit (ICU),30,24,6,0.8,80.0,0,0,0,AMBER,2,6,1
2026-05-24 02:00:00,General Medicine,General Medicine Ward,120,116,4,0.9667,96.7,0,0,0,RED,2,6,1
2026-05-24 02:00:00,Surgical Ward,Surgical & Post-Op Ward,80,64,16,0.8,80.0,0,0,0,AMBER,2,6,1
2026-05-24 02:00:00,Pediatrics,Pediatric Ward,40,37,3,0.925,92.5,0,0,0,RED,2,6,1
2026-05-24 03:00:00,Emergency,Emergency Department (ED),50,53,0,1.06,106.0,0,1,-1,RED,3,6,1
2026-05-24 03:00:00,ICU,Intensive Care Unit (ICU),30,24,6,0.8,80.0,0,0,0,AMBER,3,6,1
2026-05-24 03:00:00,General Medicine,General Medicine Ward,120,118,2,0.9833,98.3,2,0,2,RED,3,6,1
2026-05-24 03:00:00,Surgical Ward,Surgical & Post-Op Ward,80,64,16,0.8,80.0,0,0,0,AMBER,3,6,1
2026-05-24 03:00:00,Pediatrics,Pediatric Ward,40,37,3,0.925,92.5,0,0,0,RED,3,6,1
2026-05-24 04:00:00,Emergency,Emergency Department (ED),50,54,0,1.08,108.0,1,0,1,RED,4,6,1
2026-05-24 04:00:00,ICU,Intensive Care Unit (ICU),30,25,5,0.8333,83.3,1,0,1,AMBER,4,6,1
2026-05-24 04:00:00,General Medicine,General Medicine Ward,120,122,0,1.0167,101.7,4,0,4,RED,4,6,1
2026-05-24 04:00:00,Surgical Ward,Surgical & Post-Op Ward,80,64,16,0.8,80.0,0,0,0,AMBER,4,6,1
2026-05-24 04:00:00,Pediatrics,Pediatric Ward,40,38,2,0.95,95.0,1,0,1,RED,4,6,1
2026-05-24 05:00:00,Emergency,Emergency Department (ED),50,54,0,1.08,108.0,2,0,2,RED,5,6,1
2026-05-24 05:00:00,ICU,Intensive Care Unit (ICU),30,25,5,0.8333,83.3,0,0,0,AMBER,5,6,1
2026-05-24 05:00:00,General Medicine,General Medicine Ward,120,124,0,1.0333,103.3,3,1,2,RED,5,6,1
2026-05-24 05:00:00,Surgical Ward,Surgical & Post-Op Ward,80,61,19,0.7625,76.2,0,3,-3,AMBER,5,6,1
2026-05-24 05:00:00,Pediatrics,Pediatric Ward,40,39,1,0.975,97.5,1,0,1,RED,5,6,1
2026-05-24 06:00:00,Emergency,Emergency Department (ED),50,54,0,1.08,108.0,0,0,0,RED,6,6,1
2026-05-24 06:00:00,ICU,Intensive Care Unit (ICU),30,26,4,0.8667,86.7,1,0,1,AMBER,6,6,1
2026-05-24 06:00:00,General Medicine,General Medicine Ward,120,127,0,1.0583,105.8,4,1,3,RED,6,6,1
2026-05-24 06:00:00,Surgical Ward,Surgical & Post-Op Ward,80,57,23,0.7125,71.2,1,5,-4,GREEN,6,6,1
2026-05-24 06:00:00,Pediatrics,Pediatric Ward,40,39,1,0.975,97.5,2,2,0,RED,6,6,1
2026-05-24 07:00:00,Emergency,Emergency Department (ED),50,53,0,1.06,106.0,3,4,-1,RED,7,6,1
2026-05-24 07:00:00,ICU,Intensive Care Unit (ICU),30,28,2,0.9333,93.3,2,0,2,RED,7,6,1
2026-05-24 07:00:00,General Medicine,General Medicine Ward,120,129,0,1.075,107.5,5,1,4,RED,7,6,1
2026-05-24 07:00:00,Surgical Ward,Surgical & Post-Op Ward,80,55,25,0.6875,68.8,1,3,-2,GREEN,7,6,1
2026-05-24 07:00:00,Pediatrics,Pediatric Ward,40,37,3,0.925,92.5,0,2,-2,RED,7,6,1
2026-05-24 08:00:00,Emergency,Emergency Department (ED),50,54,0,1.08,108.0,2,1,1,RED,8,6,1
2026-05-24 08:00:00,ICU,Intensive Care Unit (ICU),30,26,4,0.8667,86.7,0,2,-2,AMBER,8,6,1
2026-05-24 08:00:00,General Medicine,General Medicine Ward,120,127,0,1.0583,105.8,3,5,-2,RED,8,6,1
2026-05-24 08:00:00,Surgical Ward,Surgical & Post-Op Ward,80,53,27,0.6625,66.2,0,2,-2,GREEN,8,6,1
2026-05-24 08:00:00,Pediatrics,Pediatric Ward,40,37,3,0.925,92.5,0,0,0,RED,8,6,1
2026-05-24 09:00:00,Emergency,Emergency Department (ED),50,54,0,1.08,108.0,5,2,3,RED,9,6,1
2026-05-24 09:00:00,ICU,Intensive Care Unit (ICU),30,28,2,0.9333,93.3,2,0,2,RED,9,6,1
2026-05-24 09:00:00,General Medicine,General Medicine Ward,120,124,0,1.0333,103.3,2,5,-3,RED,9,6,1
2026-05-24 09:00:00,Surgical Ward,Surgical & Post-Op Ward,80,53,27,0.6625,66.2,0,0,0,GREEN,9,6,1
2026-05-24 09:00:00,Pediatrics,Pediatric Ward,40,39,1,0.975,97.5,3,1,2,RED,9,6,1
2026-05-24 10:00:00,Emergency,Emergency Department (ED),50,50,0,1.0,100.0,0,4,-4,RED,10,6,1
2026-05-24 10:00:00,ICU,Intensive Care Unit (ICU),30,26,4,0.8667,86.7,0,2,-2,AMBER,10,6,1
2026-05-24 10:00:00,General Medicine,General Medicine Ward,120,122,0,1.0167,101.7,1,3,-2,RED,10,6,1
2026-05-24 10:00:00,Surgical Ward,Surgical & Post-Op Ward,80,52,28,0.65,65.0,0,1,-1,GREEN,10,6,1
2026-05-24 10:00:00,Pediatrics,Pediatric Ward,40,40,0,1.0,100.0,1,0,1,RED,10,6,1
2026-05-24 11:00:00,Emergency,Emergency Department (ED),50,51,0,1.02,102.0,1,0,1,RED,11,6,1
2026-05-24 11:00:00,ICU,Intensive Care Unit (ICU),30,26,4,0.8667,86.7,0,0,0,AMBER,11,6,1
2026-05-24 11:00:00,General Medicine,General Medicine Ward,120,121,0,1.0083,100.8,2,3,-1,RED,11,6,1
2026-05-24 11:00:00,Surgical Ward,Surgical & Post-Op Ward,80,48,32,0.6,60.0,0,4,-4,GREEN,11,6,1
2026-05-24 11:00:00,Pediatrics,Pediatric Ward,40,41,0,1.025,102.5,2,1,1,RED,11,6,1
2026-05-24 12:00:00,Emergency,Emergency Department (ED),50,47,3,0.94,94.0,3,7,-4,RED,12,6,1
2026-05-24 12:00:00,ICU,Intensive Care Unit (ICU),30,26,4,0.8667,86.7,1,1,0,AMBER,12,6,1
2026-05-24 12:00:00,General Medicine,General Medicine Ward,120,118,2,0.9833,98.3,0,3,-3,RED,12,6,1
2026-05-24 12:00:00,Surgical Ward,Surgical & Post-Op Ward,80,46,34,0.575,57.5,0,2,-2,GREEN,12,6,1
2026-05-24 12:00:00,Pediatrics,Pediatric Ward,40,43,0,1.075,107.5,2,0,2,RED,12,6,1
2026-05-24 13:00:00,Emergency,Emergency Department (ED),50,50,0,1.0,100.0,5,2,3,RED,13,6,1
2026-05-24 13:00:00,ICU,Intensive Care Unit (ICU),30,27,3,0.9,90.0,1,0,1,RED,13,6,1
2026-05-24 13:00:00,General Medicine,General Medicine Ward,120,116,4,0.9667,96.7,4,6,-2,RED,13,6,1
2026-05-24 13:00:00,Surgical Ward,Surgical & Post-Op Ward,80,45,35,0.5625,56.2,1,2,-1,GREEN,13,6,1
2026-05-24 13:00:00,Pediatrics,Pediatric Ward,40,43,0,1.075,107.5,4,1,3,RED,13,6,1
2026-05-24 14:00:00,Emergency,Emergency Department (ED),50,53,0,1.06,106.0,3,0,3,RED,14,6,1
2026-05-24 14:00:00,ICU,Intensive Care Unit (ICU),30,30,0,1.0,100.0,3,0,3,RED,14,6,1
2026-05-24 14:00:00,General Medicine,General Medicine Ward,120,109,11,0.9083,90.8,2,9,-7,RED,14,6,1
2026-05-24 14:00:00,Surgical Ward,Surgical & Post-Op Ward,80,44,36,0.55,55.0,3,4,-1,GREEN,14,6,1
2026-05-24 14:00:00,Pediatrics,Pediatric Ward,40,41,0,1.025,102.5,0,2,-2,RED,14,6,1
2026-05-24 15:00:00,Emergency,Emergency Department (ED),50,54,0,1.08,108.0,4,0,4,RED,15,6,1
2026-05-24 15:00:00,ICU,Intensive Care Unit (ICU),30,31,0,1.0333,103.3,1,0,1,RED,15,6,1
2026-05-24 15:00:00,General Medicine,General Medicine Ward,120,110,10,0.9167,91.7,5,4,1,RED,15,6,1
2026-05-24 15:00:00,Surgical Ward,Surgical & Post-Op Ward,80,44,36,0.55,55.0,3,3,0,GREEN,15,6,1
2026-05-24 15:00:00,Pediatrics,Pediatric Ward,40,41,0,1.025,102.5,0,0,0,RED,15,6,1
2026-05-24 16:00:00,Emergency,Emergency Department (ED),50,54,0,1.08,108.0,5,3,2,RED,16,6,1
2026-05-24 16:00:00,ICU,Intensive Care Unit (ICU),30,32,0,1.0667,106.7,1,0,1,RED,16,6,1
2026-05-24 16:00:00,General Medicine,General Medicine Ward,120,108,12,0.9,90.0,3,5,-2,RED,16,6,1
2026-05-24 16:00:00,Surgical Ward,Surgical & Post-Op Ward,80,41,39,0.5125,51.2,2,5,-3,GREEN,16,6,1
2026-05-24 16:00:00,Pediatrics,Pediatric Ward,40,40,0,1.0,100.0,1,2,-1,RED,16,6,1
2026-05-24 17:00:00,Emergency,Emergency Department (ED),50,54,0,1.08,108.0,9,4,5,RED,17,6,1
2026-05-24 17:00:00,ICU,Intensive Care Unit (ICU),30,32,0,1.0667,106.7,1,1,0,RED,17,6,1
2026-05-24 17:00:00,General Medicine,General Medicine Ward,120,110,10,0.9167,91.7,2,0,2,RED,17,6,1
2026-05-24 17:00:00,Surgical Ward,Surgical & Post-Op Ward,80,42,38,0.525,52.5,2,1,1,GREEN,17,6,1
2026-05-24 17:00:00,Pediatrics,Pediatric Ward,40,42,0,1.05,105.0,2,0,2,RED,17,6,1
2026-05-24 18:00:00,Emergency,Emergency Department (ED),50,54,0,1.08,108.0,4,3,1,RED,18,6,1
2026-05-24 18:00:00,ICU,Intensive Care Unit (ICU),30,32,0,1.0667,106.7,0,0,0,RED,18,6,1
2026-05-24 18:00:00,General Medicine,General Medicine Ward,120,110,10,0.9167,91.7,3,3,0,RED,18,6,1
2026-05-24 18:00:00,Surgical Ward,Surgical & Post-Op Ward,80,39,41,0.4875,48.8,0,3,-3,GREEN,18,6,1
2026-05-24 18:00:00,Pediatrics,Pediatric Ward,40,43,0,1.075,107.5,5,0,5,RED,18,6,1
2026-05-24 19:00:00,Emergency,Emergency Department (ED),50,54,0,1.08,108.0,8,4,4,RED,19,6,1
2026-05-24 19:00:00,ICU,Intensive Care Unit (ICU),30,32,0,1.0667,106.7,0,0,0,RED,19,6,1
2026-05-24 19:00:00,General Medicine,General Medicine Ward,120,108,12,0.9,90.0,2,4,-2,RED,19,6,1
2026-05-24 19:00:00,Surgical Ward,Surgical & Post-Op Ward,80,37,43,0.4625,46.2,1,3,-2,GREEN,19,6,1
2026-05-24 19:00:00,Pediatrics,Pediatric Ward,40,43,0,1.075,107.5,2,0,2,RED,19,6,1
2026-05-24 20:00:00,Emergency,Emergency Department (ED),50,54,0,1.08,108.0,3,0,3,RED,20,6,1
2026-05-24 20:00:00,ICU,Intensive Care Unit (ICU),30,32,0,1.0667,106.7,1,0,1,RED,20,6,1
2026-05-24 20:00:00,General Medicine,General Medicine Ward,120,109,11,0.9083,90.8,3,2,1,RED,20,6,1
2026-05-24 20:00:00,Surgical Ward,Surgical & Post-Op Ward,80,36,44,0.45,45.0,2,3,-1,GREEN,20,6,1
2026-05-24 20:00:00,Pediatrics,Pediatric Ward,40,43,0,1.075,107.5,3,1,2,RED,20,6,1
2026-05-24 21:00:00,Emergency,Emergency Department (ED),50,54,0,1.08,108.0,6,3,3,RED,21,6,1
2026-05-24 21:00:00,ICU,Intensive Care Unit (ICU),30,32,0,1.0667,106.7,1,0,1,RED,21,6,1
2026-05-24 21:00:00,General Medicine,General Medicine Ward,120,108,12,0.9,90.0,5,6,-1,RED,21,6,1
2026-05-24 21:00:00,Surgical Ward,Surgical & Post-Op Ward,80,37,43,0.4625,46.2,3,2,1,GREEN,21,6,1
2026-05-24 21:00:00,Pediatrics,Pediatric Ward,40,43,0,1.075,107.5,2,1,1,RED,21,6,1
2026-05-24 22:00:00,Emergency,Emergency Department (ED),50,54,0,1.08,108.0,5,3,2,RED,22,6,1
2026-05-24 22:00:00,ICU,Intensive Care Unit (ICU),30,32,0,1.0667,106.7,0,0,0,RED,22,6,1
2026-05-24 22:00:00,General Medicine,General Medicine Ward,120,111,9,0.925,92.5,6,3,3,RED,22,6,1
2026-05-24 22:00:00,Surgical Ward,Surgical & Post-Op Ward,80,35,45,0.4375,43.8,1,3,-2,GREEN,22,6,1
2026-05-24 22:00:00,Pediatrics,Pediatric Ward,40,43,0,1.075,107.5,1,1,0,RED,22,6,1
2026-05-24 23:00:00,Emergency,Emergency Department (ED),50,54,0,1.08,108.0,3,0,3,RED,23,6,1
2026-05-24 23:00:00,ICU,Intensive Care Unit (ICU),30,32,0,1.0667,106.7,0,0,0,RED,23,6,1
2026-05-24 23:00:00,General Medicine,General Medicine Ward,120,113,7,0.9417,94.2,3,1,2,RED,23,6,1
2026-05-24 23:00:00,Surgical Ward,Surgical & Post-Op Ward,80,34,46,0.425,42.5,2,3,-1,GREEN,23,6,1
2026-05-24 23:00:00,Pediatrics,Pediatric Ward,40,43,0,1.075,107.5,2,1,1,RED,23,6,1
2026-05-25 00:00:00,Emergency,Emergency Department (ED),50,54,0,1.08,108.0,4,0,4,RED,0,0,0
2026-05-25 00:00:00,ICU,Intensive Care Unit (ICU),30,32,0,1.0667,106.7,0,0,0,RED,0,0,0
2026-05-25 00:00:00,General Medicine,General Medicine Ward,120,115,5,0.9583,95.8,5,3,2,RED,0,0,0
2026-05-25 00:00:00,Surgical Ward,Surgical & Post-Op Ward,80,34,46,0.425,42.5,0,0,0,GREEN,0,0,0
2026-05-25 00:00:00,Pediatrics,Pediatric Ward,40,43,0,1.075,107.5,1,0,1,RED,0,0,0
2026-05-25 01:00:00,Emergency,Emergency Department (ED),50,54,0,1.08,108.0,4,2,2,RED,1,0,0
2026-05-25 01:00:00,ICU,Intensive Care Unit (ICU),30,32,0,1.0667,106.7,2,1,1,RED,1,0,0
2026-05-25 01:00:00,General Medicine,General Medicine Ward,120,117,3,0.975,97.5,2,0,2,RED,1,0,0
2026-05-25 01:00:00,Surgical Ward,Surgical & Post-Op Ward,80,34,46,0.425,42.5,0,0,0,GREEN,1,0,0
2026-05-25 01:00:00,Pediatrics,Pediatric Ward,40,39,1,0.975,97.5,0,4,-4,RED,1,0,0
2026-05-25 02:00:00,Emergency,Emergency Department (ED),50,54,0,1.08,108.0,0,0,0,RED,2,0,0
2026-05-25 02:00:00,ICU,Intensive Care Unit (ICU),30,32,0,1.0667,106.7,0,0,0,RED,2,0,0
2026-05-25 02:00:00,General Medicine,General Medicine Ward,120,117,3,0.975,97.5,0,0,0,RED,2,0,0
2026-05-25 02:00:00,Surgical Ward,Surgical & Post-Op Ward,80,34,46,0.425,42.5,0,0,0,GREEN,2,0,0
2026-05-25 02:00:00,Pediatrics,Pediatric Ward,40,39,1,0.975,97.5,0,0,0,RED,2,0,0
2026-05-25 03:00:00,Emergency,Emergency Department (ED),50,54,0,1.08,108.0,0,0,0,RED,3,0,0
2026-05-25 03:00:00,ICU,Intensive Care Unit (ICU),30,32,0,1.0667,106.7,0,0,0,RED,3,0,0
2026-05-25 03:00:00,General Medicine,General Medicine Ward,120,118,2,0.9833,98.3,1,0,1,RED,3,0,0
2026-05-25 03:00:00,Surgical Ward,Surgical & Post-Op Ward,80,34,46,0.425,42.5,0,0,0,GREEN,3,0,0
2026-05-25 03:00:00,Pediatrics,Pediatric Ward,40,39,1,0.975,97.5,0,0,0,RED,3,0,0
2026-05-25 04:00:00,Emergency,Emergency Department (ED),50,54,0,1.08,108.0,1,0,1,RED,4,0,0
2026-05-25 04:00:00,ICU,Intensive Care Unit (ICU),30,32,0,1.0667,106.7,0,0,0,RED,4,0,0
2026-05-25 04:00:00,General Medicine,General Medicine Ward,120,120,0,1.0,100.0,3,1,2,RED,4,0,0
2026-05-25 04:00:00,Surgical Ward,Surgical & Post-Op Ward,80,35,45,0.4375,43.8,1,0,1,GREEN,4,0,0
2026-05-25 04:00:00,Pediatrics,Pediatric Ward,40,39,1,0.975,97.5,0,0,0,RED,4,0,0
2026-05-25 05:00:00,Emergency,Emergency Department (ED),50,54,0,1.08,108.0,1,0,1,RED,5,0,0
2026-05-25 05:00:00,ICU,Intensive Care Unit (ICU),30,32,0,1.0667,106.7,0,0,0,RED,5,0,0
2026-05-25 05:00:00,General Medicine,General Medicine Ward,120,121,0,1.0083,100.8,1,0,1,RED,5,0,0
2026-05-25 05:00:00,Surgical Ward,Surgical & Post-Op Ward,80,37,43,0.4625,46.2,2,0,2,GREEN,5,0,0
2026-05-25 05:00:00,Pediatrics,Pediatric Ward,40,39,1,0.975,97.5,0,0,0,RED,5,0,0
2026-05-25 06:00:00,Emergency,Emergency Department (ED),50,54,0,1.08,108.0,0,0,0,RED,6,0,0
2026-05-25 06:00:00,ICU,Intensive Care Unit (ICU),30,32,0,1.0667,106.7,0,0,0,RED,6,0,0
2026-05-25 06:00:00,General Medicine,General Medicine Ward,120,123,0,1.025,102.5,7,5,2,RED,6,0,0
2026-05-25 06:00:00,Surgical Ward,Surgical & Post-Op Ward,80,34,46,0.425,42.5,1,4,-3,GREEN,6,0,0
2026-05-25 06:00:00,Pediatrics,Pediatric Ward,40,39,1,0.975,97.5,0,0,0,RED,6,0,0
2026-05-25 07:00:00,Emergency,Emergency Department (ED),50,54,0,1.08,108.0,6,0,6,RED,7,0,0
2026-05-25 07:00:00,ICU,Intensive Care Unit (ICU),30,32,0,1.0667,106.7,1,0,1,RED,7,0,0
2026-05-25 07:00:00,General Medicine,General Medicine Ward,120,124,0,1.0333,103.3,4,3,1,RED,7,0,0
2026-05-25 07:00:00,Surgical Ward,Surgical & Post-Op Ward,80,38,42,0.475,47.5,5,1,4,GREEN,7,0,0
2026-05-25 07:00:00,Pediatrics,Pediatric Ward,40,39,1,0.975,97.5,1,1,0,RED,7,0,0
2026-05-25 08:00:00,Emergency,Emergency Department (ED),50,54,0,1.08,108.0,3,1,2,RED,8,0,0
2026-05-25 08:00:00,ICU,Intensive Care Unit (ICU),30,32,0,1.0667,106.7,0,0,0,RED,8,0,0
2026-05-25 08:00:00,General Medicine,General Medicine Ward,120,129,0,1.075,107.5,6,1,5,RED,8,0,0
2026-05-25 08:00:00,Surgical Ward,Surgical & Post-Op Ward,80,39,41,0.4875,48.8,3,2,1,GREEN,8,0,0
2026-05-25 08:00:00,Pediatrics,Pediatric Ward,40,40,0,1.0,100.0,1,0,1,RED,8,0,0
2026-05-25 09:00:00,Emergency,Emergency Department (ED),50,54,0,1.08,108.0,3,1,2,RED,9,0,0
2026-05-25 09:00:00,ICU,Intensive Care Unit (ICU),30,31,0,1.0333,103.3,0,1,-1,RED,9,0,0
2026-05-25 09:00:00,General Medicine,General Medicine Ward,120,126,0,1.05,105.0,2,5,-3,RED,9,0,0
2026-05-25 09:00:00,Surgical Ward,Surgical & Post-Op Ward,80,43,37,0.5375,53.8,5,1,4,GREEN,9,0,0
2026-05-25 09:00:00,Pediatrics,Pediatric Ward,40,40,0,1.0,100.0,1,1,0,RED,9,0,0
2026-05-25 10:00:00,Emergency,Emergency Department (ED),50,53,0,1.06,106.0,5,6,-1,RED,10,0,0
2026-05-25 10:00:00,ICU,Intensive Care Unit (ICU),30,31,0,1.0333,103.3,0,0,0,RED,10,0,0
2026-05-25 10:00:00,General Medicine,General Medicine Ward,120,127,0,1.0583,105.8,3,2,1,RED,10,0,0
2026-05-25 10:00:00,Surgical Ward,Surgical & Post-Op Ward,80,42,38,0.525,52.5,3,4,-1,GREEN,10,0,0
2026-05-25 10:00:00,Pediatrics,Pediatric Ward,40,41,0,1.025,102.5,2,1,1,RED,10,0,0
2026-05-25 11:00:00,Emergency,Emergency Department (ED),50,51,0,1.02,102.0,2,4,-2,RED,11,0,0
2026-05-25 11:00:00,ICU,Intensive Care Unit (ICU),30,31,0,1.0333,103.3,0,0,0,RED,11,0,0
2026-05-25 11:00:00,General Medicine,General Medicine Ward,120,127,0,1.0583,105.8,4,4,0,RED,11,0,0
2026-05-25 11:00:00,Surgical Ward,Surgical & Post-Op Ward,80,39,41,0.4875,48.8,2,5,-3,GREEN,11,0,0
2026-05-25 11:00:00,Pediatrics,Pediatric Ward,40,42,0,1.05,105.0,3,2,1,RED,11,0,0
2026-05-25 12:00:00,Emergency,Emergency Department (ED),50,50,0,1.0,100.0,4,5,-1,RED,12,0,0
2026-05-25 12:00:00,ICU,Intensive Care Unit (ICU),30,30,0,1.0,100.0,1,2,-1,RED,12,0,0
2026-05-25 12:00:00,General Medicine,General Medicine Ward,120,129,0,1.075,107.5,7,5,2,RED,12,0,0
2026-05-25 12:00:00,Surgical Ward,Surgical & Post-Op Ward,80,38,42,0.475,47.5,3,4,-1,GREEN,12,0,0
2026-05-25 12:00:00,Pediatrics,Pediatric Ward,40,43,0,1.075,107.5,1,0,1,RED,12,0,0
2026-05-25 13:00:00,Emergency,Emergency Department (ED),50,54,0,1.08,108.0,5,0,5,RED,13,0,0
2026-05-25 13:00:00,ICU,Intensive Care Unit (ICU),30,31,0,1.0333,103.3,2,1,1,RED,13,0,0
2026-05-25 13:00:00,General Medicine,General Medicine Ward,120,129,0,1.075,107.5,7,6,1,RED,13,0,0
2026-05-25 13:00:00,Surgical Ward,Surgical & Post-Op Ward,80,43,37,0.5375,53.8,6,1,5,GREEN,13,0,0
2026-05-25 13:00:00,Pediatrics,Pediatric Ward,40,43,0,1.075,107.5,0,0,0,RED,13,0,0
2026-05-25 14:00:00,Emergency,Emergency Department (ED),50,54,0,1.08,108.0,3,2,1,RED,14,0,0
2026-05-25 14:00:00,ICU,Intensive Care Unit (ICU),30,31,0,1.0333,103.3,1,1,0,RED,14,0,0
2026-05-25 14:00:00,General Medicine,General Medicine Ward,120,124,0,1.0333,103.3,4,9,-5,RED,14,0,0
2026-05-25 14:00:00,Surgical Ward,Surgical & Post-Op Ward,80,43,37,0.5375,53.8,1,1,0,GREEN,14,0,0
2026-05-25 14:00:00,Pediatrics,Pediatric Ward,40,43,0,1.075,107.5,2,1,1,RED,14,0,0
2026-05-25 15:00:00,Emergency,Emergency Department (ED),50,54,0,1.08,108.0,6,1,5,RED,15,0,0
2026-05-25 15:00:00,ICU,Intensive Care Unit (ICU),30,31,0,1.0333,103.3,0,0,0,RED,15,0,0
2026-05-25 15:00:00,General Medicine,General Medicine Ward,120,124,0,1.0333,103.3,4,4,0,RED,15,0,0
2026-05-25 15:00:00,Surgical Ward,Surgical & Post-Op Ward,80,41,39,0.5125,51.2,2,4,-2,GREEN,15,0,0
2026-05-25 15:00:00,Pediatrics,Pediatric Ward,40,43,0,1.075,107.5,2,2,0,RED,15,0,0
2026-05-25 16:00:00,Emergency,Emergency Department (ED),50,54,0,1.08,108.0,7,4,3,RED,16,0,0
2026-05-25 16:00:00,ICU,Intensive Care Unit (ICU),30,32,0,1.0667,106.7,1,0,1,RED,16,0,0
2026-05-25 16:00:00,General Medicine,General Medicine Ward,120,129,0,1.075,107.5,5,0,5,RED,16,0,0
2026-05-25 16:00:00,Surgical Ward,Surgical & Post-Op Ward,80,43,37,0.5375,53.8,3,1,2,GREEN,16,0,0
2026-05-25 16:00:00,Pediatrics,Pediatric Ward,40,43,0,1.075,107.5,2,1,1,RED,16,0,0
2026-05-25 17:00:00,Emergency,Emergency Department (ED),50,54,0,1.08,108.0,2,1,1,RED,17,0,0
2026-05-25 17:00:00,ICU,Intensive Care Unit (ICU),30,32,0,1.0667,106.7,0,0,0,RED,17,0,0
2026-05-25 17:00:00,General Medicine,General Medicine Ward,120,129,0,1.075,107.5,6,1,5,RED,17,0,0
2026-05-25 17:00:00,Surgical Ward,Surgical & Post-Op Ward,80,46,34,0.575,57.5,3,0,3,GREEN,17,0,0
2026-05-25 17:00:00,Pediatrics,Pediatric Ward,40,42,0,1.05,105.0,0,1,-1,RED,17,0,0
2026-05-25 18:00:00,Emergency,Emergency Department (ED),50,54,0,1.08,108.0,2,1,1,RED,18,0,0
2026-05-25 18:00:00,ICU,Intensive Care Unit (ICU),30,32,0,1.0667,106.7,0,0,0,RED,18,0,0
2026-05-25 18:00:00,General Medicine,General Medicine Ward,120,129,0,1.075,107.5,3,2,1,RED,18,0,0
2026-05-25 18:00:00,Surgical Ward,Surgical & Post-Op Ward,80,47,33,0.5875,58.8,4,3,1,GREEN,18,0,0
2026-05-25 18:00:00,Pediatrics,Pediatric Ward,40,42,0,1.05,105.0,1,1,0,RED,18,0,0
2026-05-25 19:00:00,Emergency,Emergency Department (ED),50,54,0,1.08,108.0,7,3,4,RED,19,0,0
2026-05-25 19:00:00,ICU,Intensive Care Unit (ICU),30,31,0,1.0333,103.3,0,1,-1,RED,19,0,0
2026-05-25 19:00:00,General Medicine,General Medicine Ward,120,129,0,1.075,107.5,8,4,4,RED,19,0,0
2026-05-25 19:00:00,Surgical Ward,Surgical & Post-Op Ward,80,50,30,0.625,62.5,6,3,3,GREEN,19,0,0
2026-05-25 19:00:00,Pediatrics,Pediatric Ward,40,43,0,1.075,107.5,2,0,2,RED,19,0,0
2026-05-25 20:00:00,Emergency,Emergency Department (ED),50,54,0,1.08,108.0,2,2,0,RED,20,0,0
2026-05-25 20:00:00,ICU,Intensive Care Unit (ICU),30,31,0,1.0333,103.3,0,0,0,RED,20,0,0
2026-05-25 20:00:00,General Medicine,General Medicine Ward,120,129,0,1.075,107.5,6,2,4,RED,20,0,0
2026-05-25 20:00:00,Surgical Ward,Surgical & Post-Op Ward,80,53,27,0.6625,66.2,3,0,3,GREEN,20,0,0
2026-05-25 20:00:00,Pediatrics,Pediatric Ward,40,41,0,1.025,102.5,0,2,-2,RED,20,0,0
2026-05-25 21:00:00,Emergency,Emergency Department (ED),50,54,0,1.08,108.0,5,3,2,RED,21,0,0
2026-05-25 21:00:00,ICU,Intensive Care Unit (ICU),30,32,0,1.0667,106.7,2,1,1,RED,21,0,0
2026-05-25 21:00:00,General Medicine,General Medicine Ward,120,126,0,1.05,105.0,2,5,-3,RED,21,0,0
2026-05-25 21:00:00,Surgical Ward,Surgical & Post-Op Ward,80,52,28,0.65,65.0,1,2,-1,GREEN,21,0,0
2026-05-25 21:00:00,Pediatrics,Pediatric Ward,40,40,0,1.0,100.0,1,2,-1,RED,21,0,0
2026-05-25 22:00:00,Emergency,Emergency Department (ED),50,53,0,1.06,106.0,2,3,-1,RED,22,0,0
2026-05-25 22:00:00,ICU,Intensive Care Unit (ICU),30,32,0,1.0667,106.7,1,1,0,RED,22,0,0
2026-05-25 22:00:00,General Medicine,General Medicine Ward,120,125,0,1.0417,104.2,4,5,-1,RED,22,0,0
2026-05-25 22:00:00,Surgical Ward,Surgical & Post-Op Ward,80,49,31,0.6125,61.3,1,4,-3,GREEN,22,0,0
2026-05-25 22:00:00,Pediatrics,Pediatric Ward,40,42,0,1.05,105.0,2,0,2,RED,22,0,0
2026-05-25 23:00:00,Emergency,Emergency Department (ED),50,54,0,1.08,108.0,4,3,1,RED,23,0,0
2026-05-25 23:00:00,ICU,Intensive Care Unit (ICU),30,32,0,1.0667,106.7,0,0,0,RED,23,0,0
2026-05-25 23:00:00,General Medicine,General Medicine Ward,120,128,0,1.0667,106.7,3,0,3,RED,23,0,0
2026-05-25 23:00:00,Surgical Ward,Surgical & Post-Op Ward,80,54,26,0.675,67.5,5,0,5,GREEN,23,0,0
2026-05-25 23:00:00,Pediatrics,Pediatric Ward,40,40,0,1.0,100.0,0,2,-2,RED,23,0,0
2026-05-26 00:00:00,Emergency,Emergency Department (ED),50,54,0,1.08,108.0,4,4,0,RED,0,1,0
2026-05-26 00:00:00,ICU,Intensive Care Unit (ICU),30,32,0,1.0667,106.7,2,0,2,RED,0,1,0
2026-05-26 00:00:00,General Medicine,General Medicine Ward,120,125,0,1.0417,104.2,2,5,-3,RED,0,1,0
2026-05-26 00:00:00,Surgical Ward,Surgical & Post-Op Ward,80,55,25,0.6875,68.8,1,0,1,GREEN,0,1,0
2026-05-26 00:00:00,Pediatrics,Pediatric Ward,40,38,2,0.95,95.0,0,2,-2,RED,0,1,0
2026-05-26 01:00:00,Emergency,Emergency Department (ED),50,54,0,1.08,108.0,4,0,4,RED,1,1,0
2026-05-26 01:00:00,ICU,Intensive Care Unit (ICU),30,32,0,1.0667,106.7,1,0,1,RED,1,1,0
2026-05-26 01:00:00,General Medicine,General Medicine Ward,120,126,0,1.05,105.0,1,0,1,RED,1,1,0
2026-05-26 01:00:00,Surgical Ward,Surgical & Post-Op Ward,80,55,25,0.6875,68.8,0,0,0,GREEN,1,1,0
2026-05-26 01:00:00,Pediatrics,Pediatric Ward,40,37,3,0.925,92.5,0,1,-1,RED,1,1,0
2026-05-26 02:00:00,Emergency,Emergency Department (ED),50,54,0,1.08,108.0,1,1,0,RED,2,1,0
2026-05-26 02:00:00,ICU,Intensive Care Unit (ICU),30,32,0,1.0667,106.7,1,0,1,RED,2,1,0
2026-05-26 02:00:00,General Medicine,General Medicine Ward,120,126,0,1.05,105.0,1,1,0,RED,2,1,0
2026-05-26 02:00:00,Surgical Ward,Surgical & Post-Op Ward,80,56,24,0.7,70.0,2,1,1,GREEN,2,1,0
2026-05-26 02:00:00,Pediatrics,Pediatric Ward,40,38,2,0.95,95.0,1,0,1,RED,2,1,0
2026-05-26 03:00:00,Emergency,Emergency Department (ED),50,54,0,1.08,108.0,2,0,2,RED,3,1,0
2026-05-26 03:00:00,ICU,Intensive Care Unit (ICU),30,32,0,1.0667,106.7,0,0,0,RED,3,1,0
2026-05-26 03:00:00,General Medicine,General Medicine Ward,120,127,0,1.0583,105.8,1,0,1,RED,3,1,0
2026-05-26 03:00:00,Surgical Ward,Surgical & Post-Op Ward,80,56,24,0.7,70.0,0,0,0,GREEN,3,1,0
2026-05-26 03:00:00,Pediatrics,Pediatric Ward,40,39,1,0.975,97.5,1,0,1,RED,3,1,0
2026-05-26 04:00:00,Emergency,Emergency Department (ED),50,54,0,1.08,108.0,1,0,1,RED,4,1,0
2026-05-26 04:00:00,ICU,Intensive Care Unit (ICU),30,32,0,1.0667,106.7,0,0,0,RED,4,1,0
2026-05-26 04:00:00,General Medicine,General Medicine Ward,120,128,0,1.0667,106.7,1,0,1,RED,4,1,0
2026-05-26 04:00:00,Surgical Ward,Surgical & Post-Op Ward,80,56,24,0.7,70.0,0,0,0,GREEN,4,1,0
2026-05-26 04:00:00,Pediatrics,Pediatric Ward,40,39,1,0.975,97.5,0,0,0,RED,4,1,0
2026-05-26 05:00:00,Emergency,Emergency Department (ED),50,54,0,1.08,108.0,0,0,0,RED,5,1,0
2026-05-26 05:00:00,ICU,Intensive Care Unit (ICU),30,32,0,1.0667,106.7,0,0,0,RED,5,1,0
2026-05-26 05:00:00,General Medicine,General Medicine Ward,120,129,0,1.075,107.5,2,0,2,RED,5,1,0
2026-05-26 05:00:00,Surgical Ward,Surgical & Post-Op Ward,80,63,17,0.7875,78.8,7,0,7,AMBER,5,1,0
2026-05-26 05:00:00,Pediatrics,Pediatric Ward,40,39,1,0.975,97.5,0,0,0,RED,5,1,0
2026-05-26 06:00:00,Emergency,Emergency Department (ED),50,53,0,1.06,106.0,0,1,-1,RED,6,1,0
2026-05-26 06:00:00,ICU,Intensive Care Unit (ICU),30,32,0,1.0667,106.7,2,0,2,RED,6,1,0
2026-05-26 06:00:00,General Medicine,General Medicine Ward,120,129,0,1.075,107.5,4,2,2,RED,6,1,0
2026-05-26 06:00:00,Surgical Ward,Surgical & Post-Op Ward,80,61,19,0.7625,76.2,2,4,-2,AMBER,6,1,0
2026-05-26 06:00:00,Pediatrics,Pediatric Ward,40,41,0,1.025,102.5,2,0,2,RED,6,1,0
2026-05-26 07:00:00,Emergency,Emergency Department (ED),50,54,0,1.08,108.0,6,4,2,RED,7,1,0
2026-05-26 07:00:00,ICU,Intensive Care Unit (ICU),30,32,0,1.0667,106.7,1,0,1,RED,7,1,0
2026-05-26 07:00:00,General Medicine,General Medicine Ward,120,129,0,1.075,107.5,4,2,2,RED,7,1,0
2026-05-26 07:00:00,Surgical Ward,Surgical & Post-Op Ward,80,63,17,0.7875,78.8,3,1,2,AMBER,7,1,0
2026-05-26 07:00:00,Pediatrics,Pediatric Ward,40,39,1,0.975,97.5,0,2,-2,RED,7,1,0
2026-05-26 08:00:00,Emergency,Emergency Department (ED),50,54,0,1.08,108.0,4,4,0,RED,8,1,0
2026-05-26 08:00:00,ICU,Intensive Care Unit (ICU),30,32,0,1.0667,106.7,0,0,0,RED,8,1,0
2026-05-26 08:00:00,General Medicine,General Medicine Ward,120,129,0,1.075,107.5,6,4,2,RED,8,1,0
2026-05-26 08:00:00,Surgical Ward,Surgical & Post-Op Ward,80,62,18,0.775,77.5,5,6,-1,AMBER,8,1,0
2026-05-26 08:00:00,Pediatrics,Pediatric Ward,40,39,1,0.975,97.5,1,1,0,RED,8,1,0
2026-05-26 09:00:00,Emergency,Emergency Department (ED),50,54,0,1.08,108.0,7,1,6,RED,9,1,0
2026-05-26 09:00:00,ICU,Intensive Care Unit (ICU),30,32,0,1.0667,106.7,0,0,0,RED,9,1,0
2026-05-26 09:00:00,General Medicine,General Medicine Ward,120,129,0,1.075,107.5,5,4,1,RED,9,1,0
2026-05-26 09:00:00,Surgical Ward,Surgical & Post-Op Ward,80,67,13,0.8375,83.8,6,1,5,AMBER,9,1,0
2026-05-26 09:00:00,Pediatrics,Pediatric Ward,40,39,1,0.975,97.5,2,2,0,RED,9,1,0
2026-05-26 10:00:00,Emergency,Emergency Department (ED),50,53,0,1.06,106.0,3,4,-1,RED,10,1,0
2026-05-26 10:00:00,ICU,Intensive Care Unit (ICU),30,32,0,1.0667,106.7,1,1,0,RED,10,1,0
2026-05-26 10:00:00,General Medicine,General Medicine Ward,120,129,0,1.075,107.5,5,2,3,RED,10,1,0
2026-05-26 10:00:00,Surgical Ward,Surgical & Post-Op Ward,80,70,10,0.875,87.5,4,1,3,AMBER,10,1,0
2026-05-26 10:00:00,Pediatrics,Pediatric Ward,40,40,0,1.0,100.0,3,2,1,RED,10,1,0
2026-05-26 11:00:00,Emergency,Emergency Department (ED),50,52,0,1.04,104.0,3,4,-1,RED,11,1,0
2026-05-26 11:00:00,ICU,Intensive Care Unit (ICU),30,30,0,1.0,100.0,0,2,-2,RED,11,1,0
2026-05-26 11:00:00,General Medicine,General Medicine Ward,120,127,0,1.0583,105.8,3,5,-2,RED,11,1,0
2026-05-26 11:00:00,Surgical Ward,Surgical & Post-Op Ward,80,75,5,0.9375,93.8,7,2,5,RED,11,1,0
2026-05-26 11:00:00,Pediatrics,Pediatric Ward,40,42,0,1.05,105.0,4,2,2,RED,11,1,0
2026-05-26 12:00:00,Emergency,Emergency Department (ED),50,50,0,1.0,100.0,3,5,-2,RED,12,1,0
2026-05-26 12:00:00,ICU,Intensive Care Unit (ICU),30,29,1,0.9667,96.7,0,1,-1,RED,12,1,0
2026-05-26 12:00:00,General Medicine,General Medicine Ward,120,124,0,1.0333,103.3,4,7,-3,RED,12,1,0
2026-05-26 12:00:00,Surgical Ward,Surgical & Post-Op Ward,80,75,5,0.9375,93.8,2,2,0,RED,12,1,0
2026-05-26 12:00:00,Pediatrics,Pediatric Ward,40,43,0,1.075,107.5,2,1,1,RED,12,1,0
2026-05-26 13:00:00,Emergency,Emergency Department (ED),50,48,2,0.96,96.0,1,3,-2,RED,13,1,0
2026-05-26 13:00:00,ICU,Intensive Care Unit (ICU),30,31,0,1.0333,103.3,2,0,2,RED,13,1,0
2026-05-26 13:00:00,General Medicine,General Medicine Ward,120,121,0,1.0083,100.8,4,7,-3,RED,13,1,0
2026-05-26 13:00:00,Surgical Ward,Surgical & Post-Op Ward,80,75,5,0.9375,93.8,0,0,0,RED,13,1,0
2026-05-26 13:00:00,Pediatrics,Pediatric Ward,40,43,0,1.075,107.5,1,1,0,RED,13,1,0
2026-05-26 14:00:00,Emergency,Emergency Department (ED),50,50,0,1.0,100.0,4,2,2,RED,14,1,0
2026-05-26 14:00:00,ICU,Intensive Care Unit (ICU),30,32,0,1.0667,106.7,1,0,1,RED,14,1,0
2026-05-26 14:00:00,General Medicine,General Medicine Ward,120,126,0,1.05,105.0,7,2,5,RED,14,1,0
2026-05-26 14:00:00,Surgical Ward,Surgical & Post-Op Ward,80,75,5,0.9375,93.8,4,4,0,RED,14,1,0
2026-05-26 14:00:00,Pediatrics,Pediatric Ward,40,43,0,1.075,107.5,0,0,0,RED,14,1,0
2026-05-26 15:00:00,Emergency,Emergency Department (ED),50,52,0,1.04,104.0,7,5,2,RED,15,1,0
2026-05-26 15:00:00,ICU,Intensive Care Unit (ICU),30,31,0,1.0333,103.3,0,1,-1,RED,15,1,0
2026-05-26 15:00:00,General Medicine,General Medicine Ward,120,129,0,1.075,107.5,3,0,3,RED,15,1,0
2026-05-26 15:00:00,Surgical Ward,Surgical & Post-Op Ward,80,76,4,0.95,95.0,5,4,1,RED,15,1,0
2026-05-26 15:00:00,Pediatrics,Pediatric Ward,40,42,0,1.05,105.0,0,1,-1,RED,15,1,0
2026-05-26 16:00:00,Emergency,Emergency Department (ED),50,54,0,1.08,108.0,6,3,3,RED,16,1,0
2026-05-26 16:00:00,ICU,Intensive Care Unit (ICU),30,32,0,1.0667,106.7,3,1,2,RED,16,1,0
2026-05-26 16:00:00,General Medicine,General Medicine Ward,120,127,0,1.0583,105.8,0,2,-2,RED,16,1,0
2026-05-26 16:00:00,Surgical Ward,Surgical & Post-Op Ward,80,75,5,0.9375,93.8,1,2,-1,RED,16,1,0
2026-05-26 16:00:00,Pediatrics,Pediatric Ward,40,43,0,1.075,107.5,2,0,2,RED,16,1,0
2026-05-26 17:00:00,Emergency,Emergency Department (ED),50,51,0,1.02,102.0,2,5,-3,RED,17,1,0
2026-05-26 17:00:00,ICU,Intensive Care Unit (ICU),30,32,0,1.0667,106.7,1,0,1,RED,17,1,0
2026-05-26 17:00:00,General Medicine,General Medicine Ward,120,129,0,1.075,107.5,7,4,3,RED,17,1,0
2026-05-26 17:00:00,Surgical Ward,Surgical & Post-Op Ward,80,80,0,1.0,100.0,5,0,5,RED,17,1,0
2026-05-26 17:00:00,Pediatrics,Pediatric Ward,40,43,0,1.075,107.5,3,0,3,RED,17,1,0
2026-05-26 18:00:00,Emergency,Emergency Department (ED),50,54,0,1.08,108.0,7,2,5,RED,18,1,0
2026-05-26 18:00:00,ICU,Intensive Care Unit (ICU),30,32,0,1.0667,106.7,0,0,0,RED,18,1,0
2026-05-26 18:00:00,General Medicine,General Medicine Ward,120,126,0,1.05,105.0,0,3,-3,RED,18,1,0
2026-05-26 18:00:00,Surgical Ward,Surgical & Post-Op Ward,80,81,0,1.0125,101.2,2,1,1,RED,18,1,0
2026-05-26 18:00:00,Pediatrics,Pediatric Ward,40,43,0,1.075,107.5,0,0,0,RED,18,1,0
2026-05-26 19:00:00,Emergency,Emergency Department (ED),50,54,0,1.08,108.0,3,2,1,RED,19,1,0
2026-05-26 19:00:00,ICU,Intensive Care Unit (ICU),30,32,0,1.0667,106.7,2,1,1,RED,19,1,0
2026-05-26 19:00:00,General Medicine,General Medicine Ward,120,124,0,1.0333,103.3,3,5,-2,RED,19,1,0
2026-05-26 19:00:00,Surgical Ward,Surgical & Post-Op Ward,80,78,2,0.975,97.5,0,3,-3,RED,19,1,0
2026-05-26 19:00:00,Pediatrics,Pediatric Ward,40,43,0,1.075,107.5,1,1,0,RED,19,1,0
2026-05-26 20:00:00,Emergency,Emergency Department (ED),50,54,0,1.08,108.0,6,1,5,RED,20,1,0
2026-05-26 20:00:00,ICU,Intensive Care Unit (ICU),30,32,0,1.0667,106.7,2,0,2,RED,20,1,0
2026-05-26 20:00:00,General Medicine,General Medicine Ward,120,129,0,1.075,107.5,9,2,7,RED,20,1,0
2026-05-26 20:00:00,Surgical Ward,Surgical & Post-Op Ward,80,80,0,1.0,100.0,5,3,2,RED,20,1,0
2026-05-26 20:00:00,Pediatrics,Pediatric Ward,40,41,0,1.025,102.5,0,2,-2,RED,20,1,0
2026-05-26 21:00:00,Emergency,Emergency Department (ED),50,54,0,1.08,108.0,2,0,2,RED,21,1,0
2026-05-26 21:00:00,ICU,Intensive Care Unit (ICU),30,32,0,1.0667,106.7,1,1,0,RED,21,1,0
2026-05-26 21:00:00,General Medicine,General Medicine Ward,120,129,0,1.075,107.5,4,3,1,RED,21,1,0
2026-05-26 21:00:00,Surgical Ward,Surgical & Post-Op Ward,80,82,0,1.025,102.5,5,3,2,RED,21,1,0
2026-05-26 21:00:00,Pediatrics,Pediatric Ward,40,39,1,0.975,97.5,0,2,-2,RED,21,1,0
2026-05-26 22:00:00,Emergency,Emergency Department (ED),50,54,0,1.08,108.0,2,1,1,RED,22,1,0
2026-05-26 22:00:00,ICU,Intensive Care Unit (ICU),30,32,0,1.0667,106.7,0,0,0,RED,22,1,0
2026-05-26 22:00:00,General Medicine,General Medicine Ward,120,125,0,1.0417,104.2,1,5,-4,RED,22,1,0
2026-05-26 22:00:00,Surgical Ward,Surgical & Post-Op Ward,80,82,0,1.025,102.5,1,1,0,RED,22,1,0
2026-05-26 22:00:00,Pediatrics,Pediatric Ward,40,37,3,0.925,92.5,0,2,-2,RED,22,1,0
2026-05-26 23:00:00,Emergency,Emergency Department (ED),50,54,0,1.08,108.0,3,3,0,RED,23,1,0
2026-05-26 23:00:00,ICU,Intensive Care Unit (ICU),30,32,0,1.0667,106.7,0,0,0,RED,23,1,0
2026-05-26 23:00:00,General Medicine,General Medicine Ward,120,122,0,1.0167,101.7,2,5,-3,RED,23,1,0
2026-05-26 23:00:00,Surgical Ward,Surgical & Post-Op Ward,80,81,0,1.0125,101.2,2,3,-1,RED,23,1,0
2026-05-26 23:00:00,Pediatrics,Pediatric Ward,40,35,5,0.875,87.5,0,2,-2,AMBER,23,1,0
2026-05-27 00:00:00,Emergency,Emergency Department (ED),50,50,0,1.0,100.0,2,6,-4,RED,0,2,0
2026-05-27 00:00:00,ICU,Intensive Care Unit (ICU),30,32,0,1.0667,106.7,0,0,0,RED,0,2,0
2026-05-27 00:00:00,General Medicine,General Medicine Ward,120,126,0,1.05,105.0,5,1,4,RED,0,2,0
2026-05-27 00:00:00,Surgical Ward,Surgical & Post-Op Ward,80,83,0,1.0375,103.8,2,0,2,RED,0,2,0
2026-05-27 00:00:00,Pediatrics,Pediatric Ward,40,36,4,0.9,90.0,3,2,1,RED,0,2,0
2026-05-27 01:00:00,Emergency,Emergency Department (ED),50,53,0,1.06,106.0,4,1,3,RED,1,2,0
2026-05-27 01:00:00,ICU,Intensive Care Unit (ICU),30,32,0,1.0667,106.7,0,0,0,RED,1,2,0
2026-05-27 01:00:00,General Medicine,General Medicine Ward,120,126,0,1.05,105.0,0,0,0,RED,1,2,0
2026-05-27 01:00:00,Surgical Ward,Surgical & Post-Op Ward,80,85,0,1.0625,106.2,2,0,2,RED,1,2,0
2026-05-27 01:00:00,Pediatrics,Pediatric Ward,40,39,1,0.975,97.5,3,0,3,RED,1,2,0
2026-05-27 02:00:00,Emergency,Emergency Department (ED),50,54,0,1.08,108.0,1,0,1,RED,2,2,0
2026-05-27 02:00:00,ICU,Intensive Care Unit (ICU),30,32,0,1.0667,106.7,1,1,0,RED,2,2,0
2026-05-27 02:00:00,General Medicine,General Medicine Ward,120,128,0,1.0667,106.7,3,1,2,RED,2,2,0
2026-05-27 02:00:00,Surgical Ward,Surgical & Post-Op Ward,80,86,0,1.075,107.5,2,0,2,RED,2,2,0
2026-05-27 02:00:00,Pediatrics,Pediatric Ward,40,38,2,0.95,95.0,0,1,-1,RED,2,2,0
2026-05-27 03:00:00,Emergency,Emergency Department (ED),50,54,0,1.08,108.0,0,0,0,RED,3,2,0
2026-05-27 03:00:00,ICU,Intensive Care Unit (ICU),30,32,0,1.0667,106.7,0,0,0,RED,3,2,0
2026-05-27 03:00:00,General Medicine,General Medicine Ward,120,129,0,1.075,107.5,3,0,3,RED,3,2,0
2026-05-27 03:00:00,Surgical Ward,Surgical & Post-Op Ward,80,86,0,1.075,107.5,0,0,0,RED,3,2,0
2026-05-27 03:00:00,Pediatrics,Pediatric Ward,40,38,2,0.95,95.0,0,0,0,RED,3,2,0
2026-05-27 04:00:00,Emergency,Emergency Department (ED),50,54,0,1.08,108.0,3,0,3,RED,4,2,0
2026-05-27 04:00:00,ICU,Intensive Care Unit (ICU),30,32,0,1.0667,106.7,0,0,0,RED,4,2,0
2026-05-27 04:00:00,General Medicine,General Medicine Ward,120,127,0,1.0583,105.8,0,2,-2,RED,4,2,0
2026-05-27 04:00:00,Surgical Ward,Surgical & Post-Op Ward,80,86,0,1.075,107.5,1,0,1,RED,4,2,0
2026-05-27 04:00:00,Pediatrics,Pediatric Ward,40,38,2,0.95,95.0,1,1,0,RED,4,2,0
2026-05-27 05:00:00,Emergency,Emergency Department (ED),50,53,0,1.06,106.0,0,1,-1,RED,5,2,0
2026-05-27 05:00:00,ICU,Intensive Care Unit (ICU),30,32,0,1.0667,106.7,0,0,0,RED,5,2,0
2026-05-27 05:00:00,General Medicine,General Medicine Ward,120,128,0,1.0667,106.7,2,1,1,RED,5,2,0
2026-05-27 05:00:00,Surgical Ward,Surgical & Post-Op Ward,80,83,0,1.0375,103.8,1,4,-3,RED,5,2,0
2026-05-27 05:00:00,Pediatrics,Pediatric Ward,40,37,3,0.925,92.5,0,1,-1,RED,5,2,0
2026-05-27 06:00:00,Emergency,Emergency Department (ED),50,54,0,1.08,108.0,3,0,3,RED,6,2,0
2026-05-27 06:00:00,ICU,Intensive Care Unit (ICU),30,31,0,1.0333,103.3,0,1,-1,RED,6,2,0
2026-05-27 06:00:00,General Medicine,General Medicine Ward,120,128,0,1.0667,106.7,3,3,0,RED,6,2,0
2026-05-27 06:00:00,Surgical Ward,Surgical & Post-Op Ward,80,81,0,1.0125,101.2,2,4,-2,RED,6,2,0
2026-05-27 06:00:00,Pediatrics,Pediatric Ward,40,36,4,0.9,90.0,0,1,-1,RED,6,2,0
2026-05-27 07:00:00,Emergency,Emergency Department (ED),50,54,0,1.08,108.0,4,2,2,RED,7,2,0
2026-05-27 07:00:00,ICU,Intensive Care Unit (ICU),30,31,0,1.0333,103.3,0,0,0,RED,7,2,0
2026-05-27 07:00:00,General Medicine,General Medicine Ward,120,128,0,1.0667,106.7,1,1,0,RED,7,2,0
2026-05-27 07:00:00,Surgical Ward,Surgical & Post-Op Ward,80,80,0,1.0,100.0,0,1,-1,RED,7,2,0
2026-05-27 07:00:00,Pediatrics,Pediatric Ward,40,36,4,0.9,90.0,1,1,0,RED,7,2,0
2026-05-27 08:00:00,Emergency,Emergency Department (ED),50,54,0,1.08,108.0,2,1,1,RED,8,2,0
2026-05-27 08:00:00,ICU,Intensive Care Unit (ICU),30,31,0,1.0333,103.3,0,0,0,RED,8,2,0
2026-05-27 08:00:00,General Medicine,General Medicine Ward,120,125,0,1.0417,104.2,1,4,-3,RED,8,2,0
2026-05-27 08:00:00,Surgical Ward,Surgical & Post-Op Ward,80,79,1,0.9875,98.8,1,2,-1,RED,8,2,0
2026-05-27 08:00:00,Pediatrics,Pediatric Ward,40,33,7,0.825,82.5,0,3,-3,AMBER,8,2,0
2026-05-27 09:00:00,Emergency,Emergency Department (ED),50,51,0,1.02,102.0,0,3,-3,RED,9,2,0
2026-05-27 09:00:00,ICU,Intensive Care Unit (ICU),30,31,0,1.0333,103.3,0,0,0,RED,9,2,0
2026-05-27 09:00:00,General Medicine,General Medicine Ward,120,127,0,1.0583,105.8,5,3,2,RED,9,2,0
2026-05-27 09:00:00,Surgical Ward,Surgical & Post-Op Ward,80,77,3,0.9625,96.2,2,4,-2,RED,9,2,0
2026-05-27 09:00:00,Pediatrics,Pediatric Ward,40,33,7,0.825,82.5,2,2,0,AMBER,9,2,0
2026-05-27 10:00:00,Emergency,Emergency Department (ED),50,46,4,0.92,92.0,2,7,-5,RED,10,2,0
2026-05-27 10:00:00,ICU,Intensive Care Unit (ICU),30,31,0,1.0333,103.3,0,0,0,RED,10,2,0
2026-05-27 10:00:00,General Medicine,General Medicine Ward,120,128,0,1.0667,106.7,5,4,1,RED,10,2,0
2026-05-27 10:00:00,Surgical Ward,Surgical & Post-Op Ward,80,74,6,0.925,92.5,2,5,-3,RED,10,2,0
2026-05-27 10:00:00,Pediatrics,Pediatric Ward,40,31,9,0.775,77.5,1,3,-2,AMBER,10,2,0
2026-05-27 11:00:00,Emergency,Emergency Department (ED),50,44,6,0.88,88.0,3,5,-2,AMBER,11,2,0
2026-05-27 11:00:00,ICU,Intensive Care Unit (ICU),30,32,0,1.0667,106.7,2,1,1,RED,11,2,0
2026-05-27 11:00:00,General Medicine,General Medicine Ward,120,124,0,1.0333,103.3,2,6,-4,RED,11,2,0
2026-05-27 11:00:00,Surgical Ward,Surgical & Post-Op Ward,80,71,9,0.8875,88.8,4,7,-3,AMBER,11,2,0
2026-05-27 11:00:00,Pediatrics,Pediatric Ward,40,31,9,0.775,77.5,3,3,0,AMBER,11,2,0
2026-05-27 12:00:00,Emergency,Emergency Department (ED),50,43,7,0.86,86.0,2,3,-1,AMBER,12,2,0
2026-05-27 12:00:00,ICU,Intensive Care Unit (ICU),30,32,0,1.0667,106.7,1,0,1,RED,12,2,0
2026-05-27 12:00:00,General Medicine,General Medicine Ward,120,122,0,1.0167,101.7,2,4,-2,RED,12,2,0
2026-05-27 12:00:00,Surgical Ward,Surgical & Post-Op Ward,80,70,10,0.875,87.5,2,3,-1,AMBER,12,2,0
2026-05-27 12:00:00,Pediatrics,Pediatric Ward,40,33,7,0.825,82.5,3,1,2,AMBER,12,2,0
2026-05-27 13:00:00,Emergency,Emergency Department (ED),50,45,5,0.9,90.0,5,3,2,RED,13,2,0
2026-05-27 13:00:00,ICU,Intensive Care Unit (ICU),30,31,0,1.0333,103.3,0,1,-1,RED,13,2,0
2026-05-27 13:00:00,General Medicine,General Medicine Ward,120,117,3,0.975,97.5,1,6,-5,RED,13,2,0
2026-05-27 13:00:00,Surgical Ward,Surgical & Post-Op Ward,80,70,10,0.875,87.5,1,1,0,AMBER,13,2,0
2026-05-27 13:00:00,Pediatrics,Pediatric Ward,40,32,8,0.8,80.0,0,1,-1,AMBER,13,2,0
2026-05-27 14:00:00,Emergency,Emergency Department (ED),50,40,10,0.8,80.0,0,5,-5,AMBER,14,2,0
2026-05-27 14:00:00,ICU,Intensive Care Unit (ICU),30,32,0,1.0667,106.7,1,0,1,RED,14,2,0
2026-05-27 14:00:00,General Medicine,General Medicine Ward,120,114,6,0.95,95.0,4,7,-3,RED,14,2,0
2026-05-27 14:00:00,Surgical Ward,Surgical & Post-Op Ward,80,70,10,0.875,87.5,3,3,0,AMBER,14,2,0
2026-05-27 14:00:00,Pediatrics,Pediatric Ward,40,32,8,0.8,80.0,1,1,0,AMBER,14,2,0
2026-05-27 15:00:00,Emergency,Emergency Department (ED),50,39,11,0.78,78.0,1,2,-1,AMBER,15,2,0
2026-05-27 15:00:00,ICU,Intensive Care Unit (ICU),30,29,1,0.9667,96.7,0,3,-3,RED,15,2,0
2026-05-27 15:00:00,General Medicine,General Medicine Ward,120,117,3,0.975,97.5,5,2,3,RED,15,2,0
2026-05-27 15:00:00,Surgical Ward,Surgical & Post-Op Ward,80,72,8,0.9,90.0,4,2,2,RED,15,2,0
2026-05-27 15:00:00,Pediatrics,Pediatric Ward,40,33,7,0.825,82.5,1,0,1,AMBER,15,2,0
2026-05-27 16:00:00,Emergency,Emergency Department (ED),50,46,4,0.92,92.0,8,1,7,RED,16,2,0
2026-05-27 16:00:00,ICU,Intensive Care Unit (ICU),30,29,1,0.9667,96.7,1,1,0,RED,16,2,0
2026-05-27 16:00:00,General Medicine,General Medicine Ward,120,119,1,0.9917,99.2,5,3,2,RED,16,2,0
2026-05-27 16:00:00,Surgical Ward,Surgical & Post-Op Ward,80,73,7,0.9125,91.2,4,3,1,RED,16,2,0
2026-05-27 16:00:00,Pediatrics,Pediatric Ward,40,32,8,0.8,80.0,0,1,-1,AMBER,16,2,0
2026-05-27 17:00:00,Emergency,Emergency Department (ED),50,48,2,0.96,96.0,3,1,2,RED,17,2,0
2026-05-27 17:00:00,ICU,Intensive Care Unit (ICU),30,28,2,0.9333,93.3,0,1,-1,RED,17,2,0
2026-05-27 17:00:00,General Medicine,General Medicine Ward,120,121,0,1.0083,100.8,10,8,2,RED,17,2,0
2026-05-27 17:00:00,Surgical Ward,Surgical & Post-Op Ward,80,74,6,0.925,92.5,2,1,1,RED,17,2,0
2026-05-27 17:00:00,Pediatrics,Pediatric Ward,40,30,10,0.75,75.0,0,2,-2,AMBER,17,2,0
2026-05-27 18:00:00,Emergency,Emergency Department (ED),50,47,3,0.94,94.0,1,2,-1,RED,18,2,0
2026-05-27 18:00:00,ICU,Intensive Care Unit (ICU),30,26,4,0.8667,86.7,0,2,-2,AMBER,18,2,0
2026-05-27 18:00:00,General Medicine,General Medicine Ward,120,118,2,0.9833,98.3,2,5,-3,RED,18,2,0
2026-05-27 18:00:00,Surgical Ward,Surgical & Post-Op Ward,80,77,3,0.9625,96.2,5,2,3,RED,18,2,0
2026-05-27 18:00:00,Pediatrics,Pediatric Ward,40,32,8,0.8,80.0,2,0,2,AMBER,18,2,0
2026-05-27 19:00:00,Emergency,Emergency Department (ED),50,50,0,1.0,100.0,5,2,3,RED,19,2,0
2026-05-27 19:00:00,ICU,Intensive Care Unit (ICU),30,25,5,0.8333,83.3,0,1,-1,AMBER,19,2,0
2026-05-27 19:00:00,General Medicine,General Medicine Ward,120,123,0,1.025,102.5,5,0,5,RED,19,2,0
2026-05-27 19:00:00,Surgical Ward,Surgical & Post-Op Ward,80,76,4,0.95,95.0,0,1,-1,RED,19,2,0
2026-05-27 19:00:00,Pediatrics,Pediatric Ward,40,32,8,0.8,80.0,0,0,0,AMBER,19,2,0
2026-05-27 20:00:00,Emergency,Emergency Department (ED),50,52,0,1.04,104.0,3,1,2,RED,20,2,0
2026-05-27 20:00:00,ICU,Intensive Care Unit (ICU),30,26,4,0.8667,86.7,1,0,1,AMBER,20,2,0
2026-05-27 20:00:00,General Medicine,General Medicine Ward,120,124,0,1.0333,103.3,4,3,1,RED,20,2,0
2026-05-27 20:00:00,Surgical Ward,Surgical & Post-Op Ward,80,77,3,0.9625,96.2,3,2,1,RED,20,2,0
2026-05-27 20:00:00,Pediatrics,Pediatric Ward,40,33,7,0.825,82.5,2,1,1,AMBER,20,2,0
2026-05-27 21:00:00,Emergency,Emergency Department (ED),50,54,0,1.08,108.0,7,4,3,RED,21,2,0
2026-05-27 21:00:00,ICU,Intensive Care Unit (ICU),30,25,5,0.8333,83.3,0,1,-1,AMBER,21,2,0
2026-05-27 21:00:00,General Medicine,General Medicine Ward,120,129,0,1.075,107.5,8,1,7,RED,21,2,0
2026-05-27 21:00:00,Surgical Ward,Surgical & Post-Op Ward,80,78,2,0.975,97.5,2,1,1,RED,21,2,0
2026-05-27 21:00:00,Pediatrics,Pediatric Ward,40,34,6,0.85,85.0,2,1,1,AMBER,21,2,0
2026-05-27 22:00:00,Emergency,Emergency Department (ED),50,53,0,1.06,106.0,3,4,-1,RED,22,2,0
2026-05-27 22:00:00,ICU,Intensive Care Unit (ICU),30,25,5,0.8333,83.3,0,0,0,AMBER,22,2,0
2026-05-27 22:00:00,General Medicine,General Medicine Ward,120,128,0,1.0667,106.7,6,7,-1,RED,22,2,0
2026-05-27 22:00:00,Surgical Ward,Surgical & Post-Op Ward,80,77,3,0.9625,96.2,2,3,-1,RED,22,2,0
2026-05-27 22:00:00,Pediatrics,Pediatric Ward,40,35,5,0.875,87.5,1,0,1,AMBER,22,2,0
2026-05-27 23:00:00,Emergency,Emergency Department (ED),50,54,0,1.08,108.0,1,0,1,RED,23,2,0
2026-05-27 23:00:00,ICU,Intensive Care Unit (ICU),30,25,5,0.8333,83.3,0,0,0,AMBER,23,2,0
2026-05-27 23:00:00,General Medicine,General Medicine Ward,120,127,0,1.0583,105.8,4,5,-1,RED,23,2,0
2026-05-27 23:00:00,Surgical Ward,Surgical & Post-Op Ward,80,74,6,0.925,92.5,3,6,-3,RED,23,2,0
2026-05-27 23:00:00,Pediatrics,Pediatric Ward,40,34,6,0.85,85.0,1,2,-1,AMBER,23,2,0
2026-05-28 00:00:00,Emergency,Emergency Department (ED),50,53,0,1.06,106.0,4,5,-1,RED,0,3,0
2026-05-28 00:00:00,ICU,Intensive Care Unit (ICU),30,24,6,0.8,80.0,0,1,-1,AMBER,0,3,0
2026-05-28 00:00:00,General Medicine,General Medicine Ward,120,129,0,1.075,107.5,7,2,5,RED,0,3,0
2026-05-28 00:00:00,Surgical Ward,Surgical & Post-Op Ward,80,75,5,0.9375,93.8,1,0,1,RED,0,3,0
2026-05-28 00:00:00,Pediatrics,Pediatric Ward,40,35,5,0.875,87.5,1,0,1,AMBER,0,3,0
2026-05-28 01:00:00,Emergency,Emergency Department (ED),50,54,0,1.08,108.0,7,2,5,RED,1,3,0
2026-05-28 01:00:00,ICU,Intensive Care Unit (ICU),30,26,4,0.8667,86.7,2,0,2,AMBER,1,3,0
2026-05-28 01:00:00,General Medicine,General Medicine Ward,120,129,0,1.075,107.5,1,1,0,RED,1,3,0
2026-05-28 01:00:00,Surgical Ward,Surgical & Post-Op Ward,80,75,5,0.9375,93.8,0,0,0,RED,1,3,0
2026-05-28 01:00:00,Pediatrics,Pediatric Ward,40,34,6,0.85,85.0,0,1,-1,AMBER,1,3,0
2026-05-28 02:00:00,Emergency,Emergency Department (ED),50,54,0,1.08,108.0,0,0,0,RED,2,3,0
2026-05-28 02:00:00,ICU,Intensive Care Unit (ICU),30,26,4,0.8667,86.7,0,0,0,AMBER,2,3,0
2026-05-28 02:00:00,General Medicine,General Medicine Ward,120,129,0,1.075,107.5,1,0,1,RED,2,3,0
2026-05-28 02:00:00,Surgical Ward,Surgical & Post-Op Ward,80,75,5,0.9375,93.8,0,0,0,RED,2,3,0
2026-05-28 02:00:00,Pediatrics,Pediatric Ward,40,33,7,0.825,82.5,0,1,-1,AMBER,2,3,0
2026-05-28 03:00:00,Emergency,Emergency Department (ED),50,54,0,1.08,108.0,0,0,0,RED,3,3,0
2026-05-28 03:00:00,ICU,Intensive Care Unit (ICU),30,27,3,0.9,90.0,1,0,1,RED,3,3,0
2026-05-28 03:00:00,General Medicine,General Medicine Ward,120,129,0,1.075,107.5,1,0,1,RED,3,3,0
2026-05-28 03:00:00,Surgical Ward,Surgical & Post-Op Ward,80,76,4,0.95,95.0,1,0,1,RED,3,3,0
2026-05-28 03:00:00,Pediatrics,Pediatric Ward,40,33,7,0.825,82.5,0,0,0,AMBER,3,3,0
2026-05-28 04:00:00,Emergency,Emergency Department (ED),50,53,0,1.06,106.0,0,1,-1,RED,4,3,0
2026-05-28 04:00:00,ICU,Intensive Care Unit (ICU),30,27,3,0.9,90.0,0,0,0,RED,4,3,0
2026-05-28 04:00:00,General Medicine,General Medicine Ward,120,129,0,1.075,107.5,2,2,0,RED,4,3,0
2026-05-28 04:00:00,Surgical Ward,Surgical & Post-Op Ward,80,75,5,0.9375,93.8,0,1,-1,RED,4,3,0
2026-05-28 04:00:00,Pediatrics,Pediatric Ward,40,33,7,0.825,82.5,0,0,0,AMBER,4,3,0
2026-05-28 05:00:00,Emergency,Emergency Department (ED),50,53,0,1.06,106.0,0,0,0,RED,5,3,0
2026-05-28 05:00:00,ICU,Intensive Care Unit (ICU),30,27,3,0.9,90.0,0,0,0,RED,5,3,0
2026-05-28 05:00:00,General Medicine,General Medicine Ward,120,129,0,1.075,107.5,2,0,2,RED,5,3,0
2026-05-28 05:00:00,Surgical Ward,Surgical & Post-Op Ward,80,77,3,0.9625,96.2,3,1,2,RED,5,3,0
2026-05-28 05:00:00,Pediatrics,Pediatric Ward,40,35,5,0.875,87.5,2,0,2,AMBER,5,3,0
2026-05-28 06:00:00,Emergency,Emergency Department (ED),50,52,0,1.04,104.0,0,1,-1,RED,6,3,0
2026-05-28 06:00:00,ICU,Intensive Care Unit (ICU),30,30,0,1.0,100.0,3,0,3,RED,6,3,0
2026-05-28 06:00:00,General Medicine,General Medicine Ward,120,129,0,1.075,107.5,8,1,7,RED,6,3,0
2026-05-28 06:00:00,Surgical Ward,Surgical & Post-Op Ward,80,80,0,1.0,100.0,5,2,3,RED,6,3,0
2026-05-28 06:00:00,Pediatrics,Pediatric Ward,40,36,4,0.9,90.0,4,3,1,RED,6,3,0
2026-05-28 07:00:00,Emergency,Emergency Department (ED),50,46,4,0.92,92.0,2,8,-6,RED,7,3,0
2026-05-28 07:00:00,ICU,Intensive Care Unit (ICU),30,30,0,1.0,100.0,0,0,0,RED,7,3,0
2026-05-28 07:00:00,General Medicine,General Medicine Ward,120,129,0,1.075,107.5,8,2,6,RED,7,3,0
2026-05-28 07:00:00,Surgical Ward,Surgical & Post-Op Ward,80,79,1,0.9875,98.8,1,2,-1,RED,7,3,0
2026-05-28 07:00:00,Pediatrics,Pediatric Ward,40,37,3,0.925,92.5,2,1,1,RED,7,3,0
2026-05-28 08:00:00,Emergency,Emergency Department (ED),50,45,5,0.9,90.0,2,3,-1,RED,8,3,0
2026-05-28 08:00:00,ICU,Intensive Care Unit (ICU),30,30,0,1.0,100.0,1,1,0,RED,8,3,0
2026-05-28 08:00:00,General Medicine,General Medicine Ward,120,129,0,1.075,107.5,5,1,4,RED,8,3,0
2026-05-28 08:00:00,Surgical Ward,Surgical & Post-Op Ward,80,83,0,1.0375,103.8,5,1,4,RED,8,3,0
2026-05-28 08:00:00,Pediatrics,Pediatric Ward,40,40,0,1.0,100.0,3,0,3,RED,8,3,0
2026-05-28 09:00:00,Emergency,Emergency Department (ED),50,48,2,0.96,96.0,4,1,3,RED,9,3,0
2026-05-28 09:00:00,ICU,Intensive Care Unit (ICU),30,31,0,1.0333,103.3,2,1,1,RED,9,3,0
2026-05-28 09:00:00,General Medicine,General Medicine Ward,120,129,0,1.075,107.5,4,4,0,RED,9,3,0
2026-05-28 09:00:00,Surgical Ward,Surgical & Post-Op Ward,80,82,0,1.025,102.5,4,5,-1,RED,9,3,0
2026-05-28 09:00:00,Pediatrics,Pediatric Ward,40,39,1,0.975,97.5,1,2,-1,RED,9,3,0
2026-05-28 10:00:00,Emergency,Emergency Department (ED),50,51,0,1.02,102.0,3,0,3,RED,10,3,0
2026-05-28 10:00:00,ICU,Intensive Care Unit (ICU),30,29,1,0.9667,96.7,0,2,-2,RED,10,3,0
2026-05-28 10:00:00,General Medicine,General Medicine Ward,120,129,0,1.075,107.5,7,5,2,RED,10,3,0
2026-05-28 10:00:00,Surgical Ward,Surgical & Post-Op Ward,80,83,0,1.0375,103.8,4,3,1,RED,10,3,0
2026-05-28 10:00:00,Pediatrics,Pediatric Ward,40,40,0,1.0,100.0,3,2,1,RED,10,3,0
2026-05-28 11:00:00,Emergency,Emergency Department (ED),50,47,3,0.94,94.0,1,5,-4,RED,11,3,0
2026-05-28 11:00:00,ICU,Intensive Care Unit (ICU),30,31,0,1.0333,103.3,2,0,2,RED,11,3,0
2026-05-28 11:00:00,General Medicine,General Medicine Ward,120,128,0,1.0667,106.7,4,5,-1,RED,11,3,0
2026-05-28 11:00:00,Surgical Ward,Surgical & Post-Op Ward,80,86,0,1.075,107.5,6,3,3,RED,11,3,0
2026-05-28 11:00:00,Pediatrics,Pediatric Ward,40,40,0,1.0,100.0,1,1,0,RED,11,3,0
2026-05-28 12:00:00,Emergency,Emergency Department (ED),50,47,3,0.94,94.0,4,4,0,RED,12,3,0
2026-05-28 12:00:00,ICU,Intensive Care Unit (ICU),30,32,0,1.0667,106.7,1,0,1,RED,12,3,0
2026-05-28 12:00:00,General Medicine,General Medicine Ward,120,124,0,1.0333,103.3,2,6,-4,RED,12,3,0
2026-05-28 12:00:00,Surgical Ward,Surgical & Post-Op Ward,80,83,0,1.0375,103.8,0,3,-3,RED,12,3,0
2026-05-28 12:00:00,Pediatrics,Pediatric Ward,40,41,0,1.025,102.5,1,0,1,RED,12,3,0
2026-05-28 13:00:00,Emergency,Emergency Department (ED),50,43,7,0.86,86.0,3,7,-4,AMBER,13,3,0
2026-05-28 13:00:00,ICU,Intensive Care Unit (ICU),30,32,0,1.0667,106.7,1,0,1,RED,13,3,0
2026-05-28 13:00:00,General Medicine,General Medicine Ward,120,119,1,0.9917,99.2,2,7,-5,RED,13,3,0
2026-05-28 13:00:00,Surgical Ward,Surgical & Post-Op Ward,80,83,0,1.0375,103.8,4,4,0,RED,13,3,0
2026-05-28 13:00:00,Pediatrics,Pediatric Ward,40,42,0,1.05,105.0,3,2,1,RED,13,3,0
2026-05-28 14:00:00,Emergency,Emergency Department (ED),50,41,9,0.82,82.0,1,3,-2,AMBER,14,3,0
2026-05-28 14:00:00,ICU,Intensive Care Unit (ICU),30,32,0,1.0667,106.7,1,1,0,RED,14,3,0
2026-05-28 14:00:00,General Medicine,General Medicine Ward,120,119,1,0.9917,99.2,5,5,0,RED,14,3,0
2026-05-28 14:00:00,Surgical Ward,Surgical & Post-Op Ward,80,82,0,1.025,102.5,5,6,-1,RED,14,3,0
2026-05-28 14:00:00,Pediatrics,Pediatric Ward,40,42,0,1.05,105.0,2,2,0,RED,14,3,0
2026-05-28 15:00:00,Emergency,Emergency Department (ED),50,46,4,0.92,92.0,6,1,5,RED,15,3,0
2026-05-28 15:00:00,ICU,Intensive Care Unit (ICU),30,32,0,1.0667,106.7,0,0,0,RED,15,3,0
2026-05-28 15:00:00,General Medicine,General Medicine Ward,120,123,0,1.025,102.5,8,4,4,RED,15,3,0
2026-05-28 15:00:00,Surgical Ward,Surgical & Post-Op Ward,80,85,0,1.0625,106.2,3,0,3,RED,15,3,0
2026-05-28 15:00:00,Pediatrics,Pediatric Ward,40,39,1,0.975,97.5,0,3,-3,RED,15,3,0
2026-05-28 16:00:00,Emergency,Emergency Department (ED),50,51,0,1.02,102.0,5,0,5,RED,16,3,0
2026-05-28 16:00:00,ICU,Intensive Care Unit (ICU),30,32,0,1.0667,106.7,1,0,1,RED,16,3,0
2026-05-28 16:00:00,General Medicine,General Medicine Ward,120,129,0,1.075,107.5,13,5,8,RED,16,3,0
2026-05-28 16:00:00,Surgical Ward,Surgical & Post-Op Ward,80,86,0,1.075,107.5,3,2,1,RED,16,3,0
2026-05-28 16:00:00,Pediatrics,Pediatric Ward,40,40,0,1.0,100.0,2,1,1,RED,16,3,0
2026-05-28 17:00:00,Emergency,Emergency Department (ED),50,48,2,0.96,96.0,1,4,-3,RED,17,3,0
2026-05-28 17:00:00,ICU,Intensive Care Unit (ICU),30,32,0,1.0667,106.7,1,0,1,RED,17,3,0
2026-05-28 17:00:00,General Medicine,General Medicine Ward,120,129,0,1.075,107.5,4,1,3,RED,17,3,0
2026-05-28 17:00:00,Surgical Ward,Surgical & Post-Op Ward,80,86,0,1.075,107.5,4,2,2,RED,17,3,0
2026-05-28 17:00:00,Pediatrics,Pediatric Ward,40,43,0,1.075,107.5,4,0,4,RED,17,3,0
2026-05-28 18:00:00,Emergency,Emergency Department (ED),50,46,4,0.92,92.0,2,4,-2,RED,18,3,0
2026-05-28 18:00:00,ICU,Intensive Care Unit (ICU),30,32,0,1.0667,106.7,0,0,0,RED,18,3,0
2026-05-28 18:00:00,General Medicine,General Medicine Ward,120,129,0,1.075,107.5,3,2,1,RED,18,3,0
2026-05-28 18:00:00,Surgical Ward,Surgical & Post-Op Ward,80,85,0,1.0625,106.2,3,4,-1,RED,18,3,0
2026-05-28 18:00:00,Pediatrics,Pediatric Ward,40,43,0,1.075,107.5,0,0,0,RED,18,3,0
2026-05-28 19:00:00,Emergency,Emergency Department (ED),50,49,1,0.98,98.0,5,2,3,RED,19,3,0
2026-05-28 19:00:00,ICU,Intensive Care Unit (ICU),30,32,0,1.0667,106.7,1,0,1,RED,19,3,0
2026-05-28 19:00:00,General Medicine,General Medicine Ward,120,129,0,1.075,107.5,3,1,2,RED,19,3,0
2026-05-28 19:00:00,Surgical Ward,Surgical & Post-Op Ward,80,84,0,1.05,105.0,0,1,-1,RED,19,3,0
2026-05-28 19:00:00,Pediatrics,Pediatric Ward,40,42,0,1.05,105.0,1,2,-1,RED,19,3,0
2026-05-28 20:00:00,Emergency,Emergency Department (ED),50,47,3,0.94,94.0,4,6,-2,RED,20,3,0
2026-05-28 20:00:00,ICU,Intensive Care Unit (ICU),30,32,0,1.0667,106.7,1,0,1,RED,20,3,0
2026-05-28 20:00:00,General Medicine,General Medicine Ward,120,129,0,1.075,107.5,5,1,4,RED,20,3,0
2026-05-28 20:00:00,Surgical Ward,Surgical & Post-Op Ward,80,86,0,1.075,107.5,3,0,3,RED,20,3,0
2026-05-28 20:00:00,Pediatrics,Pediatric Ward,40,43,0,1.075,107.5,2,1,1,RED,20,3,0
2026-05-28 21:00:00,Emergency,Emergency Department (ED),50,49,1,0.98,98.0,5,3,2,RED,21,3,0
2026-05-28 21:00:00,ICU,Intensive Care Unit (ICU),30,32,0,1.0667,106.7,0,0,0,RED,21,3,0
2026-05-28 21:00:00,General Medicine,General Medicine Ward,120,129,0,1.075,107.5,7,4,3,RED,21,3,0
2026-05-28 21:00:00,Surgical Ward,Surgical & Post-Op Ward,80,85,0,1.0625,106.2,1,2,-1,RED,21,3,0
2026-05-28 21:00:00,Pediatrics,Pediatric Ward,40,42,0,1.05,105.0,2,3,-1,RED,21,3,0
2026-05-28 22:00:00,Emergency,Emergency Department (ED),50,54,0,1.08,108.0,8,3,5,RED,22,3,0
2026-05-28 22:00:00,ICU,Intensive Care Unit (ICU),30,30,0,1.0,100.0,0,2,-2,RED,22,3,0
2026-05-28 22:00:00,General Medicine,General Medicine Ward,120,129,0,1.075,107.5,4,1,3,RED,22,3,0
2026-05-28 22:00:00,Surgical Ward,Surgical & Post-Op Ward,80,84,0,1.05,105.0,0,1,-1,RED,22,3,0
2026-05-28 22:00:00,Pediatrics,Pediatric Ward,40,41,0,1.025,102.5,1,2,-1,RED,22,3,0
2026-05-28 23:00:00,Emergency,Emergency Department (ED),50,54,0,1.08,108.0,5,4,1,RED,23,3,0
2026-05-28 23:00:00,ICU,Intensive Care Unit (ICU),30,30,0,1.0,100.0,1,1,0,RED,23,3,0
2026-05-28 23:00:00,General Medicine,General Medicine Ward,120,129,0,1.075,107.5,9,5,4,RED,23,3,0
2026-05-28 23:00:00,Surgical Ward,Surgical & Post-Op Ward,80,86,0,1.075,107.5,5,0,5,RED,23,3,0
2026-05-28 23:00:00,Pediatrics,Pediatric Ward,40,41,0,1.025,102.5,0,0,0,RED,23,3,0
2026-05-29 00:00:00,Emergency,Emergency Department (ED),50,51,0,1.02,102.0,0,3,-3,RED,0,4,0
2026-05-29 00:00:00,ICU,Intensive Care Unit (ICU),30,32,0,1.0667,106.7,2,0,2,RED,0,4,0
2026-05-29 00:00:00,General Medicine,General Medicine Ward,120,129,0,1.075,107.5,4,1,3,RED,0,4,0
2026-05-29 00:00:00,Surgical Ward,Surgical & Post-Op Ward,80,86,0,1.075,107.5,0,0,0,RED,0,4,0
2026-05-29 00:00:00,Pediatrics,Pediatric Ward,40,39,1,0.975,97.5,0,2,-2,RED,0,4,0
2026-05-29 01:00:00,Emergency,Emergency Department (ED),50,48,2,0.96,96.0,0,3,-3,RED,1,4,0
2026-05-29 01:00:00,ICU,Intensive Care Unit (ICU),30,31,0,1.0333,103.3,0,1,-1,RED,1,4,0
2026-05-29 01:00:00,General Medicine,General Medicine Ward,120,129,0,1.075,107.5,2,0,2,RED,1,4,0
2026-05-29 01:00:00,Surgical Ward,Surgical & Post-Op Ward,80,86,0,1.075,107.5,0,0,0,RED,1,4,0
2026-05-29 01:00:00,Pediatrics,Pediatric Ward,40,39,1,0.975,97.5,0,0,0,RED,1,4,0
2026-05-29 02:00:00,Emergency,Emergency Department (ED),50,48,2,0.96,96.0,1,1,0,RED,2,4,0
2026-05-29 02:00:00,ICU,Intensive Care Unit (ICU),30,31,0,1.0333,103.3,0,0,0,RED,2,4,0
2026-05-29 02:00:00,General Medicine,General Medicine Ward,120,129,0,1.075,107.5,1,0,1,RED,2,4,0
2026-05-29 02:00:00,Surgical Ward,Surgical & Post-Op Ward,80,86,0,1.075,107.5,0,0,0,RED,2,4,0
2026-05-29 02:00:00,Pediatrics,Pediatric Ward,40,38,2,0.95,95.0,0,1,-1,RED,2,4,0
2026-05-29 03:00:00,Emergency,Emergency Department (ED),50,48,2,0.96,96.0,0,0,0,RED,3,4,0
2026-05-29 03:00:00,ICU,Intensive Care Unit (ICU),30,30,0,1.0,100.0,0,1,-1,RED,3,4,0
2026-05-29 03:00:00,General Medicine,General Medicine Ward,120,129,0,1.075,107.5,1,0,1,RED,3,4,0
2026-05-29 03:00:00,Surgical Ward,Surgical & Post-Op Ward,80,86,0,1.075,107.5,0,0,0,RED,3,4,0
2026-05-29 03:00:00,Pediatrics,Pediatric Ward,40,37,3,0.925,92.5,0,1,-1,RED,3,4,0
2026-05-29 04:00:00,Emergency,Emergency Department (ED),50,52,0,1.04,104.0,4,0,4,RED,4,4,0
2026-05-29 04:00:00,ICU,Intensive Care Unit (ICU),30,30,0,1.0,100.0,0,0,0,RED,4,4,0
2026-05-29 04:00:00,General Medicine,General Medicine Ward,120,129,0,1.075,107.5,3,0,3,RED,4,4,0
2026-05-29 04:00:00,Surgical Ward,Surgical & Post-Op Ward,80,86,0,1.075,107.5,1,1,0,RED,4,4,0
2026-05-29 04:00:00,Pediatrics,Pediatric Ward,40,37,3,0.925,92.5,1,1,0,RED,4,4,0
2026-05-29 05:00:00,Emergency,Emergency Department (ED),50,52,0,1.04,104.0,0,0,0,RED,5,4,0
2026-05-29 05:00:00,ICU,Intensive Care Unit (ICU),30,30,0,1.0,100.0,0,0,0,RED,5,4,0
2026-05-29 05:00:00,General Medicine,General Medicine Ward,120,129,0,1.075,107.5,1,1,0,RED,5,4,0
2026-05-29 05:00:00,Surgical Ward,Surgical & Post-Op Ward,80,84,0,1.05,105.0,0,2,-2,RED,5,4,0
2026-05-29 05:00:00,Pediatrics,Pediatric Ward,40,38,2,0.95,95.0,2,1,1,RED,5,4,0
2026-05-29 06:00:00,Emergency,Emergency Department (ED),50,52,0,1.04,104.0,0,0,0,RED,6,4,0
2026-05-29 06:00:00,ICU,Intensive Care Unit (ICU),30,31,0,1.0333,103.3,1,0,1,RED,6,4,0
2026-05-29 06:00:00,General Medicine,General Medicine Ward,120,127,0,1.0583,105.8,2,4,-2,RED,6,4,0
2026-05-29 06:00:00,Surgical Ward,Surgical & Post-Op Ward,80,84,0,1.05,105.0,3,3,0,RED,6,4,0
2026-05-29 06:00:00,Pediatrics,Pediatric Ward,40,36,4,0.9,90.0,1,3,-2,RED,6,4,0
2026-05-29 07:00:00,Emergency,Emergency Department (ED),50,52,0,1.04,104.0,2,2,0,RED,7,4,0
2026-05-29 07:00:00,ICU,Intensive Care Unit (ICU),30,31,0,1.0333,103.3,1,1,0,RED,7,4,0
2026-05-29 07:00:00,General Medicine,General Medicine Ward,120,123,0,1.025,102.5,1,5,-4,RED,7,4,0
2026-05-29 07:00:00,Surgical Ward,Surgical & Post-Op Ward,80,82,0,1.025,102.5,0,2,-2,RED,7,4,0
2026-05-29 07:00:00,Pediatrics,Pediatric Ward,40,37,3,0.925,92.5,1,0,1,RED,7,4,0
2026-05-29 08:00:00,Emergency,Emergency Department (ED),50,54,0,1.08,108.0,5,0,5,RED,8,4,0
2026-05-29 08:00:00,ICU,Intensive Care Unit (ICU),30,31,0,1.0333,103.3,0,0,0,RED,8,4,0
2026-05-29 08:00:00,General Medicine,General Medicine Ward,120,123,0,1.025,102.5,6,6,0,RED,8,4,0
2026-05-29 08:00:00,Surgical Ward,Surgical & Post-Op Ward,80,84,0,1.05,105.0,6,4,2,RED,8,4,0
2026-05-29 08:00:00,Pediatrics,Pediatric Ward,40,36,4,0.9,90.0,0,1,-1,RED,8,4,0
2026-05-29 09:00:00,Emergency,Emergency Department (ED),50,53,0,1.06,106.0,1,2,-1,RED,9,4,0
2026-05-29 09:00:00,ICU,Intensive Care Unit (ICU),30,32,0,1.0667,106.7,1,0,1,RED,9,4,0
2026-05-29 09:00:00,General Medicine,General Medicine Ward,120,129,0,1.075,107.5,7,0,7,RED,9,4,0
2026-05-29 09:00:00,Surgical Ward,Surgical & Post-Op Ward,80,86,0,1.075,107.5,3,0,3,RED,9,4,0
2026-05-29 09:00:00,Pediatrics,Pediatric Ward,40,34,6,0.85,85.0,0,2,-2,AMBER,9,4,0
2026-05-29 10:00:00,Emergency,Emergency Department (ED),50,50,0,1.0,100.0,4,7,-3,RED,10,4,0
2026-05-29 10:00:00,ICU,Intensive Care Unit (ICU),30,32,0,1.0667,106.7,2,1,1,RED,10,4,0
2026-05-29 10:00:00,General Medicine,General Medicine Ward,120,124,0,1.0333,103.3,2,7,-5,RED,10,4,0
2026-05-29 10:00:00,Surgical Ward,Surgical & Post-Op Ward,80,86,0,1.075,107.5,3,1,2,RED,10,4,0
2026-05-29 10:00:00,Pediatrics,Pediatric Ward,40,32,8,0.8,80.0,0,2,-2,AMBER,10,4,0
2026-05-29 11:00:00,Emergency,Emergency Department (ED),50,52,0,1.04,104.0,6,4,2,RED,11,4,0
2026-05-29 11:00:00,ICU,Intensive Care Unit (ICU),30,32,0,1.0667,106.7,2,1,1,RED,11,4,0
2026-05-29 11:00:00,General Medicine,General Medicine Ward,120,117,3,0.975,97.5,3,10,-7,RED,11,4,0
2026-05-29 11:00:00,Surgical Ward,Surgical & Post-Op Ward,80,86,0,1.075,107.5,8,4,4,RED,11,4,0
2026-05-29 11:00:00,Pediatrics,Pediatric Ward,40,33,7,0.825,82.5,1,0,1,AMBER,11,4,0
2026-05-29 12:00:00,Emergency,Emergency Department (ED),50,53,0,1.06,106.0,4,3,1,RED,12,4,0
2026-05-29 12:00:00,ICU,Intensive Care Unit (ICU),30,32,0,1.0667,106.7,1,1,0,RED,12,4,0
2026-05-29 12:00:00,General Medicine,General Medicine Ward,120,115,5,0.9583,95.8,5,7,-2,RED,12,4,0
2026-05-29 12:00:00,Surgical Ward,Surgical & Post-Op Ward,80,86,0,1.075,107.5,3,1,2,RED,12,4,0
2026-05-29 12:00:00,Pediatrics,Pediatric Ward,40,31,9,0.775,77.5,0,2,-2,AMBER,12,4,0
2026-05-29 13:00:00,Emergency,Emergency Department (ED),50,49,1,0.98,98.0,1,5,-4,RED,13,4,0
2026-05-29 13:00:00,ICU,Intensive Care Unit (ICU),30,32,0,1.0667,106.7,1,0,1,RED,13,4,0
2026-05-29 13:00:00,General Medicine,General Medicine Ward,120,118,2,0.9833,98.3,4,1,3,RED,13,4,0
2026-05-29 13:00:00,Surgical Ward,Surgical & Post-Op Ward,80,86,0,1.075,107.5,1,0,1,RED,13,4,0
2026-05-29 13:00:00,Pediatrics,Pediatric Ward,40,31,9,0.775,77.5,1,1,0,AMBER,13,4,0
2026-05-29 14:00:00,Emergency,Emergency Department (ED),50,45,5,0.9,90.0,1,5,-4,RED,14,4,0
2026-05-29 14:00:00,ICU,Intensive Care Unit (ICU),30,32,0,1.0667,106.7,1,1,0,RED,14,4,0
2026-05-29 14:00:00,General Medicine,General Medicine Ward,120,117,3,0.975,97.5,7,8,-1,RED,14,4,0
2026-05-29 14:00:00,Surgical Ward,Surgical & Post-Op Ward,80,81,0,1.0125,101.2,0,5,-5,RED,14,4,0
2026-05-29 14:00:00,Pediatrics,Pediatric Ward,40,31,9,0.775,77.5,0,0,0,AMBER,14,4,0
2026-05-29 15:00:00,Emergency,Emergency Department (ED),50,49,1,0.98,98.0,7,3,4,RED,15,4,0
2026-05-29 15:00:00,ICU,Intensive Care Unit (ICU),30,32,0,1.0667,106.7,1,1,0,RED,15,4,0
2026-05-29 15:00:00,General Medicine,General Medicine Ward,120,126,0,1.05,105.0,9,0,9,RED,15,4,0
2026-05-29 15:00:00,Surgical Ward,Surgical & Post-Op Ward,80,80,0,1.0,100.0,2,3,-1,RED,15,4,0
2026-05-29 15:00:00,Pediatrics,Pediatric Ward,40,33,7,0.825,82.5,4,2,2,AMBER,15,4,0
2026-05-29 16:00:00,Emergency,Emergency Department (ED),50,54,0,1.08,108.0,7,1,6,RED,16,4,0
2026-05-29 16:00:00,ICU,Intensive Care Unit (ICU),30,32,0,1.0667,106.7,3,1,2,RED,16,4,0
2026-05-29 16:00:00,General Medicine,General Medicine Ward,120,122,0,1.0167,101.7,3,7,-4,RED,16,4,0
2026-05-29 16:00:00,Surgical Ward,Surgical & Post-Op Ward,80,80,0,1.0,100.0,0,0,0,RED,16,4,0
2026-05-29 16:00:00,Pediatrics,Pediatric Ward,40,34,6,0.85,85.0,1,0,1,AMBER,16,4,0
2026-05-29 17:00:00,Emergency,Emergency Department (ED),50,54,0,1.08,108.0,6,3,3,RED,17,4,0
2026-05-29 17:00:00,ICU,Intensive Care Unit (ICU),30,31,0,1.0333,103.3,1,2,-1,RED,17,4,0
2026-05-29 17:00:00,General Medicine,General Medicine Ward,120,119,1,0.9917,99.2,2,5,-3,RED,17,4,0
2026-05-29 17:00:00,Surgical Ward,Surgical & Post-Op Ward,80,77,3,0.9625,96.2,1,4,-3,RED,17,4,0
2026-05-29 17:00:00,Pediatrics,Pediatric Ward,40,36,4,0.9,90.0,5,3,2,RED,17,4,0
2026-05-29 18:00:00,Emergency,Emergency Department (ED),50,54,0,1.08,108.0,4,0,4,RED,18,4,0
2026-05-29 18:00:00,ICU,Intensive Care Unit (ICU),30,32,0,1.0667,106.7,1,0,1,RED,18,4,0
2026-05-29 18:00:00,General Medicine,General Medicine Ward,120,115,5,0.9583,95.8,0,4,-4,RED,18,4,0
2026-05-29 18:00:00,Surgical Ward,Surgical & Post-Op Ward,80,74,6,0.925,92.5,1,4,-3,RED,18,4,0
2026-05-29 18:00:00,Pediatrics,Pediatric Ward,40,39,1,0.975,97.5,3,0,3,RED,18,4,0
2026-05-29 19:00:00,Emergency,Emergency Department (ED),50,54,0,1.08,108.0,5,2,3,RED,19,4,0
2026-05-29 19:00:00,ICU,Intensive Care Unit (ICU),30,29,1,0.9667,96.7,0,3,-3,RED,19,4,0
2026-05-29 19:00:00,General Medicine,General Medicine Ward,120,114,6,0.95,95.0,2,3,-1,RED,19,4,0
2026-05-29 19:00:00,Surgical Ward,Surgical & Post-Op Ward,80,77,3,0.9625,96.2,4,1,3,RED,19,4,0
2026-05-29 19:00:00,Pediatrics,Pediatric Ward,40,39,1,0.975,97.5,0,0,0,RED,19,4,0
2026-05-29 20:00:00,Emergency,Emergency Department (ED),50,54,0,1.08,108.0,8,3,5,RED,20,4,0
2026-05-29 20:00:00,ICU,Intensive Care Unit (ICU),30,30,0,1.0,100.0,1,0,1,RED,20,4,0
2026-05-29 20:00:00,General Medicine,General Medicine Ward,120,115,5,0.9583,95.8,5,4,1,RED,20,4,0
2026-05-29 20:00:00,Surgical Ward,Surgical & Post-Op Ward,80,79,1,0.9875,98.8,2,0,2,RED,20,4,0
2026-05-29 20:00:00,Pediatrics,Pediatric Ward,40,40,0,1.0,100.0,1,0,1,RED,20,4,0
2026-05-29 21:00:00,Emergency,Emergency Department (ED),50,54,0,1.08,108.0,5,2,3,RED,21,4,0
2026-05-29 21:00:00,ICU,Intensive Care Unit (ICU),30,29,1,0.9667,96.7,0,1,-1,RED,21,4,0
2026-05-29 21:00:00,General Medicine,General Medicine Ward,120,115,5,0.9583,95.8,4,4,0,RED,21,4,0
2026-05-29 21:00:00,Surgical Ward,Surgical & Post-Op Ward,80,79,1,0.9875,98.8,3,3,0,RED,21,4,0
2026-05-29 21:00:00,Pediatrics,Pediatric Ward,40,40,0,1.0,100.0,0,0,0,RED,21,4,0
2026-05-29 22:00:00,Emergency,Emergency Department (ED),50,54,0,1.08,108.0,7,3,4,RED,22,4,0
2026-05-29 22:00:00,ICU,Intensive Care Unit (ICU),30,29,1,0.9667,96.7,1,1,0,RED,22,4,0
2026-05-29 22:00:00,General Medicine,General Medicine Ward,120,113,7,0.9417,94.2,3,5,-2,RED,22,4,0
2026-05-29 22:00:00,Surgical Ward,Surgical & Post-Op Ward,80,78,2,0.975,97.5,2,3,-1,RED,22,4,0
2026-05-29 22:00:00,Pediatrics,Pediatric Ward,40,41,0,1.025,102.5,3,2,1,RED,22,4,0
2026-05-29 23:00:00,Emergency,Emergency Department (ED),50,54,0,1.08,108.0,8,0,8,RED,23,4,0
2026-05-29 23:00:00,ICU,Intensive Care Unit (ICU),30,29,1,0.9667,96.7,0,0,0,RED,23,4,0
2026-05-29 23:00:00,General Medicine,General Medicine Ward,120,112,8,0.9333,93.3,3,4,-1,RED,23,4,0
2026-05-29 23:00:00,Surgical Ward,Surgical & Post-Op Ward,80,76,4,0.95,95.0,2,4,-2,RED,23,4,0
2026-05-29 23:00:00,Pediatrics,Pediatric Ward,40,42,0,1.05,105.0,2,1,1,RED,23,4,0
2026-05-30 00:00:00,Emergency,Emergency Department (ED),50,52,0,1.04,104.0,1,3,-2,RED,0,5,1
2026-05-30 00:00:00,ICU,Intensive Care Unit (ICU),30,30,0,1.0,100.0,1,0,1,RED,0,5,1
2026-05-30 00:00:00,General Medicine,General Medicine Ward,120,109,11,0.9083,90.8,3,6,-3,RED,0,5,1
2026-05-30 00:00:00,Surgical Ward,Surgical & Post-Op Ward,80,76,4,0.95,95.0,0,0,0,RED,0,5,1
2026-05-30 00:00:00,Pediatrics,Pediatric Ward,40,43,0,1.075,107.5,2,1,1,RED,0,5,1
2026-05-30 01:00:00,Emergency,Emergency Department (ED),50,54,0,1.08,108.0,5,2,3,RED,1,5,1
2026-05-30 01:00:00,ICU,Intensive Care Unit (ICU),30,30,0,1.0,100.0,0,0,0,RED,1,5,1
2026-05-30 01:00:00,General Medicine,General Medicine Ward,120,108,12,0.9,90.0,0,1,-1,RED,1,5,1
2026-05-30 01:00:00,Surgical Ward,Surgical & Post-Op Ward,80,76,4,0.95,95.0,0,0,0,RED,1,5,1
2026-05-30 01:00:00,Pediatrics,Pediatric Ward,40,43,0,1.075,107.5,2,1,1,RED,1,5,1
2026-05-30 02:00:00,Emergency,Emergency Department (ED),50,52,0,1.04,104.0,0,2,-2,RED,2,5,1
2026-05-30 02:00:00,ICU,Intensive Care Unit (ICU),30,30,0,1.0,100.0,1,1,0,RED,2,5,1
2026-05-30 02:00:00,General Medicine,General Medicine Ward,120,111,9,0.925,92.5,3,0,3,RED,2,5,1
2026-05-30 02:00:00,Surgical Ward,Surgical & Post-Op Ward,80,75,5,0.9375,93.8,0,1,-1,RED,2,5,1
2026-05-30 02:00:00,Pediatrics,Pediatric Ward,40,43,0,1.075,107.5,0,0,0,RED,2,5,1
2026-05-30 03:00:00,Emergency,Emergency Department (ED),50,52,0,1.04,104.0,1,1,0,RED,3,5,1
2026-05-30 03:00:00,ICU,Intensive Care Unit (ICU),30,30,0,1.0,100.0,0,0,0,RED,3,5,1
2026-05-30 03:00:00,General Medicine,General Medicine Ward,120,112,8,0.9333,93.3,2,1,1,RED,3,5,1
2026-05-30 03:00:00,Surgical Ward,Surgical & Post-Op Ward,80,75,5,0.9375,93.8,0,0,0,RED,3,5,1
2026-05-30 03:00:00,Pediatrics,Pediatric Ward,40,43,0,1.075,107.5,0,0,0,RED,3,5,1
2026-05-30 04:00:00,Emergency,Emergency Department (ED),50,54,0,1.08,108.0,2,0,2,RED,4,5,1
2026-05-30 04:00:00,ICU,Intensive Care Unit (ICU),30,30,0,1.0,100.0,0,0,0,RED,4,5,1
2026-05-30 04:00:00,General Medicine,General Medicine Ward,120,111,9,0.925,92.5,0,1,-1,RED,4,5,1
2026-05-30 04:00:00,Surgical Ward,Surgical & Post-Op Ward,80,75,5,0.9375,93.8,0,0,0,RED,4,5,1
2026-05-30 04:00:00,Pediatrics,Pediatric Ward,40,43,0,1.075,107.5,0,0,0,RED,4,5,1
2026-05-30 05:00:00,Emergency,Emergency Department (ED),50,54,0,1.08,108.0,0,0,0,RED,5,5,1
2026-05-30 05:00:00,ICU,Intensive Care Unit (ICU),30,30,0,1.0,100.0,0,0,0,RED,5,5,1
2026-05-30 05:00:00,General Medicine,General Medicine Ward,120,112,8,0.9333,93.3,1,0,1,RED,5,5,1
2026-05-30 05:00:00,Surgical Ward,Surgical & Post-Op Ward,80,75,5,0.9375,93.8,2,2,0,RED,5,5,1
2026-05-30 05:00:00,Pediatrics,Pediatric Ward,40,43,0,1.075,107.5,0,0,0,RED,5,5,1
2026-05-30 06:00:00,Emergency,Emergency Department (ED),50,54,0,1.08,108.0,3,0,3,RED,6,5,1
2026-05-30 06:00:00,ICU,Intensive Care Unit (ICU),30,30,0,1.0,100.0,0,0,0,RED,6,5,1
2026-05-30 06:00:00,General Medicine,General Medicine Ward,120,106,14,0.8833,88.3,0,6,-6,AMBER,6,5,1
2026-05-30 06:00:00,Surgical Ward,Surgical & Post-Op Ward,80,74,6,0.925,92.5,0,1,-1,RED,6,5,1
2026-05-30 06:00:00,Pediatrics,Pediatric Ward,40,43,0,1.075,107.5,3,2,1,RED,6,5,1
2026-05-30 07:00:00,Emergency,Emergency Department (ED),50,54,0,1.08,108.0,2,1,1,RED,7,5,1
2026-05-30 07:00:00,ICU,Intensive Care Unit (ICU),30,30,0,1.0,100.0,0,0,0,RED,7,5,1
2026-05-30 07:00:00,General Medicine,General Medicine Ward,120,108,12,0.9,90.0,5,3,2,RED,7,5,1
2026-05-30 07:00:00,Surgical Ward,Surgical & Post-Op Ward,80,71,9,0.8875,88.8,0,3,-3,AMBER,7,5,1
2026-05-30 07:00:00,Pediatrics,Pediatric Ward,40,43,0,1.075,107.5,3,0,3,RED,7,5,1
2026-05-30 08:00:00,Emergency,Emergency Department (ED),50,54,0,1.08,108.0,5,3,2,RED,8,5,1
2026-05-30 08:00:00,ICU,Intensive Care Unit (ICU),30,30,0,1.0,100.0,0,0,0,RED,8,5,1
2026-05-30 08:00:00,General Medicine,General Medicine Ward,120,107,13,0.8917,89.2,1,2,-1,AMBER,8,5,1
2026-05-30 08:00:00,Surgical Ward,Surgical & Post-Op Ward,80,69,11,0.8625,86.2,0,2,-2,AMBER,8,5,1
2026-05-30 08:00:00,Pediatrics,Pediatric Ward,40,43,0,1.075,107.5,1,0,1,RED,8,5,1
2026-05-30 09:00:00,Emergency,Emergency Department (ED),50,54,0,1.08,108.0,2,2,0,RED,9,5,1
2026-05-30 09:00:00,ICU,Intensive Care Unit (ICU),30,31,0,1.0333,103.3,1,0,1,RED,9,5,1
2026-05-30 09:00:00,General Medicine,General Medicine Ward,120,102,18,0.85,85.0,0,5,-5,AMBER,9,5,1
2026-05-30 09:00:00,Surgical Ward,Surgical & Post-Op Ward,80,66,14,0.825,82.5,4,7,-3,AMBER,9,5,1
2026-05-30 09:00:00,Pediatrics,Pediatric Ward,40,43,0,1.075,107.5,2,1,1,RED,9,5,1
2026-05-30 10:00:00,Emergency,Emergency Department (ED),50,52,0,1.04,104.0,2,4,-2,RED,10,5,1
2026-05-30 10:00:00,ICU,Intensive Care Unit (ICU),30,30,0,1.0,100.0,0,1,-1,RED,10,5,1
2026-05-30 10:00:00,General Medicine,General Medicine Ward,120,96,24,0.8,80.0,0,6,-6,AMBER,10,5,1
2026-05-30 10:00:00,Surgical Ward,Surgical & Post-Op Ward,80,62,18,0.775,77.5,1,5,-4,AMBER,10,5,1
2026-05-30 10:00:00,Pediatrics,Pediatric Ward,40,43,0,1.075,107.5,2,1,1,RED,10,5,1
2026-05-30 11:00:00,Emergency,Emergency Department (ED),50,54,0,1.08,108.0,5,1,4,RED,11,5,1
2026-05-30 11:00:00,ICU,Intensive Care Unit (ICU),30,31,0,1.0333,103.3,1,0,1,RED,11,5,1
2026-05-30 11:00:00,General Medicine,General Medicine Ward,120,96,24,0.8,80.0,4,4,0,AMBER,11,5,1
2026-05-30 11:00:00,Surgical Ward,Surgical & Post-Op Ward,80,60,20,0.75,75.0,2,4,-2,AMBER,11,5,1
2026-05-30 11:00:00,Pediatrics,Pediatric Ward,40,43,0,1.075,107.5,0,0,0,RED,11,5,1
2026-05-30 12:00:00,Emergency,Emergency Department (ED),50,52,0,1.04,104.0,4,6,-2,RED,12,5,1
2026-05-30 12:00:00,ICU,Intensive Care Unit (ICU),30,31,0,1.0333,103.3,2,2,0,RED,12,5,1
2026-05-30 12:00:00,General Medicine,General Medicine Ward,120,93,27,0.775,77.5,2,5,-3,AMBER,12,5,1
2026-05-30 12:00:00,Surgical Ward,Surgical & Post-Op Ward,80,58,22,0.725,72.5,0,2,-2,GREEN,12,5,1
2026-05-30 12:00:00,Pediatrics,Pediatric Ward,40,43,0,1.075,107.5,0,0,0,RED,12,5,1
2026-05-30 13:00:00,Emergency,Emergency Department (ED),50,53,0,1.06,106.0,3,2,1,RED,13,5,1
2026-05-30 13:00:00,ICU,Intensive Care Unit (ICU),30,31,0,1.0333,103.3,0,0,0,RED,13,5,1
2026-05-30 13:00:00,General Medicine,General Medicine Ward,120,92,28,0.7667,76.7,5,6,-1,AMBER,13,5,1
2026-05-30 13:00:00,Surgical Ward,Surgical & Post-Op Ward,80,57,23,0.7125,71.2,1,2,-1,GREEN,13,5,1
2026-05-30 13:00:00,Pediatrics,Pediatric Ward,40,42,0,1.05,105.0,1,2,-1,RED,13,5,1
2026-05-30 14:00:00,Emergency,Emergency Department (ED),50,48,2,0.96,96.0,3,8,-5,RED,14,5,1
2026-05-30 14:00:00,ICU,Intensive Care Unit (ICU),30,31,0,1.0333,103.3,0,0,0,RED,14,5,1
2026-05-30 14:00:00,General Medicine,General Medicine Ward,120,90,30,0.75,75.0,2,4,-2,AMBER,14,5,1
2026-05-30 14:00:00,Surgical Ward,Surgical & Post-Op Ward,80,55,25,0.6875,68.8,0,2,-2,GREEN,14,5,1
2026-05-30 14:00:00,Pediatrics,Pediatric Ward,40,43,0,1.075,107.5,2,0,2,RED,14,5,1
2026-05-30 15:00:00,Emergency,Emergency Department (ED),50,54,0,1.08,108.0,7,0,7,RED,15,5,1
2026-05-30 15:00:00,ICU,Intensive Care Unit (ICU),30,29,1,0.9667,96.7,0,2,-2,RED,15,5,1
2026-05-30 15:00:00,General Medicine,General Medicine Ward,120,92,28,0.7667,76.7,5,3,2,AMBER,15,5,1
2026-05-30 15:00:00,Surgical Ward,Surgical & Post-Op Ward,80,52,28,0.65,65.0,1,4,-3,GREEN,15,5,1
2026-05-30 15:00:00,Pediatrics,Pediatric Ward,40,42,0,1.05,105.0,2,3,-1,RED,15,5,1
2026-05-30 16:00:00,Emergency,Emergency Department (ED),50,54,0,1.08,108.0,3,2,1,RED,16,5,1
2026-05-30 16:00:00,ICU,Intensive Care Unit (ICU),30,29,1,0.9667,96.7,1,1,0,RED,16,5,1
2026-05-30 16:00:00,General Medicine,General Medicine Ward,120,92,28,0.7667,76.7,5,5,0,AMBER,16,5,1
2026-05-30 16:00:00,Surgical Ward,Surgical & Post-Op Ward,80,52,28,0.65,65.0,0,0,0,GREEN,16,5,1
2026-05-30 16:00:00,Pediatrics,Pediatric Ward,40,43,0,1.075,107.5,4,1,3,RED,16,5,1
2026-05-30 17:00:00,Emergency,Emergency Department (ED),50,54,0,1.08,108.0,4,2,2,RED,17,5,1
2026-05-30 17:00:00,ICU,Intensive Care Unit (ICU),30,28,2,0.9333,93.3,0,1,-1,RED,17,5,1
2026-05-30 17:00:00,General Medicine,General Medicine Ward,120,95,25,0.7917,79.2,6,3,3,AMBER,17,5,1
2026-05-30 17:00:00,Surgical Ward,Surgical & Post-Op Ward,80,51,29,0.6375,63.7,1,2,-1,GREEN,17,5,1
2026-05-30 17:00:00,Pediatrics,Pediatric Ward,40,43,0,1.075,107.5,3,0,3,RED,17,5,1
2026-05-30 18:00:00,Emergency,Emergency Department (ED),50,54,0,1.08,108.0,2,2,0,RED,18,5,1
2026-05-30 18:00:00,ICU,Intensive Care Unit (ICU),30,28,2,0.9333,93.3,0,0,0,RED,18,5,1
2026-05-30 18:00:00,General Medicine,General Medicine Ward,120,98,22,0.8167,81.7,4,1,3,AMBER,18,5,1
2026-05-30 18:00:00,Surgical Ward,Surgical & Post-Op Ward,80,50,30,0.625,62.5,1,2,-1,GREEN,18,5,1
2026-05-30 18:00:00,Pediatrics,Pediatric Ward,40,43,0,1.075,107.5,2,0,2,RED,18,5,1
2026-05-30 19:00:00,Emergency,Emergency Department (ED),50,54,0,1.08,108.0,5,4,1,RED,19,5,1
2026-05-30 19:00:00,ICU,Intensive Care Unit (ICU),30,28,2,0.9333,93.3,1,1,0,RED,19,5,1
2026-05-30 19:00:00,General Medicine,General Medicine Ward,120,101,19,0.8417,84.2,3,0,3,AMBER,19,5,1
2026-05-30 19:00:00,Surgical Ward,Surgical & Post-Op Ward,80,48,32,0.6,60.0,0,2,-2,GREEN,19,5,1
2026-05-30 19:00:00,Pediatrics,Pediatric Ward,40,43,0,1.075,107.5,3,2,1,RED,19,5,1
2026-05-30 20:00:00,Emergency,Emergency Department (ED),50,54,0,1.08,108.0,6,1,5,RED,20,5,1
2026-05-30 20:00:00,ICU,Intensive Care Unit (ICU),30,29,1,0.9667,96.7,1,0,1,RED,20,5,1
2026-05-30 20:00:00,General Medicine,General Medicine Ward,120,102,18,0.85,85.0,2,1,1,AMBER,20,5,1
2026-05-30 20:00:00,Surgical Ward,Surgical & Post-Op Ward,80,47,33,0.5875,58.8,1,2,-1,GREEN,20,5,1
2026-05-30 20:00:00,Pediatrics,Pediatric Ward,40,43,0,1.075,107.5,2,0,2,RED,20,5,1
2026-05-30 21:00:00,Emergency,Emergency Department (ED),50,48,2,0.96,96.0,2,8,-6,RED,21,5,1
2026-05-30 21:00:00,ICU,Intensive Care Unit (ICU),30,29,1,0.9667,96.7,0,0,0,RED,21,5,1
2026-05-30 21:00:00,General Medicine,General Medicine Ward,120,104,16,0.8667,86.7,3,1,2,AMBER,21,5,1
2026-05-30 21:00:00,Surgical Ward,Surgical & Post-Op Ward,80,47,33,0.5875,58.8,2,2,0,GREEN,21,5,1
2026-05-30 21:00:00,Pediatrics,Pediatric Ward,40,41,0,1.025,102.5,1,3,-2,RED,21,5,1
2026-05-30 22:00:00,Emergency,Emergency Department (ED),50,50,0,1.0,100.0,3,1,2,RED,22,5,1
2026-05-30 22:00:00,ICU,Intensive Care Unit (ICU),30,29,1,0.9667,96.7,0,0,0,RED,22,5,1
2026-05-30 22:00:00,General Medicine,General Medicine Ward,120,103,17,0.8583,85.8,3,4,-1,AMBER,22,5,1
2026-05-30 22:00:00,Surgical Ward,Surgical & Post-Op Ward,80,45,35,0.5625,56.2,1,3,-2,GREEN,22,5,1
2026-05-30 22:00:00,Pediatrics,Pediatric Ward,40,42,0,1.05,105.0,2,1,1,RED,22,5,1
2026-05-30 23:00:00,Emergency,Emergency Department (ED),50,48,2,0.96,96.0,3,5,-2,RED,23,5,1
2026-05-30 23:00:00,ICU,Intensive Care Unit (ICU),30,28,2,0.9333,93.3,0,1,-1,RED,23,5,1
2026-05-30 23:00:00,General Medicine,General Medicine Ward,120,101,19,0.8417,84.2,2,4,-2,AMBER,23,5,1
2026-05-30 23:00:00,Surgical Ward,Surgical & Post-Op Ward,80,48,32,0.6,60.0,3,0,3,GREEN,23,5,1
2026-05-30 23:00:00,Pediatrics,Pediatric Ward,40,43,0,1.075,107.5,1,0,1,RED,23,5,1
2026-05-31 00:00:00,Emergency,Emergency Department (ED),50,53,0,1.06,106.0,7,2,5,RED,0,6,1
2026-05-31 00:00:00,ICU,Intensive Care Unit (ICU),30,31,0,1.0333,103.3,3,0,3,RED,0,6,1
2026-05-31 00:00:00,General Medicine,General Medicine Ward,120,102,18,0.85,85.0,3,2,1,AMBER,0,6,1
2026-05-31 00:00:00,Surgical Ward,Surgical & Post-Op Ward,80,48,32,0.6,60.0,0,0,0,GREEN,0,6,1
2026-05-31 00:00:00,Pediatrics,Pediatric Ward,40,43,0,1.075,107.5,1,0,1,RED,0,6,1
2026-05-31 01:00:00,Emergency,Emergency Department (ED),50,54,0,1.08,108.0,4,0,4,RED,1,6,1
2026-05-31 01:00:00,ICU,Intensive Care Unit (ICU),30,31,0,1.0333,103.3,0,0,0,RED,1,6,1
2026-05-31 01:00:00,General Medicine,General Medicine Ward,120,102,18,0.85,85.0,1,1,0,AMBER,1,6,1
2026-05-31 01:00:00,Surgical Ward,Surgical & Post-Op Ward,80,48,32,0.6,60.0,0,0,0,GREEN,1,6,1
2026-05-31 01:00:00,Pediatrics,Pediatric Ward,40,43,0,1.075,107.5,2,0,2,RED,1,6,1
2026-05-31 02:00:00,Emergency,Emergency Department (ED),50,54,0,1.08,108.0,0,0,0,RED,2,6,1
2026-05-31 02:00:00,ICU,Intensive Care Unit (ICU),30,32,0,1.0667,106.7,1,0,1,RED,2,6,1
2026-05-31 02:00:00,General Medicine,General Medicine Ward,120,104,16,0.8667,86.7,2,0,2,AMBER,2,6,1
2026-05-31 02:00:00,Surgical Ward,Surgical & Post-Op Ward,80,49,31,0.6125,61.3,1,0,1,GREEN,2,6,1
2026-05-31 02:00:00,Pediatrics,Pediatric Ward,40,43,0,1.075,107.5,0,0,0,RED,2,6,1
2026-05-31 03:00:00,Emergency,Emergency Department (ED),50,54,0,1.08,108.0,0,0,0,RED,3,6,1
2026-05-31 03:00:00,ICU,Intensive Care Unit (ICU),30,32,0,1.0667,106.7,0,0,0,RED,3,6,1
2026-05-31 03:00:00,General Medicine,General Medicine Ward,120,104,16,0.8667,86.7,0,0,0,AMBER,3,6,1
2026-05-31 03:00:00,Surgical Ward,Surgical & Post-Op Ward,80,49,31,0.6125,61.3,0,0,0,GREEN,3,6,1
2026-05-31 03:00:00,Pediatrics,Pediatric Ward,40,42,0,1.05,105.0,0,1,-1,RED,3,6,1
2026-05-31 04:00:00,Emergency,Emergency Department (ED),50,53,0,1.06,106.0,0,1,-1,RED,4,6,1
2026-05-31 04:00:00,ICU,Intensive Care Unit (ICU),30,32,0,1.0667,106.7,0,0,0,RED,4,6,1
2026-05-31 04:00:00,General Medicine,General Medicine Ward,120,103,17,0.8583,85.8,0,1,-1,AMBER,4,6,1
2026-05-31 04:00:00,Surgical Ward,Surgical & Post-Op Ward,80,49,31,0.6125,61.3,0,0,0,GREEN,4,6,1
2026-05-31 04:00:00,Pediatrics,Pediatric Ward,40,42,0,1.05,105.0,0,0,0,RED,4,6,1
2026-05-31 05:00:00,Emergency,Emergency Department (ED),50,54,0,1.08,108.0,3,1,2,RED,5,6,1
2026-05-31 05:00:00,ICU,Intensive Care Unit (ICU),30,32,0,1.0667,106.7,0,0,0,RED,5,6,1
2026-05-31 05:00:00,General Medicine,General Medicine Ward,120,104,16,0.8667,86.7,1,0,1,AMBER,5,6,1
2026-05-31 05:00:00,Surgical Ward,Surgical & Post-Op Ward,80,48,32,0.6,60.0,0,1,-1,GREEN,5,6,1
2026-05-31 05:00:00,Pediatrics,Pediatric Ward,40,42,0,1.05,105.0,0,0,0,RED,5,6,1
2026-05-31 06:00:00,Emergency,Emergency Department (ED),50,54,0,1.08,108.0,2,0,2,RED,6,6,1
2026-05-31 06:00:00,ICU,Intensive Care Unit (ICU),30,32,0,1.0667,106.7,0,0,0,RED,6,6,1
2026-05-31 06:00:00,General Medicine,General Medicine Ward,120,98,22,0.8167,81.7,0,6,-6,AMBER,6,6,1
2026-05-31 06:00:00,Surgical Ward,Surgical & Post-Op Ward,80,46,34,0.575,57.5,1,3,-2,GREEN,6,6,1
2026-05-31 06:00:00,Pediatrics,Pediatric Ward,40,40,0,1.0,100.0,0,2,-2,RED,6,6,1
2026-05-31 07:00:00,Emergency,Emergency Department (ED),50,53,0,1.06,106.0,4,5,-1,RED,7,6,1
2026-05-31 07:00:00,ICU,Intensive Care Unit (ICU),30,32,0,1.0667,106.7,0,0,0,RED,7,6,1
2026-05-31 07:00:00,General Medicine,General Medicine Ward,120,97,23,0.8083,80.8,2,3,-1,AMBER,7,6,1
2026-05-31 07:00:00,Surgical Ward,Surgical & Post-Op Ward,80,43,37,0.5375,53.8,1,4,-3,GREEN,7,6,1
2026-05-31 07:00:00,Pediatrics,Pediatric Ward,40,42,0,1.05,105.0,3,1,2,RED,7,6,1
2026-05-31 08:00:00,Emergency,Emergency Department (ED),50,54,0,1.08,108.0,6,0,6,RED,8,6,1
2026-05-31 08:00:00,ICU,Intensive Care Unit (ICU),30,32,0,1.0667,106.7,0,0,0,RED,8,6,1
2026-05-31 08:00:00,General Medicine,General Medicine Ward,120,97,23,0.8083,80.8,4,4,0,AMBER,8,6,1
2026-05-31 08:00:00,Surgical Ward,Surgical & Post-Op Ward,80,43,37,0.5375,53.8,1,1,0,GREEN,8,6,1
2026-05-31 08:00:00,Pediatrics,Pediatric Ward,40,39,1,0.975,97.5,0,3,-3,RED,8,6,1
2026-05-31 09:00:00,Emergency,Emergency Department (ED),50,54,0,1.08,108.0,6,5,1,RED,9,6,1
2026-05-31 09:00:00,ICU,Intensive Care Unit (ICU),30,32,0,1.0667,106.7,0,0,0,RED,9,6,1
2026-05-31 09:00:00,General Medicine,General Medicine Ward,120,98,22,0.8167,81.7,4,3,1,AMBER,9,6,1
2026-05-31 09:00:00,Surgical Ward,Surgical & Post-Op Ward,80,41,39,0.5125,51.2,1,3,-2,GREEN,9,6,1
2026-05-31 09:00:00,Pediatrics,Pediatric Ward,40,39,1,0.975,97.5,0,0,0,RED,9,6,1
2026-05-31 10:00:00,Emergency,Emergency Department (ED),50,54,0,1.08,108.0,3,1,2,RED,10,6,1
2026-05-31 10:00:00,ICU,Intensive Care Unit (ICU),30,32,0,1.0667,106.7,1,1,0,RED,10,6,1
2026-05-31 10:00:00,General Medicine,General Medicine Ward,120,99,21,0.825,82.5,1,0,1,AMBER,10,6,1
2026-05-31 10:00:00,Surgical Ward,Surgical & Post-Op Ward,80,39,41,0.4875,48.8,2,4,-2,GREEN,10,6,1
2026-05-31 10:00:00,Pediatrics,Pediatric Ward,40,41,0,1.025,102.5,2,0,2,RED,10,6,1
2026-05-31 11:00:00,Emergency,Emergency Department (ED),50,47,3,0.94,94.0,0,7,-7,RED,11,6,1
2026-05-31 11:00:00,ICU,Intensive Care Unit (ICU),30,32,0,1.0667,106.7,1,1,0,RED,11,6,1
2026-05-31 11:00:00,General Medicine,General Medicine Ward,120,97,23,0.8083,80.8,3,5,-2,AMBER,11,6,1
2026-05-31 11:00:00,Surgical Ward,Surgical & Post-Op Ward,80,36,44,0.45,45.0,0,3,-3,GREEN,11,6,1
2026-05-31 11:00:00,Pediatrics,Pediatric Ward,40,41,0,1.025,102.5,0,0,0,RED,11,6,1
2026-05-31 12:00:00,Emergency,Emergency Department (ED),50,49,1,0.98,98.0,2,0,2,RED,12,6,1
2026-05-31 12:00:00,ICU,Intensive Care Unit (ICU),30,32,0,1.0667,106.7,0,0,0,RED,12,6,1
2026-05-31 12:00:00,General Medicine,General Medicine Ward,120,94,26,0.7833,78.3,1,4,-3,AMBER,12,6,1
2026-05-31 12:00:00,Surgical Ward,Surgical & Post-Op Ward,80,36,44,0.45,45.0,1,1,0,GREEN,12,6,1
2026-05-31 12:00:00,Pediatrics,Pediatric Ward,40,43,0,1.075,107.5,4,2,2,RED,12,6,1
2026-05-31 13:00:00,Emergency,Emergency Department (ED),50,52,0,1.04,104.0,6,3,3,RED,13,6,1
2026-05-31 13:00:00,ICU,Intensive Care Unit (ICU),30,32,0,1.0667,106.7,1,1,0,RED,13,6,1
2026-05-31 13:00:00,General Medicine,General Medicine Ward,120,92,28,0.7667,76.7,2,4,-2,AMBER,13,6,1
2026-05-31 13:00:00,Surgical Ward,Surgical & Post-Op Ward,80,38,42,0.475,47.5,4,2,2,GREEN,13,6,1
2026-05-31 13:00:00,Pediatrics,Pediatric Ward,40,43,0,1.075,107.5,2,1,1,RED,13,6,1
2026-05-31 14:00:00,Emergency,Emergency Department (ED),50,54,0,1.08,108.0,5,2,3,RED,14,6,1
2026-05-31 14:00:00,ICU,Intensive Care Unit (ICU),30,30,0,1.0,100.0,0,2,-2,RED,14,6,1
2026-05-31 14:00:00,General Medicine,General Medicine Ward,120,97,23,0.8083,80.8,5,0,5,AMBER,14,6,1
2026-05-31 14:00:00,Surgical Ward,Surgical & Post-Op Ward,80,36,44,0.45,45.0,1,3,-2,GREEN,14,6,1
2026-05-31 14:00:00,Pediatrics,Pediatric Ward,40,43,0,1.075,107.5,2,2,0,RED,14,6,1
2026-05-31 15:00:00,Emergency,Emergency Department (ED),50,54,0,1.08,108.0,6,2,4,RED,15,6,1
2026-05-31 15:00:00,ICU,Intensive Care Unit (ICU),30,31,0,1.0333,103.3,1,0,1,RED,15,6,1
2026-05-31 15:00:00,General Medicine,General Medicine Ward,120,98,22,0.8167,81.7,2,1,1,AMBER,15,6,1
2026-05-31 15:00:00,Surgical Ward,Surgical & Post-Op Ward,80,32,48,0.4,40.0,0,4,-4,GREEN,15,6,1
2026-05-31 15:00:00,Pediatrics,Pediatric Ward,40,43,0,1.075,107.5,3,2,1,RED,15,6,1
2026-05-31 16:00:00,Emergency,Emergency Department (ED),50,54,0,1.08,108.0,4,1,3,RED,16,6,1
2026-05-31 16:00:00,ICU,Intensive Care Unit (ICU),30,30,0,1.0,100.0,0,1,-1,RED,16,6,1
2026-05-31 16:00:00,General Medicine,General Medicine Ward,120,97,23,0.8083,80.8,5,6,-1,AMBER,16,6,1
2026-05-31 16:00:00,Surgical Ward,Surgical & Post-Op Ward,80,31,49,0.3875,38.8,0,1,-1,GREEN,16,6,1
2026-05-31 16:00:00,Pediatrics,Pediatric Ward,40,43,0,1.075,107.5,0,0,0,RED,16,6,1
2026-05-31 17:00:00,Emergency,Emergency Department (ED),50,54,0,1.08,108.0,5,2,3,RED,17,6,1
2026-05-31 17:00:00,ICU,Intensive Care Unit (ICU),30,30,0,1.0,100.0,0,0,0,RED,17,6,1
2026-05-31 17:00:00,General Medicine,General Medicine Ward,120,99,21,0.825,82.5,4,2,2,AMBER,17,6,1
2026-05-31 17:00:00,Surgical Ward,Surgical & Post-Op Ward,80,30,50,0.375,37.5,2,3,-1,GREEN,17,6,1
2026-05-31 17:00:00,Pediatrics,Pediatric Ward,40,42,0,1.05,105.0,0,1,-1,RED,17,6,1
2026-05-31 18:00:00,Emergency,Emergency Department (ED),50,53,0,1.06,106.0,4,5,-1,RED,18,6,1
2026-05-31 18:00:00,ICU,Intensive Care Unit (ICU),30,31,0,1.0333,103.3,1,0,1,RED,18,6,1
2026-05-31 18:00:00,General Medicine,General Medicine Ward,120,101,19,0.8417,84.2,2,0,2,AMBER,18,6,1
2026-05-31 18:00:00,Surgical Ward,Surgical & Post-Op Ward,80,27,53,0.3375,33.8,2,5,-3,GREEN,18,6,1
2026-05-31 18:00:00,Pediatrics,Pediatric Ward,40,42,0,1.05,105.0,0,0,0,RED,18,6,1
2026-05-31 19:00:00,Emergency,Emergency Department (ED),50,54,0,1.08,108.0,5,1,4,RED,19,6,1
2026-05-31 19:00:00,ICU,Intensive Care Unit (ICU),30,32,0,1.0667,106.7,2,1,1,RED,19,6,1
2026-05-31 19:00:00,General Medicine,General Medicine Ward,120,96,24,0.8,80.0,2,7,-5,AMBER,19,6,1
2026-05-31 19:00:00,Surgical Ward,Surgical & Post-Op Ward,80,27,53,0.3375,33.8,1,1,0,GREEN,19,6,1
2026-05-31 19:00:00,Pediatrics,Pediatric Ward,40,43,0,1.075,107.5,2,0,2,RED,19,6,1
2026-05-31 20:00:00,Emergency,Emergency Department (ED),50,54,0,1.08,108.0,8,3,5,RED,20,6,1
2026-05-31 20:00:00,ICU,Intensive Care Unit (ICU),30,32,0,1.0667,106.7,0,0,0,RED,20,6,1
2026-05-31 20:00:00,General Medicine,General Medicine Ward,120,93,27,0.775,77.5,1,4,-3,AMBER,20,6,1
2026-05-31 20:00:00,Surgical Ward,Surgical & Post-Op Ward,80,25,55,0.3125,31.2,0,2,-2,GREEN,20,6,1
2026-05-31 20:00:00,Pediatrics,Pediatric Ward,40,43,0,1.075,107.5,1,1,0,RED,20,6,1
2026-05-31 21:00:00,Emergency,Emergency Department (ED),50,54,0,1.08,108.0,8,4,4,RED,21,6,1
2026-05-31 21:00:00,ICU,Intensive Care Unit (ICU),30,32,0,1.0667,106.7,0,0,0,RED,21,6,1
2026-05-31 21:00:00,General Medicine,General Medicine Ward,120,92,28,0.7667,76.7,2,3,-1,AMBER,21,6,1
2026-05-31 21:00:00,Surgical Ward,Surgical & Post-Op Ward,80,25,55,0.3125,31.2,1,1,0,GREEN,21,6,1
2026-05-31 21:00:00,Pediatrics,Pediatric Ward,40,42,0,1.05,105.0,0,1,-1,RED,21,6,1
2026-05-31 22:00:00,Emergency,Emergency Department (ED),50,54,0,1.08,108.0,9,5,4,RED,22,6,1
2026-05-31 22:00:00,ICU,Intensive Care Unit (ICU),30,32,0,1.0667,106.7,1,0,1,RED,22,6,1
2026-05-31 22:00:00,General Medicine,General Medicine Ward,120,96,24,0.8,80.0,5,1,4,AMBER,22,6,1
2026-05-31 22:00:00,Surgical Ward,Surgical & Post-Op Ward,80,23,57,0.2875,28.7,0,2,-2,GREEN,22,6,1
2026-05-31 22:00:00,Pediatrics,Pediatric Ward,40,40,0,1.0,100.0,0,2,-2,RED,22,6,1
2026-05-31 23:00:00,Emergency,Emergency Department (ED),50,54,0,1.08,108.0,3,3,0,RED,23,6,1
2026-05-31 23:00:00,ICU,Intensive Care Unit (ICU),30,31,0,1.0333,103.3,0,1,-1,RED,23,6,1
2026-05-31 23:00:00,General Medicine,General Medicine Ward,120,98,22,0.8167,81.7,4,2,2,AMBER,23,6,1
2026-05-31 23:00:00,Surgical Ward,Surgical & Post-Op Ward,80,25,55,0.3125,31.2,2,0,2,GREEN,23,6,1
2026-05-31 23:00:00,Pediatrics,Pediatric Ward,40,41,0,1.025,102.5,2,1,1,RED,23,6,1
2026-06-01 00:00:00,Emergency,Emergency Department (ED),50,53,0,1.06,106.0,2,3,-1,RED,0,0,0
2026-06-01 00:00:00,ICU,Intensive Care Unit (ICU),30,32,0,1.0667,106.7,1,0,1,RED,0,0,0
2026-06-01 00:00:00,General Medicine,General Medicine Ward,120,99,21,0.825,82.5,4,3,1,AMBER,0,0,0
2026-06-01 00:00:00,Surgical Ward,Surgical & Post-Op Ward,80,25,55,0.3125,31.2,1,1,0,GREEN,0,0,0
2026-06-01 00:00:00,Pediatrics,Pediatric Ward,40,40,0,1.0,100.0,1,2,-1,RED,0,0,0
2026-06-01 01:00:00,Emergency,Emergency Department (ED),50,51,0,1.02,102.0,1,3,-2,RED,1,0,0
2026-06-01 01:00:00,ICU,Intensive Care Unit (ICU),30,32,0,1.0667,106.7,0,0,0,RED,1,0,0
2026-06-01 01:00:00,General Medicine,General Medicine Ward,120,99,21,0.825,82.5,2,2,0,AMBER,1,0,0
2026-06-01 01:00:00,Surgical Ward,Surgical & Post-Op Ward,80,26,54,0.325,32.5,1,0,1,GREEN,1,0,0
2026-06-01 01:00:00,Pediatrics,Pediatric Ward,40,41,0,1.025,102.5,2,1,1,RED,1,0,0
2026-06-01 02:00:00,Emergency,Emergency Department (ED),50,51,0,1.02,102.0,1,1,0,RED,2,0,0
2026-06-01 02:00:00,ICU,Intensive Care Unit (ICU),30,32,0,1.0667,106.7,1,0,1,RED,2,0,0
2026-06-01 02:00:00,General Medicine,General Medicine Ward,120,100,20,0.8333,83.3,1,0,1,AMBER,2,0,0
2026-06-01 02:00:00,Surgical Ward,Surgical & Post-Op Ward,80,26,54,0.325,32.5,0,0,0,GREEN,2,0,0
2026-06-01 02:00:00,Pediatrics,Pediatric Ward,40,41,0,1.025,102.5,0,0,0,RED,2,0,0
2026-06-01 03:00:00,Emergency,Emergency Department (ED),50,51,0,1.02,102.0,0,0,0,RED,3,0,0
2026-06-01 03:00:00,ICU,Intensive Care Unit (ICU),30,32,0,1.0667,106.7,0,0,0,RED,3,0,0
2026-06-01 03:00:00,General Medicine,General Medicine Ward,120,103,17,0.8583,85.8,3,0,3,AMBER,3,0,0
2026-06-01 03:00:00,Surgical Ward,Surgical & Post-Op Ward,80,28,52,0.35,35.0,3,1,2,GREEN,3,0,0
2026-06-01 03:00:00,Pediatrics,Pediatric Ward,40,42,0,1.05,105.0,1,0,1,RED,3,0,0
2026-06-01 04:00:00,Emergency,Emergency Department (ED),50,52,0,1.04,104.0,1,0,1,RED,4,0,0
2026-06-01 04:00:00,ICU,Intensive Care Unit (ICU),30,32,0,1.0667,106.7,0,0,0,RED,4,0,0
2026-06-01 04:00:00,General Medicine,General Medicine Ward,120,105,15,0.875,87.5,2,0,2,AMBER,4,0,0
2026-06-01 04:00:00,Surgical Ward,Surgical & Post-Op Ward,80,29,51,0.3625,36.2,1,0,1,GREEN,4,0,0
2026-06-01 04:00:00,Pediatrics,Pediatric Ward,40,42,0,1.05,105.0,0,0,0,RED,4,0,0
2026-06-01 05:00:00,Emergency,Emergency Department (ED),50,54,0,1.08,108.0,2,0,2,RED,5,0,0
2026-06-01 05:00:00,ICU,Intensive Care Unit (ICU),30,32,0,1.0667,106.7,0,0,0,RED,5,0,0
2026-06-01 05:00:00,General Medicine,General Medicine Ward,120,107,13,0.8917,89.2,2,0,2,AMBER,5,0,0
2026-06-01 05:00:00,Surgical Ward,Surgical & Post-Op Ward,80,31,49,0.3875,38.8,2,0,2,GREEN,5,0,0
2026-06-01 05:00:00,Pediatrics,Pediatric Ward,40,42,0,1.05,105.0,0,0,0,RED,5,0,0
2026-06-01 06:00:00,Emergency,Emergency Department (ED),50,54,0,1.08,108.0,1,1,0,RED,6,0,0
2026-06-01 06:00:00,ICU,Intensive Care Unit (ICU),30,32,0,1.0667,106.7,0,0,0,RED,6,0,0
2026-06-01 06:00:00,General Medicine,General Medicine Ward,120,107,13,0.8917,89.2,5,5,0,AMBER,6,0,0
2026-06-01 06:00:00,Surgical Ward,Surgical & Post-Op Ward,80,29,51,0.3625,36.2,1,3,-2,GREEN,6,0,0
2026-06-01 06:00:00,Pediatrics,Pediatric Ward,40,43,0,1.075,107.5,2,1,1,RED,6,0,0
2026-06-01 07:00:00,Emergency,Emergency Department (ED),50,53,0,1.06,106.0,3,4,-1,RED,7,0,0
2026-06-01 07:00:00,ICU,Intensive Care Unit (ICU),30,32,0,1.0667,106.7,1,1,0,RED,7,0,0
2026-06-01 07:00:00,General Medicine,General Medicine Ward,120,109,11,0.9083,90.8,2,0,2,RED,7,0,0
2026-06-01 07:00:00,Surgical Ward,Surgical & Post-Op Ward,80,30,50,0.375,37.5,2,1,1,GREEN,7,0,0
2026-06-01 07:00:00,Pediatrics,Pediatric Ward,40,43,0,1.075,107.5,2,0,2,RED,7,0,0
2026-06-01 08:00:00,Emergency,Emergency Department (ED),50,54,0,1.08,108.0,5,3,2,RED,8,0,0
2026-06-01 08:00:00,ICU,Intensive Care Unit (ICU),30,31,0,1.0333,103.3,0,1,-1,RED,8,0,0
2026-06-01 08:00:00,General Medicine,General Medicine Ward,120,110,10,0.9167,91.7,3,2,1,RED,8,0,0
2026-06-01 08:00:00,Surgical Ward,Surgical & Post-Op Ward,80,33,47,0.4125,41.2,5,2,3,GREEN,8,0,0
2026-06-01 08:00:00,Pediatrics,Pediatric Ward,40,42,0,1.05,105.0,0,1,-1,RED,8,0,0
2026-06-01 09:00:00,Emergency,Emergency Department (ED),50,54,0,1.08,108.0,3,1,2,RED,9,0,0
2026-06-01 09:00:00,ICU,Intensive Care Unit (ICU),30,30,0,1.0,100.0,0,1,-1,RED,9,0,0
2026-06-01 09:00:00,General Medicine,General Medicine Ward,120,111,9,0.925,92.5,4,3,1,RED,9,0,0
2026-06-01 09:00:00,Surgical Ward,Surgical & Post-Op Ward,80,40,40,0.5,50.0,7,0,7,GREEN,9,0,0
2026-06-01 09:00:00,Pediatrics,Pediatric Ward,40,43,0,1.075,107.5,3,2,1,RED,9,0,0
2026-06-01 10:00:00,Emergency,Emergency Department (ED),50,49,1,0.98,98.0,1,6,-5,RED,10,0,0
2026-06-01 10:00:00,ICU,Intensive Care Unit (ICU),30,30,0,1.0,100.0,0,0,0,RED,10,0,0
2026-06-01 10:00:00,General Medicine,General Medicine Ward,120,107,13,0.8917,89.2,4,8,-4,AMBER,10,0,0
2026-06-01 10:00:00,Surgical Ward,Surgical & Post-Op Ward,80,41,39,0.5125,51.2,5,4,1,GREEN,10,0,0
2026-06-01 10:00:00,Pediatrics,Pediatric Ward,40,43,0,1.075,107.5,3,1,2,RED,10,0,0
2026-06-01 11:00:00,Emergency,Emergency Department (ED),50,48,2,0.96,96.0,6,7,-1,RED,11,0,0
2026-06-01 11:00:00,ICU,Intensive Care Unit (ICU),30,31,0,1.0333,103.3,1,0,1,RED,11,0,0
2026-06-01 11:00:00,General Medicine,General Medicine Ward,120,108,12,0.9,90.0,6,5,1,RED,11,0,0
2026-06-01 11:00:00,Surgical Ward,Surgical & Post-Op Ward,80,41,39,0.5125,51.2,6,6,0,GREEN,11,0,0
2026-06-01 11:00:00,Pediatrics,Pediatric Ward,40,43,0,1.075,107.5,3,0,3,RED,11,0,0
2026-06-01 12:00:00,Emergency,Emergency Department (ED),50,50,0,1.0,100.0,6,4,2,RED,12,0,0
2026-06-01 12:00:00,ICU,Intensive Care Unit (ICU),30,31,0,1.0333,103.3,1,1,0,RED,12,0,0
2026-06-01 12:00:00,General Medicine,General Medicine Ward,120,107,13,0.8917,89.2,5,6,-1,AMBER,12,0,0
2026-06-01 12:00:00,Surgical Ward,Surgical & Post-Op Ward,80,42,38,0.525,52.5,3,2,1,GREEN,12,0,0
2026-06-01 12:00:00,Pediatrics,Pediatric Ward,40,43,0,1.075,107.5,0,0,0,RED,12,0,0
2026-06-01 13:00:00,Emergency,Emergency Department (ED),50,47,3,0.94,94.0,3,6,-3,RED,13,0,0
2026-06-01 13:00:00,ICU,Intensive Care Unit (ICU),30,31,0,1.0333,103.3,0,0,0,RED,13,0,0
2026-06-01 13:00:00,General Medicine,General Medicine Ward,120,106,14,0.8833,88.3,6,7,-1,AMBER,13,0,0
2026-06-01 13:00:00,Surgical Ward,Surgical & Post-Op Ward,80,40,40,0.5,50.0,4,6,-2,GREEN,13,0,0
2026-06-01 13:00:00,Pediatrics,Pediatric Ward,40,42,0,1.05,105.0,0,1,-1,RED,13,0,0
2026-06-01 14:00:00,Emergency,Emergency Department (ED),50,51,0,1.02,102.0,4,0,4,RED,14,0,0
2026-06-01 14:00:00,ICU,Intensive Care Unit (ICU),30,32,0,1.0667,106.7,3,1,2,RED,14,0,0
2026-06-01 14:00:00,General Medicine,General Medicine Ward,120,102,18,0.85,85.0,4,8,-4,AMBER,14,0,0
2026-06-01 14:00:00,Surgical Ward,Surgical & Post-Op Ward,80,36,44,0.45,45.0,0,4,-4,GREEN,14,0,0
2026-06-01 14:00:00,Pediatrics,Pediatric Ward,40,41,0,1.025,102.5,0,1,-1,RED,14,0,0
2026-06-01 15:00:00,Emergency,Emergency Department (ED),50,53,0,1.06,106.0,6,4,2,RED,15,0,0
2026-06-01 15:00:00,ICU,Intensive Care Unit (ICU),30,31,0,1.0333,103.3,1,2,-1,RED,15,0,0
2026-06-01 15:00:00,General Medicine,General Medicine Ward,120,106,14,0.8833,88.3,6,2,4,AMBER,15,0,0
2026-06-01 15:00:00,Surgical Ward,Surgical & Post-Op Ward,80,38,42,0.475,47.5,5,3,2,GREEN,15,0,0
2026-06-01 15:00:00,Pediatrics,Pediatric Ward,40,43,0,1.075,107.5,2,0,2,RED,15,0,0
2026-06-01 16:00:00,Emergency,Emergency Department (ED),50,54,0,1.08,108.0,6,2,4,RED,16,0,0
2026-06-01 16:00:00,ICU,Intensive Care Unit (ICU),30,31,0,1.0333,103.3,0,0,0,RED,16,0,0
2026-06-01 16:00:00,General Medicine,General Medicine Ward,120,114,6,0.95,95.0,8,0,8,RED,16,0,0
2026-06-01 16:00:00,Surgical Ward,Surgical & Post-Op Ward,80,42,38,0.525,52.5,8,4,4,GREEN,16,0,0
2026-06-01 16:00:00,Pediatrics,Pediatric Ward,40,42,0,1.05,105.0,2,3,-1,RED,16,0,0
2026-06-01 17:00:00,Emergency,Emergency Department (ED),50,54,0,1.08,108.0,5,1,4,RED,17,0,0
2026-06-01 17:00:00,ICU,Intensive Care Unit (ICU),30,32,0,1.0667,106.7,1,0,1,RED,17,0,0
2026-06-01 17:00:00,General Medicine,General Medicine Ward,120,116,4,0.9667,96.7,7,5,2,RED,17,0,0
2026-06-01 17:00:00,Surgical Ward,Surgical & Post-Op Ward,80,45,35,0.5625,56.2,3,0,3,GREEN,17,0,0
2026-06-01 17:00:00,Pediatrics,Pediatric Ward,40,43,0,1.075,107.5,2,0,2,RED,17,0,0
2026-06-01 18:00:00,Emergency,Emergency Department (ED),50,54,0,1.08,108.0,3,0,3,RED,18,0,0
2026-06-01 18:00:00,ICU,Intensive Care Unit (ICU),30,32,0,1.0667,106.7,0,0,0,RED,18,0,0
2026-06-01 18:00:00,General Medicine,General Medicine Ward,120,114,6,0.95,95.0,6,8,-2,RED,18,0,0
2026-06-01 18:00:00,Surgical Ward,Surgical & Post-Op Ward,80,48,32,0.6,60.0,4,1,3,GREEN,18,0,0
2026-06-01 18:00:00,Pediatrics,Pediatric Ward,40,42,0,1.05,105.0,1,2,-1,RED,18,0,0
2026-06-01 19:00:00,Emergency,Emergency Department (ED),50,54,0,1.08,108.0,6,3,3,RED,19,0,0
2026-06-01 19:00:00,ICU,Intensive Care Unit (ICU),30,32,0,1.0667,106.7,1,1,0,RED,19,0,0
2026-06-01 19:00:00,General Medicine,General Medicine Ward,120,120,0,1.0,100.0,9,3,6,RED,19,0,0
2026-06-01 19:00:00,Surgical Ward,Surgical & Post-Op Ward,80,48,32,0.6,60.0,3,3,0,GREEN,19,0,0
2026-06-01 19:00:00,Pediatrics,Pediatric Ward,40,43,0,1.075,107.5,1,0,1,RED,19,0,0
2026-06-01 20:00:00,Emergency,Emergency Department (ED),50,54,0,1.08,108.0,6,1,5,RED,20,0,0
2026-06-01 20:00:00,ICU,Intensive Care Unit (ICU),30,32,0,1.0667,106.7,2,0,2,RED,20,0,0
2026-06-01 20:00:00,General Medicine,General Medicine Ward,120,126,0,1.05,105.0,7,1,6,RED,20,0,0
2026-06-01 20:00:00,Surgical Ward,Surgical & Post-Op Ward,80,52,28,0.65,65.0,4,0,4,GREEN,20,0,0
2026-06-01 20:00:00,Pediatrics,Pediatric Ward,40,43,0,1.075,107.5,2,0,2,RED,20,0,0
2026-06-01 21:00:00,Emergency,Emergency Department (ED),50,54,0,1.08,108.0,7,2,5,RED,21,0,0
2026-06-01 21:00:00,ICU,Intensive Care Unit (ICU),30,32,0,1.0667,106.7,1,1,0,RED,21,0,0
2026-06-01 21:00:00,General Medicine,General Medicine Ward,120,127,0,1.0583,105.8,5,4,1,RED,21,0,0
2026-06-01 21:00:00,Surgical Ward,Surgical & Post-Op Ward,80,56,24,0.7,70.0,5,1,4,GREEN,21,0,0
2026-06-01 21:00:00,Pediatrics,Pediatric Ward,40,43,0,1.075,107.5,3,0,3,RED,21,0,0
2026-06-01 22:00:00,Emergency,Emergency Department (ED),50,54,0,1.08,108.0,8,6,2,RED,22,0,0
2026-06-01 22:00:00,ICU,Intensive Care Unit (ICU),30,32,0,1.0667,106.7,0,0,0,RED,22,0,0
2026-06-01 22:00:00,General Medicine,General Medicine Ward,120,129,0,1.075,107.5,4,2,2,RED,22,0,0
2026-06-01 22:00:00,Surgical Ward,Surgical & Post-Op Ward,80,57,23,0.7125,71.2,2,1,1,GREEN,22,0,0
2026-06-01 22:00:00,Pediatrics,Pediatric Ward,40,41,0,1.025,102.5,0,2,-2,RED,22,0,0
2026-06-01 23:00:00,Emergency,Emergency Department (ED),50,54,0,1.08,108.0,5,4,1,RED,23,0,0
2026-06-01 23:00:00,ICU,Intensive Care Unit (ICU),30,32,0,1.0667,106.7,3,0,3,RED,23,0,0
2026-06-01 23:00:00,General Medicine,General Medicine Ward,120,122,0,1.0167,101.7,0,7,-7,RED,23,0,0
2026-06-01 23:00:00,Surgical Ward,Surgical & Post-Op Ward,80,58,22,0.725,72.5,3,2,1,GREEN,23,0,0
2026-06-01 23:00:00,Pediatrics,Pediatric Ward,40,41,0,1.025,102.5,0,0,0,RED,23,0,0
2026-06-02 00:00:00,Emergency,Emergency Department (ED),50,54,0,1.08,108.0,5,2,3,RED,0,1,0
2026-06-02 00:00:00,ICU,Intensive Care Unit (ICU),30,32,0,1.0667,106.7,0,0,0,RED,0,1,0
2026-06-02 00:00:00,General Medicine,General Medicine Ward,120,123,0,1.025,102.5,6,5,1,RED,0,1,0
2026-06-02 00:00:00,Surgical Ward,Surgical & Post-Op Ward,80,57,23,0.7125,71.2,1,2,-1,GREEN,0,1,0
2026-06-02 00:00:00,Pediatrics,Pediatric Ward,40,40,0,1.0,100.0,2,3,-1,RED,0,1,0
2026-06-02 01:00:00,Emergency,Emergency Department (ED),50,54,0,1.08,108.0,6,4,2,RED,1,1,0
2026-06-02 01:00:00,ICU,Intensive Care Unit (ICU),30,32,0,1.0667,106.7,0,0,0,RED,1,1,0
2026-06-02 01:00:00,General Medicine,General Medicine Ward,120,123,0,1.025,102.5,0,0,0,RED,1,1,0
2026-06-02 01:00:00,Surgical Ward,Surgical & Post-Op Ward,80,58,22,0.725,72.5,1,0,1,GREEN,1,1,0
2026-06-02 01:00:00,Pediatrics,Pediatric Ward,40,40,0,1.0,100.0,1,1,0,RED,1,1,0
2026-06-02 02:00:00,Emergency,Emergency Department (ED),50,54,0,1.08,108.0,2,0,2,RED,2,1,0
2026-06-02 02:00:00,ICU,Intensive Care Unit (ICU),30,32,0,1.0667,106.7,0,0,0,RED,2,1,0
2026-06-02 02:00:00,General Medicine,General Medicine Ward,120,125,0,1.0417,104.2,2,0,2,RED,2,1,0
2026-06-02 02:00:00,Surgical Ward,Surgical & Post-Op Ward,80,57,23,0.7125,71.2,0,1,-1,GREEN,2,1,0
2026-06-02 02:00:00,Pediatrics,Pediatric Ward,40,41,0,1.025,102.5,1,0,1,RED,2,1,0
2026-06-02 03:00:00,Emergency,Emergency Department (ED),50,54,0,1.08,108.0,2,0,2,RED,3,1,0
2026-06-02 03:00:00,ICU,Intensive Care Unit (ICU),30,32,0,1.0667,106.7,0,0,0,RED,3,1,0
2026-06-02 03:00:00,General Medicine,General Medicine Ward,120,127,0,1.0583,105.8,3,1,2,RED,3,1,0
2026-06-02 03:00:00,Surgical Ward,Surgical & Post-Op Ward,80,56,24,0.7,70.0,0,1,-1,GREEN,3,1,0
2026-06-02 03:00:00,Pediatrics,Pediatric Ward,40,41,0,1.025,102.5,0,0,0,RED,3,1,0
2026-06-02 04:00:00,Emergency,Emergency Department (ED),50,54,0,1.08,108.0,1,1,0,RED,4,1,0
2026-06-02 04:00:00,ICU,Intensive Care Unit (ICU),30,32,0,1.0667,106.7,0,0,0,RED,4,1,0
2026-06-02 04:00:00,General Medicine,General Medicine Ward,120,129,0,1.075,107.5,2,0,2,RED,4,1,0
2026-06-02 04:00:00,Surgical Ward,Surgical & Post-Op Ward,80,56,24,0.7,70.0,0,0,0,GREEN,4,1,0
2026-06-02 04:00:00,Pediatrics,Pediatric Ward,40,41,0,1.025,102.5,0,0,0,RED,4,1,0
2026-06-02 05:00:00,Emergency,Emergency Department (ED),50,54,0,1.08,108.0,2,0,2,RED,5,1,0
2026-06-02 05:00:00,ICU,Intensive Care Unit (ICU),30,32,0,1.0667,106.7,0,0,0,RED,5,1,0
2026-06-02 05:00:00,General Medicine,General Medicine Ward,120,129,0,1.075,107.5,2,0,2,RED,5,1,0
2026-06-02 05:00:00,Surgical Ward,Surgical & Post-Op Ward,80,55,25,0.6875,68.8,3,4,-1,GREEN,5,1,0
2026-06-02 05:00:00,Pediatrics,Pediatric Ward,40,41,0,1.025,102.5,0,0,0,RED,5,1,0
2026-06-02 06:00:00,Emergency,Emergency Department (ED),50,54,0,1.08,108.0,1,1,0,RED,6,1,0
2026-06-02 06:00:00,ICU,Intensive Care Unit (ICU),30,32,0,1.0667,106.7,0,0,0,RED,6,1,0
2026-06-02 06:00:00,General Medicine,General Medicine Ward,120,128,0,1.0667,106.7,0,1,-1,RED,6,1,0
2026-06-02 06:00:00,Surgical Ward,Surgical & Post-Op Ward,80,55,25,0.6875,68.8,3,3,0,GREEN,6,1,0
2026-06-02 06:00:00,Pediatrics,Pediatric Ward,40,40,0,1.0,100.0,0,1,-1,RED,6,1,0
2026-06-02 07:00:00,Emergency,Emergency Department (ED),50,54,0,1.08,108.0,2,0,2,RED,7,1,0
2026-06-02 07:00:00,ICU,Intensive Care Unit (ICU),30,32,0,1.0667,106.7,0,0,0,RED,7,1,0
2026-06-02 07:00:00,General Medicine,General Medicine Ward,120,129,0,1.075,107.5,5,4,1,RED,7,1,0
2026-06-02 07:00:00,Surgical Ward,Surgical & Post-Op Ward,80,57,23,0.7125,71.2,5,3,2,GREEN,7,1,0
2026-06-02 07:00:00,Pediatrics,Pediatric Ward,40,39,1,0.975,97.5,1,2,-1,RED,7,1,0
2026-06-02 08:00:00,Emergency,Emergency Department (ED),50,51,0,1.02,102.0,0,3,-3,RED,8,1,0
2026-06-02 08:00:00,ICU,Intensive Care Unit (ICU),30,32,0,1.0667,106.7,1,1,0,RED,8,1,0
2026-06-02 08:00:00,General Medicine,General Medicine Ward,120,128,0,1.0667,106.7,6,7,-1,RED,8,1,0
2026-06-02 08:00:00,Surgical Ward,Surgical & Post-Op Ward,80,57,23,0.7125,71.2,3,3,0,GREEN,8,1,0
2026-06-02 08:00:00,Pediatrics,Pediatric Ward,40,38,2,0.95,95.0,1,2,-1,RED,8,1,0
2026-06-02 09:00:00,Emergency,Emergency Department (ED),50,51,0,1.02,102.0,4,4,0,RED,9,1,0
2026-06-02 09:00:00,ICU,Intensive Care Unit (ICU),30,32,0,1.0667,106.7,2,1,1,RED,9,1,0
2026-06-02 09:00:00,General Medicine,General Medicine Ward,120,129,0,1.075,107.5,4,2,2,RED,9,1,0
2026-06-02 09:00:00,Surgical Ward,Surgical & Post-Op Ward,80,55,25,0.6875,68.8,3,5,-2,GREEN,9,1,0
2026-06-02 09:00:00,Pediatrics,Pediatric Ward,40,41,0,1.025,102.5,3,0,3,RED,9,1,0
2026-06-02 10:00:00,Emergency,Emergency Department (ED),50,49,1,0.98,98.0,0,2,-2,RED,10,1,0
2026-06-02 10:00:00,ICU,Intensive Care Unit (ICU),30,32,0,1.0667,106.7,1,0,1,RED,10,1,0
2026-06-02 10:00:00,General Medicine,General Medicine Ward,120,126,0,1.05,105.0,0,3,-3,RED,10,1,0
2026-06-02 10:00:00,Surgical Ward,Surgical & Post-Op Ward,80,51,29,0.6375,63.7,0,4,-4,GREEN,10,1,0
2026-06-02 10:00:00,Pediatrics,Pediatric Ward,40,40,0,1.0,100.0,1,2,-1,RED,10,1,0
2026-06-02 11:00:00,Emergency,Emergency Department (ED),50,53,0,1.06,106.0,6,2,4,RED,11,1,0
2026-06-02 11:00:00,ICU,Intensive Care Unit (ICU),30,31,0,1.0333,103.3,0,1,-1,RED,11,1,0
2026-06-02 11:00:00,General Medicine,General Medicine Ward,120,129,0,1.075,107.5,5,1,4,RED,11,1,0
2026-06-02 11:00:00,Surgical Ward,Surgical & Post-Op Ward,80,51,29,0.6375,63.7,3,3,0,GREEN,11,1,0
2026-06-02 11:00:00,Pediatrics,Pediatric Ward,40,41,0,1.025,102.5,2,1,1,RED,11,1,0
2026-06-02 12:00:00,Emergency,Emergency Department (ED),50,54,0,1.08,108.0,8,3,5,RED,12,1,0
2026-06-02 12:00:00,ICU,Intensive Care Unit (ICU),30,32,0,1.0667,106.7,1,0,1,RED,12,1,0
2026-06-02 12:00:00,General Medicine,General Medicine Ward,120,122,0,1.0167,101.7,0,7,-7,RED,12,1,0
2026-06-02 12:00:00,Surgical Ward,Surgical & Post-Op Ward,80,46,34,0.575,57.5,0,5,-5,GREEN,12,1,0
2026-06-02 12:00:00,Pediatrics,Pediatric Ward,40,41,0,1.025,102.5,0,0,0,RED,12,1,0
2026-06-02 13:00:00,Emergency,Emergency Department (ED),50,49,1,0.98,98.0,3,8,-5,RED,13,1,0
2026-06-02 13:00:00,ICU,Intensive Care Unit (ICU),30,32,0,1.0667,106.7,1,0,1,RED,13,1,0
2026-06-02 13:00:00,General Medicine,General Medicine Ward,120,119,1,0.9917,99.2,4,7,-3,RED,13,1,0
2026-06-02 13:00:00,Surgical Ward,Surgical & Post-Op Ward,80,44,36,0.55,55.0,2,4,-2,GREEN,13,1,0
2026-06-02 13:00:00,Pediatrics,Pediatric Ward,40,39,1,0.975,97.5,0,2,-2,RED,13,1,0
2026-06-02 14:00:00,Emergency,Emergency Department (ED),50,52,0,1.04,104.0,4,1,3,RED,14,1,0
2026-06-02 14:00:00,ICU,Intensive Care Unit (ICU),30,32,0,1.0667,106.7,0,0,0,RED,14,1,0
2026-06-02 14:00:00,General Medicine,General Medicine Ward,120,118,2,0.9833,98.3,5,6,-1,RED,14,1,0
2026-06-02 14:00:00,Surgical Ward,Surgical & Post-Op Ward,80,43,37,0.5375,53.8,1,2,-1,GREEN,14,1,0
2026-06-02 14:00:00,Pediatrics,Pediatric Ward,40,43,0,1.075,107.5,4,0,4,RED,14,1,0
2026-06-02 15:00:00,Emergency,Emergency Department (ED),50,54,0,1.08,108.0,4,2,2,RED,15,1,0
2026-06-02 15:00:00,ICU,Intensive Care Unit (ICU),30,30,0,1.0,100.0,0,2,-2,RED,15,1,0
2026-06-02 15:00:00,General Medicine,General Medicine Ward,120,118,2,0.9833,98.3,4,4,0,RED,15,1,0
2026-06-02 15:00:00,Surgical Ward,Surgical & Post-Op Ward,80,40,40,0.5,50.0,1,4,-3,GREEN,15,1,0
2026-06-02 15:00:00,Pediatrics,Pediatric Ward,40,43,0,1.075,107.5,1,1,0,RED,15,1,0
2026-06-02 16:00:00,Emergency,Emergency Department (ED),50,54,0,1.08,108.0,5,3,2,RED,16,1,0
2026-06-02 16:00:00,ICU,Intensive Care Unit (ICU),30,30,0,1.0,100.0,0,0,0,RED,16,1,0
2026-06-02 16:00:00,General Medicine,General Medicine Ward,120,125,0,1.0417,104.2,11,4,7,RED,16,1,0
2026-06-02 16:00:00,Surgical Ward,Surgical & Post-Op Ward,80,39,41,0.4875,48.8,2,3,-1,GREEN,16,1,0
2026-06-02 16:00:00,Pediatrics,Pediatric Ward,40,43,0,1.075,107.5,2,0,2,RED,16,1,0
2026-06-02 17:00:00,Emergency,Emergency Department (ED),50,54,0,1.08,108.0,5,2,3,RED,17,1,0
2026-06-02 17:00:00,ICU,Intensive Care Unit (ICU),30,31,0,1.0333,103.3,1,0,1,RED,17,1,0
2026-06-02 17:00:00,General Medicine,General Medicine Ward,120,125,0,1.0417,104.2,5,5,0,RED,17,1,0
2026-06-02 17:00:00,Surgical Ward,Surgical & Post-Op Ward,80,40,40,0.5,50.0,2,1,1,GREEN,17,1,0
2026-06-02 17:00:00,Pediatrics,Pediatric Ward,40,43,0,1.075,107.5,2,0,2,RED,17,1,0
2026-06-02 18:00:00,Emergency,Emergency Department (ED),50,54,0,1.08,108.0,7,2,5,RED,18,1,0
2026-06-02 18:00:00,ICU,Intensive Care Unit (ICU),30,32,0,1.0667,106.7,1,0,1,RED,18,1,0
2026-06-02 18:00:00,General Medicine,General Medicine Ward,120,122,0,1.0167,101.7,1,4,-3,RED,18,1,0
2026-06-02 18:00:00,Surgical Ward,Surgical & Post-Op Ward,80,40,40,0.5,50.0,3,3,0,GREEN,18,1,0
2026-06-02 18:00:00,Pediatrics,Pediatric Ward,40,43,0,1.075,107.5,3,0,3,RED,18,1,0
2026-06-02 19:00:00,Emergency,Emergency Department (ED),50,54,0,1.08,108.0,5,0,5,RED,19,1,0
2026-06-02 19:00:00,ICU,Intensive Care Unit (ICU),30,32,0,1.0667,106.7,1,0,1,RED,19,1,0
2026-06-02 19:00:00,General Medicine,General Medicine Ward,120,123,0,1.025,102.5,5,4,1,RED,19,1,0
2026-06-02 19:00:00,Surgical Ward,Surgical & Post-Op Ward,80,40,40,0.5,50.0,2,2,0,GREEN,19,1,0
2026-06-02 19:00:00,Pediatrics,Pediatric Ward,40,43,0,1.075,107.5,3,0,3,RED,19,1,0
2026-06-02 20:00:00,Emergency,Emergency Department (ED),50,54,0,1.08,108.0,6,2,4,RED,20,1,0
2026-06-02 20:00:00,ICU,Intensive Care Unit (ICU),30,32,0,1.0667,106.7,2,0,2,RED,20,1,0
2026-06-02 20:00:00,General Medicine,General Medicine Ward,120,122,0,1.0167,101.7,4,5,-1,RED,20,1,0
2026-06-02 20:00:00,Surgical Ward,Surgical & Post-Op Ward,80,44,36,0.55,55.0,5,1,4,GREEN,20,1,0
2026-06-02 20:00:00,Pediatrics,Pediatric Ward,40,41,0,1.025,102.5,1,3,-2,RED,20,1,0
2026-06-02 21:00:00,Emergency,Emergency Department (ED),50,54,0,1.08,108.0,2,2,0,RED,21,1,0
2026-06-02 21:00:00,ICU,Intensive Care Unit (ICU),30,32,0,1.0667,106.7,1,0,1,RED,21,1,0
2026-06-02 21:00:00,General Medicine,General Medicine Ward,120,119,1,0.9917,99.2,2,5,-3,RED,21,1,0
2026-06-02 21:00:00,Surgical Ward,Surgical & Post-Op Ward,80,43,37,0.5375,53.8,4,5,-1,GREEN,21,1,0
2026-06-02 21:00:00,Pediatrics,Pediatric Ward,40,41,0,1.025,102.5,0,0,0,RED,21,1,0
2026-06-02 22:00:00,Emergency,Emergency Department (ED),50,54,0,1.08,108.0,8,5,3,RED,22,1,0
2026-06-02 22:00:00,ICU,Intensive Care Unit (ICU),30,32,0,1.0667,106.7,0,0,0,RED,22,1,0
2026-06-02 22:00:00,General Medicine,General Medicine Ward,120,118,2,0.9833,98.3,4,5,-1,RED,22,1,0
2026-06-02 22:00:00,Surgical Ward,Surgical & Post-Op Ward,80,43,37,0.5375,53.8,4,4,0,GREEN,22,1,0
2026-06-02 22:00:00,Pediatrics,Pediatric Ward,40,43,0,1.075,107.5,4,0,4,RED,22,1,0
2026-06-02 23:00:00,Emergency,Emergency Department (ED),50,54,0,1.08,108.0,2,0,2,RED,23,1,0
2026-06-02 23:00:00,ICU,Intensive Care Unit (ICU),30,31,0,1.0333,103.3,0,1,-1,RED,23,1,0
2026-06-02 23:00:00,General Medicine,General Medicine Ward,120,123,0,1.025,102.5,8,3,5,RED,23,1,0
2026-06-02 23:00:00,Surgical Ward,Surgical & Post-Op Ward,80,44,36,0.55,55.0,3,2,1,GREEN,23,1,0
2026-06-02 23:00:00,Pediatrics,Pediatric Ward,40,43,0,1.075,107.5,3,0,3,RED,23,1,0
2026-06-03 00:00:00,Emergency,Emergency Department (ED),50,54,0,1.08,108.0,3,2,1,RED,0,2,0
2026-06-03 00:00:00,ICU,Intensive Care Unit (ICU),30,29,1,0.9667,96.7,0,2,-2,RED,0,2,0
2026-06-03 00:00:00,General Medicine,General Medicine Ward,120,117,3,0.975,97.5,2,8,-6,RED,0,2,0
2026-06-03 00:00:00,Surgical Ward,Surgical & Post-Op Ward,80,44,36,0.55,55.0,0,0,0,GREEN,0,2,0
2026-06-03 00:00:00,Pediatrics,Pediatric Ward,40,42,0,1.05,105.0,0,1,-1,RED,0,2,0
2026-06-03 01:00:00,Emergency,Emergency Department (ED),50,53,0,1.06,106.0,3,4,-1,RED,1,2,0
2026-06-03 01:00:00,ICU,Intensive Care Unit (ICU),30,29,1,0.9667,96.7,0,0,0,RED,1,2,0
2026-06-03 01:00:00,General Medicine,General Medicine Ward,120,118,2,0.9833,98.3,1,0,1,RED,1,2,0
2026-06-03 01:00:00,Surgical Ward,Surgical & Post-Op Ward,80,44,36,0.55,55.0,0,0,0,GREEN,1,2,0
2026-06-03 01:00:00,Pediatrics,Pediatric Ward,40,43,0,1.075,107.5,2,0,2,RED,1,2,0
2026-06-03 02:00:00,Emergency,Emergency Department (ED),50,53,0,1.06,106.0,0,0,0,RED,2,2,0
2026-06-03 02:00:00,ICU,Intensive Care Unit (ICU),30,28,2,0.9333,93.3,0,1,-1,RED,2,2,0
2026-06-03 02:00:00,General Medicine,General Medicine Ward,120,122,0,1.0167,101.7,5,1,4,RED,2,2,0
2026-06-03 02:00:00,Surgical Ward,Surgical & Post-Op Ward,80,44,36,0.55,55.0,0,0,0,GREEN,2,2,0
2026-06-03 02:00:00,Pediatrics,Pediatric Ward,40,42,0,1.05,105.0,0,1,-1,RED,2,2,0
2026-06-03 03:00:00,Emergency,Emergency Department (ED),50,54,0,1.08,108.0,2,0,2,RED,3,2,0
2026-06-03 03:00:00,ICU,Intensive Care Unit (ICU),30,28,2,0.9333,93.3,1,1,0,RED,3,2,0
2026-06-03 03:00:00,General Medicine,General Medicine Ward,120,125,0,1.0417,104.2,3,0,3,RED,3,2,0
2026-06-03 03:00:00,Surgical Ward,Surgical & Post-Op Ward,80,45,35,0.5625,56.2,1,0,1,GREEN,3,2,0
2026-06-03 03:00:00,Pediatrics,Pediatric Ward,40,42,0,1.05,105.0,0,0,0,RED,3,2,0
2026-06-03 04:00:00,Emergency,Emergency Department (ED),50,54,0,1.08,108.0,1,0,1,RED,4,2,0
2026-06-03 04:00:00,ICU,Intensive Care Unit (ICU),30,28,2,0.9333,93.3,0,0,0,RED,4,2,0
2026-06-03 04:00:00,General Medicine,General Medicine Ward,120,124,0,1.0333,103.3,0,1,-1,RED,4,2,0
2026-06-03 04:00:00,Surgical Ward,Surgical & Post-Op Ward,80,47,33,0.5875,58.8,2,0,2,GREEN,4,2,0
2026-06-03 04:00:00,Pediatrics,Pediatric Ward,40,42,0,1.05,105.0,0,0,0,RED,4,2,0
2026-06-03 05:00:00,Emergency,Emergency Department (ED),50,54,0,1.08,108.0,1,0,1,RED,5,2,0
2026-06-03 05:00:00,ICU,Intensive Care Unit (ICU),30,28,2,0.9333,93.3,0,0,0,RED,5,2,0
2026-06-03 05:00:00,General Medicine,General Medicine Ward,120,127,0,1.0583,105.8,3,0,3,RED,5,2,0
2026-06-03 05:00:00,Surgical Ward,Surgical & Post-Op Ward,80,45,35,0.5625,56.2,0,2,-2,GREEN,5,2,0
2026-06-03 05:00:00,Pediatrics,Pediatric Ward,40,43,0,1.075,107.5,1,0,1,RED,5,2,0
2026-06-03 06:00:00,Emergency,Emergency Department (ED),50,54,0,1.08,108.0,1,0,1,RED,6,2,0
2026-06-03 06:00:00,ICU,Intensive Care Unit (ICU),30,28,2,0.9333,93.3,1,1,0,RED,6,2,0
2026-06-03 06:00:00,General Medicine,General Medicine Ward,120,129,0,1.075,107.5,5,0,5,RED,6,2,0
2026-06-03 06:00:00,Surgical Ward,Surgical & Post-Op Ward,80,45,35,0.5625,56.2,4,4,0,GREEN,6,2,0
2026-06-03 06:00:00,Pediatrics,Pediatric Ward,40,43,0,1.075,107.5,1,1,0,RED,6,2,0
2026-06-03 07:00:00,Emergency,Emergency Department (ED),50,50,0,1.0,100.0,1,5,-4,RED,7,2,0
2026-06-03 07:00:00,ICU,Intensive Care Unit (ICU),30,26,4,0.8667,86.7,0,2,-2,AMBER,7,2,0
2026-06-03 07:00:00,General Medicine,General Medicine Ward,120,128,0,1.0667,106.7,3,4,-1,RED,7,2,0
2026-06-03 07:00:00,Surgical Ward,Surgical & Post-Op Ward,80,42,38,0.525,52.5,2,5,-3,GREEN,7,2,0
2026-06-03 07:00:00,Pediatrics,Pediatric Ward,40,42,0,1.05,105.0,0,1,-1,RED,7,2,0
2026-06-03 08:00:00,Emergency,Emergency Department (ED),50,50,0,1.0,100.0,0,0,0,RED,8,2,0
2026-06-03 08:00:00,ICU,Intensive Care Unit (ICU),30,27,3,0.9,90.0,2,1,1,RED,8,2,0
2026-06-03 08:00:00,General Medicine,General Medicine Ward,120,125,0,1.0417,104.2,0,3,-3,RED,8,2,0
2026-06-03 08:00:00,Surgical Ward,Surgical & Post-Op Ward,80,42,38,0.525,52.5,3,3,0,GREEN,8,2,0
2026-06-03 08:00:00,Pediatrics,Pediatric Ward,40,43,0,1.075,107.5,3,1,2,RED,8,2,0
2026-06-03 09:00:00,Emergency,Emergency Department (ED),50,51,0,1.02,102.0,4,3,1,RED,9,2,0
2026-06-03 09:00:00,ICU,Intensive Care Unit (ICU),30,26,4,0.8667,86.7,0,1,-1,AMBER,9,2,0
2026-06-03 09:00:00,General Medicine,General Medicine Ward,120,129,0,1.075,107.5,6,2,4,RED,9,2,0
2026-06-03 09:00:00,Surgical Ward,Surgical & Post-Op Ward,80,39,41,0.4875,48.8,3,6,-3,GREEN,9,2,0
2026-06-03 09:00:00,Pediatrics,Pediatric Ward,40,43,0,1.075,107.5,1,0,1,RED,9,2,0
2026-06-03 10:00:00,Emergency,Emergency Department (ED),50,50,0,1.0,100.0,2,3,-1,RED,10,2,0
2026-06-03 10:00:00,ICU,Intensive Care Unit (ICU),30,26,4,0.8667,86.7,0,0,0,AMBER,10,2,0
2026-06-03 10:00:00,General Medicine,General Medicine Ward,120,124,0,1.0333,103.3,3,8,-5,RED,10,2,0
2026-06-03 10:00:00,Surgical Ward,Surgical & Post-Op Ward,80,39,41,0.4875,48.8,6,6,0,GREEN,10,2,0
2026-06-03 10:00:00,Pediatrics,Pediatric Ward,40,41,0,1.025,102.5,0,2,-2,RED,10,2,0
2026-06-03 11:00:00,Emergency,Emergency Department (ED),50,51,0,1.02,102.0,6,5,1,RED,11,2,0
2026-06-03 11:00:00,ICU,Intensive Care Unit (ICU),30,26,4,0.8667,86.7,0,0,0,AMBER,11,2,0
2026-06-03 11:00:00,General Medicine,General Medicine Ward,120,126,0,1.05,105.0,6,4,2,RED,11,2,0
2026-06-03 11:00:00,Surgical Ward,Surgical & Post-Op Ward,80,41,39,0.5125,51.2,6,4,2,GREEN,11,2,0
2026-06-03 11:00:00,Pediatrics,Pediatric Ward,40,41,0,1.025,102.5,2,2,0,RED,11,2,0
2026-06-03 12:00:00,Emergency,Emergency Department (ED),50,46,4,0.92,92.0,2,7,-5,RED,12,2,0
2026-06-03 12:00:00,ICU,Intensive Care Unit (ICU),30,26,4,0.8667,86.7,2,2,0,AMBER,12,2,0
2026-06-03 12:00:00,General Medicine,General Medicine Ward,120,126,0,1.05,105.0,3,3,0,RED,12,2,0
2026-06-03 12:00:00,Surgical Ward,Surgical & Post-Op Ward,80,42,38,0.525,52.5,2,1,1,GREEN,12,2,0
2026-06-03 12:00:00,Pediatrics,Pediatric Ward,40,41,0,1.025,102.5,2,2,0,RED,12,2,0
2026-06-03 13:00:00,Emergency,Emergency Department (ED),50,45,5,0.9,90.0,2,3,-1,RED,13,2,0
2026-06-03 13:00:00,ICU,Intensive Care Unit (ICU),30,27,3,0.9,90.0,1,0,1,RED,13,2,0
2026-06-03 13:00:00,General Medicine,General Medicine Ward,120,122,0,1.0167,101.7,5,9,-4,RED,13,2,0
2026-06-03 13:00:00,Surgical Ward,Surgical & Post-Op Ward,80,41,39,0.5125,51.2,1,2,-1,GREEN,13,2,0
2026-06-03 13:00:00,Pediatrics,Pediatric Ward,40,43,0,1.075,107.5,4,0,4,RED,13,2,0
2026-06-03 14:00:00,Emergency,Emergency Department (ED),50,39,11,0.78,78.0,1,7,-6,AMBER,14,2,0
2026-06-03 14:00:00,ICU,Intensive Care Unit (ICU),30,26,4,0.8667,86.7,0,1,-1,AMBER,14,2,0
2026-06-03 14:00:00,General Medicine,General Medicine Ward,120,129,0,1.075,107.5,11,4,7,RED,14,2,0
2026-06-03 14:00:00,Surgical Ward,Surgical & Post-Op Ward,80,40,40,0.5,50.0,3,4,-1,GREEN,14,2,0
2026-06-03 14:00:00,Pediatrics,Pediatric Ward,40,43,0,1.075,107.5,1,0,1,RED,14,2,0
2026-06-03 15:00:00,Emergency,Emergency Department (ED),50,44,6,0.88,88.0,5,0,5,AMBER,15,2,0
2026-06-03 15:00:00,ICU,Intensive Care Unit (ICU),30,26,4,0.8667,86.7,1,1,0,AMBER,15,2,0
2026-06-03 15:00:00,General Medicine,General Medicine Ward,120,129,0,1.075,107.5,5,2,3,RED,15,2,0
2026-06-03 15:00:00,Surgical Ward,Surgical & Post-Op Ward,80,41,39,0.5125,51.2,3,2,1,GREEN,15,2,0
2026-06-03 15:00:00,Pediatrics,Pediatric Ward,40,43,0,1.075,107.5,1,1,0,RED,15,2,0
2026-06-03 16:00:00,Emergency,Emergency Department (ED),50,50,0,1.0,100.0,8,2,6,RED,16,2,0
2026-06-03 16:00:00,ICU,Intensive Care Unit (ICU),30,26,4,0.8667,86.7,0,0,0,AMBER,16,2,0
2026-06-03 16:00:00,General Medicine,General Medicine Ward,120,129,0,1.075,107.5,5,1,4,RED,16,2,0
2026-06-03 16:00:00,Surgical Ward,Surgical & Post-Op Ward,80,39,41,0.4875,48.8,1,3,-2,GREEN,16,2,0
2026-06-03 16:00:00,Pediatrics,Pediatric Ward,40,43,0,1.075,107.5,1,1,0,RED,16,2,0
2026-06-03 17:00:00,Emergency,Emergency Department (ED),50,54,0,1.08,108.0,4,0,4,RED,17,2,0
2026-06-03 17:00:00,ICU,Intensive Care Unit (ICU),30,25,5,0.8333,83.3,0,1,-1,AMBER,17,2,0
2026-06-03 17:00:00,General Medicine,General Medicine Ward,120,129,0,1.075,107.5,5,2,3,RED,17,2,0
2026-06-03 17:00:00,Surgical Ward,Surgical & Post-Op Ward,80,40,40,0.5,50.0,2,1,1,GREEN,17,2,0
2026-06-03 17:00:00,Pediatrics,Pediatric Ward,40,43,0,1.075,107.5,2,0,2,RED,17,2,0
2026-06-03 18:00:00,Emergency,Emergency Department (ED),50,54,0,1.08,108.0,4,1,3,RED,18,2,0
2026-06-03 18:00:00,ICU,Intensive Care Unit (ICU),30,26,4,0.8667,86.7,1,0,1,AMBER,18,2,0
2026-06-03 18:00:00,General Medicine,General Medicine Ward,120,129,0,1.075,107.5,4,4,0,RED,18,2,0
2026-06-03 18:00:00,Surgical Ward,Surgical & Post-Op Ward,80,38,42,0.475,47.5,2,4,-2,GREEN,18,2,0
2026-06-03 18:00:00,Pediatrics,Pediatric Ward,40,43,0,1.075,107.5,2,2,0,RED,18,2,0
2026-06-03 19:00:00,Emergency,Emergency Department (ED),50,54,0,1.08,108.0,5,3,2,RED,19,2,0
2026-06-03 19:00:00,ICU,Intensive Care Unit (ICU),30,26,4,0.8667,86.7,0,0,0,AMBER,19,2,0
2026-06-03 19:00:00,General Medicine,General Medicine Ward,120,129,0,1.075,107.5,6,2,4,RED,19,2,0
2026-06-03 19:00:00,Surgical Ward,Surgical & Post-Op Ward,80,41,39,0.5125,51.2,5,2,3,GREEN,19,2,0
2026-06-03 19:00:00,Pediatrics,Pediatric Ward,40,43,0,1.075,107.5,3,0,3,RED,19,2,0
2026-06-03 20:00:00,Emergency,Emergency Department (ED),50,54,0,1.08,108.0,4,1,3,RED,20,2,0
2026-06-03 20:00:00,ICU,Intensive Care Unit (ICU),30,27,3,0.9,90.0,2,1,1,RED,20,2,0
2026-06-03 20:00:00,General Medicine,General Medicine Ward,120,129,0,1.075,107.5,4,2,2,RED,20,2,0
2026-06-03 20:00:00,Surgical Ward,Surgical & Post-Op Ward,80,40,40,0.5,50.0,2,3,-1,GREEN,20,2,0
2026-06-03 20:00:00,Pediatrics,Pediatric Ward,40,43,0,1.075,107.5,2,1,1,RED,20,2,0
2026-06-03 21:00:00,Emergency,Emergency Department (ED),50,54,0,1.08,108.0,4,2,2,RED,21,2,0
2026-06-03 21:00:00,ICU,Intensive Care Unit (ICU),30,28,2,0.9333,93.3,1,0,1,RED,21,2,0
2026-06-03 21:00:00,General Medicine,General Medicine Ward,120,126,0,1.05,105.0,3,6,-3,RED,21,2,0
2026-06-03 21:00:00,Surgical Ward,Surgical & Post-Op Ward,80,37,43,0.4625,46.2,1,4,-3,GREEN,21,2,0
2026-06-03 21:00:00,Pediatrics,Pediatric Ward,40,43,0,1.075,107.5,3,2,1,RED,21,2,0
2026-06-03 22:00:00,Emergency,Emergency Department (ED),50,54,0,1.08,108.0,9,3,6,RED,22,2,0
2026-06-03 22:00:00,ICU,Intensive Care Unit (ICU),30,28,2,0.9333,93.3,0,0,0,RED,22,2,0
2026-06-03 22:00:00,General Medicine,General Medicine Ward,120,124,0,1.0333,103.3,3,5,-2,RED,22,2,0
2026-06-03 22:00:00,Surgical Ward,Surgical & Post-Op Ward,80,37,43,0.4625,46.2,0,0,0,GREEN,22,2,0
2026-06-03 22:00:00,Pediatrics,Pediatric Ward,40,43,0,1.075,107.5,3,2,1,RED,22,2,0
2026-06-03 23:00:00,Emergency,Emergency Department (ED),50,54,0,1.08,108.0,4,4,0,RED,23,2,0
2026-06-03 23:00:00,ICU,Intensive Care Unit (ICU),30,29,1,0.9667,96.7,1,0,1,RED,23,2,0
2026-06-03 23:00:00,General Medicine,General Medicine Ward,120,120,0,1.0,100.0,1,5,-4,RED,23,2,0
2026-06-03 23:00:00,Surgical Ward,Surgical & Post-Op Ward,80,40,40,0.5,50.0,3,0,3,GREEN,23,2,0
2026-06-03 23:00:00,Pediatrics,Pediatric Ward,40,43,0,1.075,107.5,1,0,1,RED,23,2,0
2026-06-04 00:00:00,Emergency,Emergency Department (ED),50,54,0,1.08,108.0,3,2,1,RED,0,3,0
2026-06-04 00:00:00,ICU,Intensive Care Unit (ICU),30,30,0,1.0,100.0,1,0,1,RED,0,3,0
2026-06-04 00:00:00,General Medicine,General Medicine Ward,120,118,2,0.9833,98.3,2,4,-2,RED,0,3,0
2026-06-04 00:00:00,Surgical Ward,Surgical & Post-Op Ward,80,41,39,0.5125,51.2,1,0,1,GREEN,0,3,0
2026-06-04 00:00:00,Pediatrics,Pediatric Ward,40,43,0,1.075,107.5,2,2,0,RED,0,3,0
2026-06-04 01:00:00,Emergency,Emergency Department (ED),50,54,0,1.08,108.0,3,3,0,RED,1,3,0
2026-06-04 01:00:00,ICU,Intensive Care Unit (ICU),30,30,0,1.0,100.0,0,0,0,RED,1,3,0
2026-06-04 01:00:00,General Medicine,General Medicine Ward,120,120,0,1.0,100.0,2,0,2,RED,1,3,0
2026-06-04 01:00:00,Surgical Ward,Surgical & Post-Op Ward,80,42,38,0.525,52.5,1,0,1,GREEN,1,3,0
2026-06-04 01:00:00,Pediatrics,Pediatric Ward,40,43,0,1.075,107.5,1,1,0,RED,1,3,0
2026-06-04 02:00:00,Emergency,Emergency Department (ED),50,54,0,1.08,108.0,1,1,0,RED,2,3,0
2026-06-04 02:00:00,ICU,Intensive Care Unit (ICU),30,30,0,1.0,100.0,0,0,0,RED,2,3,0
2026-06-04 02:00:00,General Medicine,General Medicine Ward,120,121,0,1.0083,100.8,1,0,1,RED,2,3,0
2026-06-04 02:00:00,Surgical Ward,Surgical & Post-Op Ward,80,42,38,0.525,52.5,0,0,0,GREEN,2,3,0
2026-06-04 02:00:00,Pediatrics,Pediatric Ward,40,43,0,1.075,107.5,0,0,0,RED,2,3,0
2026-06-04 03:00:00,Emergency,Emergency Department (ED),50,54,0,1.08,108.0,0,0,0,RED,3,3,0
2026-06-04 03:00:00,ICU,Intensive Care Unit (ICU),30,31,0,1.0333,103.3,1,0,1,RED,3,3,0
2026-06-04 03:00:00,General Medicine,General Medicine Ward,120,121,0,1.0083,100.8,1,1,0,RED,3,3,0
2026-06-04 03:00:00,Surgical Ward,Surgical & Post-Op Ward,80,42,38,0.525,52.5,0,0,0,GREEN,3,3,0
2026-06-04 03:00:00,Pediatrics,Pediatric Ward,40,43,0,1.075,107.5,1,0,1,RED,3,3,0
2026-06-04 04:00:00,Emergency,Emergency Department (ED),50,54,0,1.08,108.0,1,0,1,RED,4,3,0
2026-06-04 04:00:00,ICU,Intensive Care Unit (ICU),30,31,0,1.0333,103.3,0,0,0,RED,4,3,0
2026-06-04 04:00:00,General Medicine,General Medicine Ward,120,124,0,1.0333,103.3,3,0,3,RED,4,3,0
2026-06-04 04:00:00,Surgical Ward,Surgical & Post-Op Ward,80,43,37,0.5375,53.8,1,0,1,GREEN,4,3,0
2026-06-04 04:00:00,Pediatrics,Pediatric Ward,40,43,0,1.075,107.5,0,0,0,RED,4,3,0
2026-06-04 05:00:00,Emergency,Emergency Department (ED),50,54,0,1.08,108.0,1,0,1,RED,5,3,0
2026-06-04 05:00:00,ICU,Intensive Care Unit (ICU),30,30,0,1.0,100.0,0,1,-1,RED,5,3,0
2026-06-04 05:00:00,General Medicine,General Medicine Ward,120,124,0,1.0333,103.3,0,0,0,RED,5,3,0
2026-06-04 05:00:00,Surgical Ward,Surgical & Post-Op Ward,80,40,40,0.5,50.0,0,3,-3,GREEN,5,3,0
2026-06-04 05:00:00,Pediatrics,Pediatric Ward,40,43,0,1.075,107.5,0,0,0,RED,5,3,0
2026-06-04 06:00:00,Emergency,Emergency Department (ED),50,54,0,1.08,108.0,0,0,0,RED,6,3,0
2026-06-04 06:00:00,ICU,Intensive Care Unit (ICU),30,30,0,1.0,100.0,0,0,0,RED,6,3,0
2026-06-04 06:00:00,General Medicine,General Medicine Ward,120,126,0,1.05,105.0,6,4,2,RED,6,3,0
2026-06-04 06:00:00,Surgical Ward,Surgical & Post-Op Ward,80,40,40,0.5,50.0,2,2,0,GREEN,6,3,0
2026-06-04 06:00:00,Pediatrics,Pediatric Ward,40,43,0,1.075,107.5,3,2,1,RED,6,3,0
2026-06-04 07:00:00,Emergency,Emergency Department (ED),50,54,0,1.08,108.0,2,1,1,RED,7,3,0
2026-06-04 07:00:00,ICU,Intensive Care Unit (ICU),30,30,0,1.0,100.0,0,0,0,RED,7,3,0
2026-06-04 07:00:00,General Medicine,General Medicine Ward,120,128,0,1.0667,106.7,2,0,2,RED,7,3,0
2026-06-04 07:00:00,Surgical Ward,Surgical & Post-Op Ward,80,40,40,0.5,50.0,2,2,0,GREEN,7,3,0
2026-06-04 07:00:00,Pediatrics,Pediatric Ward,40,42,0,1.05,105.0,1,2,-1,RED,7,3,0
2026-06-04 08:00:00,Emergency,Emergency Department (ED),50,53,0,1.06,106.0,1,2,-1,RED,8,3,0
2026-06-04 08:00:00,ICU,Intensive Care Unit (ICU),30,30,0,1.0,100.0,0,0,0,RED,8,3,0
2026-06-04 08:00:00,General Medicine,General Medicine Ward,120,129,0,1.075,107.5,4,2,2,RED,8,3,0
2026-06-04 08:00:00,Surgical Ward,Surgical & Post-Op Ward,80,44,36,0.55,55.0,5,1,4,GREEN,8,3,0
2026-06-04 08:00:00,Pediatrics,Pediatric Ward,40,40,0,1.0,100.0,0,2,-2,RED,8,3,0
2026-06-04 09:00:00,Emergency,Emergency Department (ED),50,54,0,1.08,108.0,5,2,3,RED,9,3,0
2026-06-04 09:00:00,ICU,Intensive Care Unit (ICU),30,30,0,1.0,100.0,0,0,0,RED,9,3,0
2026-06-04 09:00:00,General Medicine,General Medicine Ward,120,129,0,1.075,107.5,5,3,2,RED,9,3,0
2026-06-04 09:00:00,Surgical Ward,Surgical & Post-Op Ward,80,45,35,0.5625,56.2,7,6,1,GREEN,9,3,0
2026-06-04 09:00:00,Pediatrics,Pediatric Ward,40,41,0,1.025,102.5,1,0,1,RED,9,3,0
2026-06-04 10:00:00,Emergency,Emergency Department (ED),50,53,0,1.06,106.0,2,3,-1,RED,10,3,0
2026-06-04 10:00:00,ICU,Intensive Care Unit (ICU),30,31,0,1.0333,103.3,1,0,1,RED,10,3,0
2026-06-04 10:00:00,General Medicine,General Medicine Ward,120,124,0,1.0333,103.3,0,5,-5,RED,10,3,0
2026-06-04 10:00:00,Surgical Ward,Surgical & Post-Op Ward,80,47,33,0.5875,58.8,4,2,2,GREEN,10,3,0
2026-06-04 10:00:00,Pediatrics,Pediatric Ward,40,38,2,0.95,95.0,0,3,-3,RED,10,3,0
2026-06-04 11:00:00,Emergency,Emergency Department (ED),50,54,0,1.08,108.0,5,1,4,RED,11,3,0
2026-06-04 11:00:00,ICU,Intensive Care Unit (ICU),30,32,0,1.0667,106.7,1,0,1,RED,11,3,0
2026-06-04 11:00:00,General Medicine,General Medicine Ward,120,125,0,1.0417,104.2,1,0,1,RED,11,3,0
2026-06-04 11:00:00,Surgical Ward,Surgical & Post-Op Ward,80,48,32,0.6,60.0,6,5,1,GREEN,11,3,0
2026-06-04 11:00:00,Pediatrics,Pediatric Ward,40,39,1,0.975,97.5,2,1,1,RED,11,3,0
2026-06-04 12:00:00,Emergency,Emergency Department (ED),50,54,0,1.08,108.0,7,2,5,RED,12,3,0
2026-06-04 12:00:00,ICU,Intensive Care Unit (ICU),30,31,0,1.0333,103.3,0,1,-1,RED,12,3,0
2026-06-04 12:00:00,General Medicine,General Medicine Ward,120,126,0,1.05,105.0,5,4,1,RED,12,3,0
2026-06-04 12:00:00,Surgical Ward,Surgical & Post-Op Ward,80,47,33,0.5875,58.8,0,1,-1,GREEN,12,3,0
2026-06-04 12:00:00,Pediatrics,Pediatric Ward,40,39,1,0.975,97.5,2,2,0,RED,12,3,0
2026-06-04 13:00:00,Emergency,Emergency Department (ED),50,53,0,1.06,106.0,0,1,-1,RED,13,3,0
2026-06-04 13:00:00,ICU,Intensive Care Unit (ICU),30,31,0,1.0333,103.3,0,0,0,RED,13,3,0
2026-06-04 13:00:00,General Medicine,General Medicine Ward,120,129,0,1.075,107.5,12,5,7,RED,13,3,0
2026-06-04 13:00:00,Surgical Ward,Surgical & Post-Op Ward,80,49,31,0.6125,61.3,3,1,2,GREEN,13,3,0
2026-06-04 13:00:00,Pediatrics,Pediatric Ward,40,43,0,1.075,107.5,4,0,4,RED,13,3,0
2026-06-04 14:00:00,Emergency,Emergency Department (ED),50,51,0,1.02,102.0,2,4,-2,RED,14,3,0
2026-06-04 14:00:00,ICU,Intensive Care Unit (ICU),30,29,1,0.9667,96.7,0,2,-2,RED,14,3,0
2026-06-04 14:00:00,General Medicine,General Medicine Ward,120,129,0,1.075,107.5,6,3,3,RED,14,3,0
2026-06-04 14:00:00,Surgical Ward,Surgical & Post-Op Ward,80,52,28,0.65,65.0,3,0,3,GREEN,14,3,0
2026-06-04 14:00:00,Pediatrics,Pediatric Ward,40,43,0,1.075,107.5,0,0,0,RED,14,3,0
2026-06-04 15:00:00,Emergency,Emergency Department (ED),50,54,0,1.08,108.0,4,1,3,RED,15,3,0
2026-06-04 15:00:00,ICU,Intensive Care Unit (ICU),30,29,1,0.9667,96.7,0,0,0,RED,15,3,0
2026-06-04 15:00:00,General Medicine,General Medicine Ward,120,128,0,1.0667,106.7,4,5,-1,RED,15,3,0
2026-06-04 15:00:00,Surgical Ward,Surgical & Post-Op Ward,80,55,25,0.6875,68.8,5,2,3,GREEN,15,3,0
2026-06-04 15:00:00,Pediatrics,Pediatric Ward,40,43,0,1.075,107.5,3,1,2,RED,15,3,0
2026-06-04 16:00:00,Emergency,Emergency Department (ED),50,54,0,1.08,108.0,4,1,3,RED,16,3,0
2026-06-04 16:00:00,ICU,Intensive Care Unit (ICU),30,29,1,0.9667,96.7,1,1,0,RED,16,3,0
2026-06-04 16:00:00,General Medicine,General Medicine Ward,120,128,0,1.0667,106.7,3,3,0,RED,16,3,0
2026-06-04 16:00:00,Surgical Ward,Surgical & Post-Op Ward,80,57,23,0.7125,71.2,2,0,2,GREEN,16,3,0
2026-06-04 16:00:00,Pediatrics,Pediatric Ward,40,43,0,1.075,107.5,2,0,2,RED,16,3,0
2026-06-04 17:00:00,Emergency,Emergency Department (ED),50,53,0,1.06,106.0,4,5,-1,RED,17,3,0
2026-06-04 17:00:00,ICU,Intensive Care Unit (ICU),30,30,0,1.0,100.0,1,0,1,RED,17,3,0
2026-06-04 17:00:00,General Medicine,General Medicine Ward,120,129,0,1.075,107.5,7,3,4,RED,17,3,0
2026-06-04 17:00:00,Surgical Ward,Surgical & Post-Op Ward,80,58,22,0.725,72.5,2,1,1,GREEN,17,3,0
2026-06-04 17:00:00,Pediatrics,Pediatric Ward,40,43,0,1.075,107.5,2,0,2,RED,17,3,0
2026-06-04 18:00:00,Emergency,Emergency Department (ED),50,53,0,1.06,106.0,4,4,0,RED,18,3,0
2026-06-04 18:00:00,ICU,Intensive Care Unit (ICU),30,32,0,1.0667,106.7,2,0,2,RED,18,3,0
2026-06-04 18:00:00,General Medicine,General Medicine Ward,120,126,0,1.05,105.0,3,6,-3,RED,18,3,0
2026-06-04 18:00:00,Surgical Ward,Surgical & Post-Op Ward,80,62,18,0.775,77.5,6,2,4,AMBER,18,3,0
2026-06-04 18:00:00,Pediatrics,Pediatric Ward,40,43,0,1.075,107.5,4,2,2,RED,18,3,0
2026-06-04 19:00:00,Emergency,Emergency Department (ED),50,54,0,1.08,108.0,4,0,4,RED,19,3,0
2026-06-04 19:00:00,ICU,Intensive Care Unit (ICU),30,32,0,1.0667,106.7,0,0,0,RED,19,3,0
2026-06-04 19:00:00,General Medicine,General Medicine Ward,120,124,0,1.0333,103.3,4,6,-2,RED,19,3,0
2026-06-04 19:00:00,Surgical Ward,Surgical & Post-Op Ward,80,64,16,0.8,80.0,3,1,2,AMBER,19,3,0
2026-06-04 19:00:00,Pediatrics,Pediatric Ward,40,43,0,1.075,107.5,0,0,0,RED,19,3,0
2026-06-04 20:00:00,Emergency,Emergency Department (ED),50,49,1,0.98,98.0,0,5,-5,RED,20,3,0
2026-06-04 20:00:00,ICU,Intensive Care Unit (ICU),30,32,0,1.0667,106.7,2,0,2,RED,20,3,0
2026-06-04 20:00:00,General Medicine,General Medicine Ward,120,125,0,1.0417,104.2,4,3,1,RED,20,3,0
2026-06-04 20:00:00,Surgical Ward,Surgical & Post-Op Ward,80,62,18,0.775,77.5,2,4,-2,AMBER,20,3,0
2026-06-04 20:00:00,Pediatrics,Pediatric Ward,40,43,0,1.075,107.5,2,0,2,RED,20,3,0
2026-06-04 21:00:00,Emergency,Emergency Department (ED),50,54,0,1.08,108.0,7,0,7,RED,21,3,0
2026-06-04 21:00:00,ICU,Intensive Care Unit (ICU),30,32,0,1.0667,106.7,0,0,0,RED,21,3,0
2026-06-04 21:00:00,General Medicine,General Medicine Ward,120,128,0,1.0667,106.7,4,1,3,RED,21,3,0
2026-06-04 21:00:00,Surgical Ward,Surgical & Post-Op Ward,80,62,18,0.775,77.5,0,0,0,AMBER,21,3,0
2026-06-04 21:00:00,Pediatrics,Pediatric Ward,40,43,0,1.075,107.5,2,0,2,RED,21,3,0
2026-06-04 22:00:00,Emergency,Emergency Department (ED),50,54,0,1.08,108.0,7,5,2,RED,22,3,0
2026-06-04 22:00:00,ICU,Intensive Care Unit (ICU),30,32,0,1.0667,106.7,1,1,0,RED,22,3,0
2026-06-04 22:00:00,General Medicine,General Medicine Ward,120,127,0,1.0583,105.8,2,3,-1,RED,22,3,0
2026-06-04 22:00:00,Surgical Ward,Surgical & Post-Op Ward,80,60,20,0.75,75.0,1,3,-2,AMBER,22,3,0
2026-06-04 22:00:00,Pediatrics,Pediatric Ward,40,43,0,1.075,107.5,2,2,0,RED,22,3,0
2026-06-04 23:00:00,Emergency,Emergency Department (ED),50,53,0,1.06,106.0,3,4,-1,RED,23,3,0
2026-06-04 23:00:00,ICU,Intensive Care Unit (ICU),30,32,0,1.0667,106.7,0,0,0,RED,23,3,0
2026-06-04 23:00:00,General Medicine,General Medicine Ward,120,128,0,1.0667,106.7,5,4,1,RED,23,3,0
2026-06-04 23:00:00,Surgical Ward,Surgical & Post-Op Ward,80,63,17,0.7875,78.8,6,3,3,AMBER,23,3,0
2026-06-04 23:00:00,Pediatrics,Pediatric Ward,40,43,0,1.075,107.5,0,0,0,RED,23,3,0
2026-06-05 00:00:00,Emergency,Emergency Department (ED),50,51,0,1.02,102.0,1,3,-2,RED,0,4,0
2026-06-05 00:00:00,ICU,Intensive Care Unit (ICU),30,31,0,1.0333,103.3,0,1,-1,RED,0,4,0
2026-06-05 00:00:00,General Medicine,General Medicine Ward,120,127,0,1.0583,105.8,3,4,-1,RED,0,4,0
2026-06-05 00:00:00,Surgical Ward,Surgical & Post-Op Ward,80,64,16,0.8,80.0,1,0,1,AMBER,0,4,0
2026-06-05 00:00:00,Pediatrics,Pediatric Ward,40,42,0,1.05,105.0,0,1,-1,RED,0,4,0
2026-06-05 01:00:00,Emergency,Emergency Department (ED),50,51,0,1.02,102.0,2,2,0,RED,1,4,0
2026-06-05 01:00:00,ICU,Intensive Care Unit (ICU),30,31,0,1.0333,103.3,1,1,0,RED,1,4,0
2026-06-05 01:00:00,General Medicine,General Medicine Ward,120,127,0,1.0583,105.8,1,1,0,RED,1,4,0
2026-06-05 01:00:00,Surgical Ward,Surgical & Post-Op Ward,80,64,16,0.8,80.0,1,1,0,AMBER,1,4,0
2026-06-05 01:00:00,Pediatrics,Pediatric Ward,40,42,0,1.05,105.0,0,0,0,RED,1,4,0
2026-06-05 02:00:00,Emergency,Emergency Department (ED),50,53,0,1.06,106.0,2,0,2,RED,2,4,0
2026-06-05 02:00:00,ICU,Intensive Care Unit (ICU),30,32,0,1.0667,106.7,2,0,2,RED,2,4,0
2026-06-05 02:00:00,General Medicine,General Medicine Ward,120,126,0,1.05,105.0,0,1,-1,RED,2,4,0
2026-06-05 02:00:00,Surgical Ward,Surgical & Post-Op Ward,80,64,16,0.8,80.0,0,0,0,AMBER,2,4,0
2026-06-05 02:00:00,Pediatrics,Pediatric Ward,40,43,0,1.075,107.5,1,0,1,RED,2,4,0
2026-06-05 03:00:00,Emergency,Emergency Department (ED),50,51,0,1.02,102.0,0,2,-2,RED,3,4,0
2026-06-05 03:00:00,ICU,Intensive Care Unit (ICU),30,32,0,1.0667,106.7,0,0,0,RED,3,4,0
2026-06-05 03:00:00,General Medicine,General Medicine Ward,120,126,0,1.05,105.0,0,0,0,RED,3,4,0
2026-06-05 03:00:00,Surgical Ward,Surgical & Post-Op Ward,80,66,14,0.825,82.5,2,0,2,AMBER,3,4,0
2026-06-05 03:00:00,Pediatrics,Pediatric Ward,40,42,0,1.05,105.0,0,1,-1,RED,3,4,0
2026-06-05 04:00:00,Emergency,Emergency Department (ED),50,52,0,1.04,104.0,1,0,1,RED,4,4,0
2026-06-05 04:00:00,ICU,Intensive Care Unit (ICU),30,32,0,1.0667,106.7,0,0,0,RED,4,4,0
2026-06-05 04:00:00,General Medicine,General Medicine Ward,120,126,0,1.05,105.0,0,0,0,RED,4,4,0
2026-06-05 04:00:00,Surgical Ward,Surgical & Post-Op Ward,80,67,13,0.8375,83.8,2,1,1,AMBER,4,4,0
2026-06-05 04:00:00,Pediatrics,Pediatric Ward,40,42,0,1.05,105.0,0,0,0,RED,4,4,0
2026-06-05 05:00:00,Emergency,Emergency Department (ED),50,54,0,1.08,108.0,3,0,3,RED,5,4,0
2026-06-05 05:00:00,ICU,Intensive Care Unit (ICU),30,32,0,1.0667,106.7,0,0,0,RED,5,4,0
2026-06-05 05:00:00,General Medicine,General Medicine Ward,120,127,0,1.0583,105.8,1,0,1,RED,5,4,0
2026-06-05 05:00:00,Surgical Ward,Surgical & Post-Op Ward,80,66,14,0.825,82.5,0,1,-1,AMBER,5,4,0
2026-06-05 05:00:00,Pediatrics,Pediatric Ward,40,43,0,1.075,107.5,1,0,1,RED,5,4,0
2026-06-05 06:00:00,Emergency,Emergency Department (ED),50,54,0,1.08,108.0,0,0,0,RED,6,4,0
2026-06-05 06:00:00,ICU,Intensive Care Unit (ICU),30,32,0,1.0667,106.7,0,0,0,RED,6,4,0
2026-06-05 06:00:00,General Medicine,General Medicine Ward,120,126,0,1.05,105.0,2,3,-1,RED,6,4,0
2026-06-05 06:00:00,Surgical Ward,Surgical & Post-Op Ward,80,67,13,0.8375,83.8,3,2,1,AMBER,6,4,0
2026-06-05 06:00:00,Pediatrics,Pediatric Ward,40,43,0,1.075,107.5,2,0,2,RED,6,4,0
2026-06-05 07:00:00,Emergency,Emergency Department (ED),50,54,0,1.08,108.0,2,2,0,RED,7,4,0
2026-06-05 07:00:00,ICU,Intensive Care Unit (ICU),30,31,0,1.0333,103.3,0,1,-1,RED,7,4,0
2026-06-05 07:00:00,General Medicine,General Medicine Ward,120,126,0,1.05,105.0,2,2,0,RED,7,4,0
2026-06-05 07:00:00,Surgical Ward,Surgical & Post-Op Ward,80,70,10,0.875,87.5,5,2,3,AMBER,7,4,0
2026-06-05 07:00:00,Pediatrics,Pediatric Ward,40,43,0,1.075,107.5,0,0,0,RED,7,4,0
2026-06-05 08:00:00,Emergency,Emergency Department (ED),50,54,0,1.08,108.0,1,1,0,RED,8,4,0
2026-06-05 08:00:00,ICU,Intensive Care Unit (ICU),30,31,0,1.0333,103.3,0,0,0,RED,8,4,0
2026-06-05 08:00:00,General Medicine,General Medicine Ward,120,129,0,1.075,107.5,8,5,3,RED,8,4,0
2026-06-05 08:00:00,Surgical Ward,Surgical & Post-Op Ward,80,75,5,0.9375,93.8,8,3,5,RED,8,4,0
2026-06-05 08:00:00,Pediatrics,Pediatric Ward,40,43,0,1.075,107.5,1,1,0,RED,8,4,0
2026-06-05 09:00:00,Emergency,Emergency Department (ED),50,54,0,1.08,108.0,3,1,2,RED,9,4,0
2026-06-05 09:00:00,ICU,Intensive Care Unit (ICU),30,30,0,1.0,100.0,0,1,-1,RED,9,4,0
2026-06-05 09:00:00,General Medicine,General Medicine Ward,120,127,0,1.0583,105.8,1,3,-2,RED,9,4,0
2026-06-05 09:00:00,Surgical Ward,Surgical & Post-Op Ward,80,76,4,0.95,95.0,6,5,1,RED,9,4,0
2026-06-05 09:00:00,Pediatrics,Pediatric Ward,40,43,0,1.075,107.5,2,0,2,RED,9,4,0
2026-06-05 10:00:00,Emergency,Emergency Department (ED),50,54,0,1.08,108.0,4,3,1,RED,10,4,0
2026-06-05 10:00:00,ICU,Intensive Care Unit (ICU),30,30,0,1.0,100.0,0,0,0,RED,10,4,0
2026-06-05 10:00:00,General Medicine,General Medicine Ward,120,129,0,1.075,107.5,5,1,4,RED,10,4,0
2026-06-05 10:00:00,Surgical Ward,Surgical & Post-Op Ward,80,70,10,0.875,87.5,1,7,-6,AMBER,10,4,0
2026-06-05 10:00:00,Pediatrics,Pediatric Ward,40,42,0,1.05,105.0,0,1,-1,RED,10,4,0
2026-06-05 11:00:00,Emergency,Emergency Department (ED),50,53,0,1.06,106.0,3,4,-1,RED,11,4,0
2026-06-05 11:00:00,ICU,Intensive Care Unit (ICU),30,30,0,1.0,100.0,0,0,0,RED,11,4,0
2026-06-05 11:00:00,General Medicine,General Medicine Ward,120,129,0,1.075,107.5,6,4,2,RED,11,4,0
2026-06-05 11:00:00,Surgical Ward,Surgical & Post-Op Ward,80,74,6,0.925,92.5,4,0,4,RED,11,4,0
2026-06-05 11:00:00,Pediatrics,Pediatric Ward,40,40,0,1.0,100.0,1,3,-2,RED,11,4,0
2026-06-05 12:00:00,Emergency,Emergency Department (ED),50,53,0,1.06,106.0,2,2,0,RED,12,4,0
2026-06-05 12:00:00,ICU,Intensive Care Unit (ICU),30,30,0,1.0,100.0,1,1,0,RED,12,4,0
2026-06-05 12:00:00,General Medicine,General Medicine Ward,120,129,0,1.075,107.5,5,3,2,RED,12,4,0
2026-06-05 12:00:00,Surgical Ward,Surgical & Post-Op Ward,80,72,8,0.9,90.0,4,6,-2,RED,12,4,0
2026-06-05 12:00:00,Pediatrics,Pediatric Ward,40,43,0,1.075,107.5,3,0,3,RED,12,4,0
2026-06-05 13:00:00,Emergency,Emergency Department (ED),50,54,0,1.08,108.0,9,1,8,RED,13,4,0
2026-06-05 13:00:00,ICU,Intensive Care Unit (ICU),30,29,1,0.9667,96.7,0,1,-1,RED,13,4,0
2026-06-05 13:00:00,General Medicine,General Medicine Ward,120,129,0,1.075,107.5,6,6,0,RED,13,4,0
2026-06-05 13:00:00,Surgical Ward,Surgical & Post-Op Ward,80,73,7,0.9125,91.2,5,4,1,RED,13,4,0
2026-06-05 13:00:00,Pediatrics,Pediatric Ward,40,42,0,1.05,105.0,0,1,-1,RED,13,4,0
2026-06-05 14:00:00,Emergency,Emergency Department (ED),50,53,0,1.06,106.0,5,6,-1,RED,14,4,0
2026-06-05 14:00:00,ICU,Intensive Care Unit (ICU),30,29,1,0.9667,96.7,2,2,0,RED,14,4,0
2026-06-05 14:00:00,General Medicine,General Medicine Ward,120,129,0,1.075,107.5,8,4,4,RED,14,4,0
2026-06-05 14:00:00,Surgical Ward,Surgical & Post-Op Ward,80,70,10,0.875,87.5,1,4,-3,AMBER,14,4,0
2026-06-05 14:00:00,Pediatrics,Pediatric Ward,40,40,0,1.0,100.0,1,3,-2,RED,14,4,0
2026-06-05 15:00:00,Emergency,Emergency Department (ED),50,54,0,1.08,108.0,3,2,1,RED,15,4,0
2026-06-05 15:00:00,ICU,Intensive Care Unit (ICU),30,28,2,0.9333,93.3,0,1,-1,RED,15,4,0
2026-06-05 15:00:00,General Medicine,General Medicine Ward,120,129,0,1.075,107.5,8,3,5,RED,15,4,0
2026-06-05 15:00:00,Surgical Ward,Surgical & Post-Op Ward,80,67,13,0.8375,83.8,3,6,-3,AMBER,15,4,0
2026-06-05 15:00:00,Pediatrics,Pediatric Ward,40,38,2,0.95,95.0,0,2,-2,RED,15,4,0
2026-06-05 16:00:00,Emergency,Emergency Department (ED),50,54,0,1.08,108.0,7,4,3,RED,16,4,0
2026-06-05 16:00:00,ICU,Intensive Care Unit (ICU),30,29,1,0.9667,96.7,1,0,1,RED,16,4,0
2026-06-05 16:00:00,General Medicine,General Medicine Ward,120,129,0,1.075,107.5,4,4,0,RED,16,4,0
2026-06-05 16:00:00,Surgical Ward,Surgical & Post-Op Ward,80,66,14,0.825,82.5,1,2,-1,AMBER,16,4,0
2026-06-05 16:00:00,Pediatrics,Pediatric Ward,40,38,2,0.95,95.0,0,0,0,RED,16,4,0
2026-06-05 17:00:00,Emergency,Emergency Department (ED),50,54,0,1.08,108.0,5,2,3,RED,17,4,0
2026-06-05 17:00:00,ICU,Intensive Care Unit (ICU),30,29,1,0.9667,96.7,0,0,0,RED,17,4,0
2026-06-05 17:00:00,General Medicine,General Medicine Ward,120,129,0,1.075,107.5,6,2,4,RED,17,4,0
2026-06-05 17:00:00,Surgical Ward,Surgical & Post-Op Ward,80,67,13,0.8375,83.8,3,2,1,AMBER,17,4,0
2026-06-05 17:00:00,Pediatrics,Pediatric Ward,40,38,2,0.95,95.0,1,1,0,RED,17,4,0
2026-06-05 18:00:00,Emergency,Emergency Department (ED),50,54,0,1.08,108.0,3,1,2,RED,18,4,0
2026-06-05 18:00:00,ICU,Intensive Care Unit (ICU),30,29,1,0.9667,96.7,0,0,0,RED,18,4,0
2026-06-05 18:00:00,General Medicine,General Medicine Ward,120,128,0,1.0667,106.7,1,2,-1,RED,18,4,0
2026-06-05 18:00:00,Surgical Ward,Surgical & Post-Op Ward,80,69,11,0.8625,86.2,4,2,2,AMBER,18,4,0
2026-06-05 18:00:00,Pediatrics,Pediatric Ward,40,40,0,1.0,100.0,2,0,2,RED,18,4,0
2026-06-05 19:00:00,Emergency,Emergency Department (ED),50,54,0,1.08,108.0,5,5,0,RED,19,4,0
2026-06-05 19:00:00,ICU,Intensive Care Unit (ICU),30,29,1,0.9667,96.7,0,0,0,RED,19,4,0
2026-06-05 19:00:00,General Medicine,General Medicine Ward,120,126,0,1.05,105.0,2,4,-2,RED,19,4,0
2026-06-05 19:00:00,Surgical Ward,Surgical & Post-Op Ward,80,67,13,0.8375,83.8,1,3,-2,AMBER,19,4,0
2026-06-05 19:00:00,Pediatrics,Pediatric Ward,40,40,0,1.0,100.0,0,0,0,RED,19,4,0
2026-06-05 20:00:00,Emergency,Emergency Department (ED),50,54,0,1.08,108.0,6,0,6,RED,20,4,0
2026-06-05 20:00:00,ICU,Intensive Care Unit (ICU),30,29,1,0.9667,96.7,1,1,0,RED,20,4,0
2026-06-05 20:00:00,General Medicine,General Medicine Ward,120,126,0,1.05,105.0,3,3,0,RED,20,4,0
2026-06-05 20:00:00,Surgical Ward,Surgical & Post-Op Ward,80,71,9,0.8875,88.8,5,1,4,AMBER,20,4,0
2026-06-05 20:00:00,Pediatrics,Pediatric Ward,40,43,0,1.075,107.5,3,0,3,RED,20,4,0
2026-06-05 21:00:00,Emergency,Emergency Department (ED),50,54,0,1.08,108.0,3,2,1,RED,21,4,0
2026-06-05 21:00:00,ICU,Intensive Care Unit (ICU),30,29,1,0.9667,96.7,1,1,0,RED,21,4,0
2026-06-05 21:00:00,General Medicine,General Medicine Ward,120,128,0,1.0667,106.7,6,4,2,RED,21,4,0
2026-06-05 21:00:00,Surgical Ward,Surgical & Post-Op Ward,80,73,7,0.9125,91.2,4,2,2,RED,21,4,0
2026-06-05 21:00:00,Pediatrics,Pediatric Ward,40,43,0,1.075,107.5,2,0,2,RED,21,4,0
2026-06-05 22:00:00,Emergency,Emergency Department (ED),50,53,0,1.06,106.0,2,3,-1,RED,22,4,0
2026-06-05 22:00:00,ICU,Intensive Care Unit (ICU),30,31,0,1.0333,103.3,3,1,2,RED,22,4,0
2026-06-05 22:00:00,General Medicine,General Medicine Ward,120,125,0,1.0417,104.2,3,6,-3,RED,22,4,0
2026-06-05 22:00:00,Surgical Ward,Surgical & Post-Op Ward,80,72,8,0.9,90.0,0,1,-1,RED,22,4,0
2026-06-05 22:00:00,Pediatrics,Pediatric Ward,40,43,0,1.075,107.5,2,0,2,RED,22,4,0
2026-06-05 23:00:00,Emergency,Emergency Department (ED),50,53,0,1.06,106.0,2,2,0,RED,23,4,0
2026-06-05 23:00:00,ICU,Intensive Care Unit (ICU),30,31,0,1.0333,103.3,0,0,0,RED,23,4,0
2026-06-05 23:00:00,General Medicine,General Medicine Ward,120,127,0,1.0583,105.8,2,0,2,RED,23,4,0
2026-06-05 23:00:00,Surgical Ward,Surgical & Post-Op Ward,80,71,9,0.8875,88.8,1,2,-1,AMBER,23,4,0
2026-06-05 23:00:00,Pediatrics,Pediatric Ward,40,43,0,1.075,107.5,2,0,2,RED,23,4,0
2026-06-06 00:00:00,Emergency,Emergency Department (ED),50,49,1,0.98,98.0,1,5,-4,RED,0,5,1
2026-06-06 00:00:00,ICU,Intensive Care Unit (ICU),30,31,0,1.0333,103.3,0,0,0,RED,0,5,1
2026-06-06 00:00:00,General Medicine,General Medicine Ward,120,126,0,1.05,105.0,1,2,-1,RED,0,5,1
2026-06-06 00:00:00,Surgical Ward,Surgical & Post-Op Ward,80,71,9,0.8875,88.8,0,0,0,AMBER,0,5,1
2026-06-06 00:00:00,Pediatrics,Pediatric Ward,40,43,0,1.075,107.5,3,1,2,RED,0,5,1
2026-06-06 01:00:00,Emergency,Emergency Department (ED),50,49,1,0.98,98.0,4,4,0,RED,1,5,1
2026-06-06 01:00:00,ICU,Intensive Care Unit (ICU),30,30,0,1.0,100.0,0,1,-1,RED,1,5,1
2026-06-06 01:00:00,General Medicine,General Medicine Ward,120,126,0,1.05,105.0,1,1,0,RED,1,5,1
2026-06-06 01:00:00,Surgical Ward,Surgical & Post-Op Ward,80,71,9,0.8875,88.8,0,0,0,AMBER,1,5,1
2026-06-06 01:00:00,Pediatrics,Pediatric Ward,40,42,0,1.05,105.0,0,1,-1,RED,1,5,1
2026-06-06 02:00:00,Emergency,Emergency Department (ED),50,50,0,1.0,100.0,1,0,1,RED,2,5,1
2026-06-06 02:00:00,ICU,Intensive Care Unit (ICU),30,31,0,1.0333,103.3,1,0,1,RED,2,5,1
2026-06-06 02:00:00,General Medicine,General Medicine Ward,120,128,0,1.0667,106.7,2,0,2,RED,2,5,1
2026-06-06 02:00:00,Surgical Ward,Surgical & Post-Op Ward,80,70,10,0.875,87.5,0,1,-1,AMBER,2,5,1
2026-06-06 02:00:00,Pediatrics,Pediatric Ward,40,43,0,1.075,107.5,1,0,1,RED,2,5,1
2026-06-06 03:00:00,Emergency,Emergency Department (ED),50,52,0,1.04,104.0,2,0,2,RED,3,5,1
2026-06-06 03:00:00,ICU,Intensive Care Unit (ICU),30,31,0,1.0333,103.3,1,1,0,RED,3,5,1
2026-06-06 03:00:00,General Medicine,General Medicine Ward,120,128,0,1.0667,106.7,0,0,0,RED,3,5,1
2026-06-06 03:00:00,Surgical Ward,Surgical & Post-Op Ward,80,71,9,0.8875,88.8,1,0,1,AMBER,3,5,1
2026-06-06 03:00:00,Pediatrics,Pediatric Ward,40,43,0,1.075,107.5,0,0,0,RED,3,5,1
2026-06-06 04:00:00,Emergency,Emergency Department (ED),50,54,0,1.08,108.0,2,0,2,RED,4,5,1
2026-06-06 04:00:00,ICU,Intensive Care Unit (ICU),30,32,0,1.0667,106.7,1,0,1,RED,4,5,1
2026-06-06 04:00:00,General Medicine,General Medicine Ward,120,128,0,1.0667,106.7,2,2,0,RED,4,5,1
2026-06-06 04:00:00,Surgical Ward,Surgical & Post-Op Ward,80,71,9,0.8875,88.8,0,0,0,AMBER,4,5,1
2026-06-06 04:00:00,Pediatrics,Pediatric Ward,40,43,0,1.075,107.5,0,0,0,RED,4,5,1
2026-06-06 05:00:00,Emergency,Emergency Department (ED),50,54,0,1.08,108.0,0,0,0,RED,5,5,1
2026-06-06 05:00:00,ICU,Intensive Care Unit (ICU),30,32,0,1.0667,106.7,0,0,0,RED,5,5,1
2026-06-06 05:00:00,General Medicine,General Medicine Ward,120,128,0,1.0667,106.7,0,0,0,RED,5,5,1
2026-06-06 05:00:00,Surgical Ward,Surgical & Post-Op Ward,80,69,11,0.8625,86.2,1,3,-2,AMBER,5,5,1
2026-06-06 05:00:00,Pediatrics,Pediatric Ward,40,43,0,1.075,107.5,1,0,1,RED,5,5,1
2026-06-06 06:00:00,Emergency,Emergency Department (ED),50,54,0,1.08,108.0,2,0,2,RED,6,5,1
2026-06-06 06:00:00,ICU,Intensive Care Unit (ICU),30,32,0,1.0667,106.7,0,0,0,RED,6,5,1
2026-06-06 06:00:00,General Medicine,General Medicine Ward,120,128,0,1.0667,106.7,4,4,0,RED,6,5,1
2026-06-06 06:00:00,Surgical Ward,Surgical & Post-Op Ward,80,67,13,0.8375,83.8,0,2,-2,AMBER,6,5,1
2026-06-06 06:00:00,Pediatrics,Pediatric Ward,40,43,0,1.075,107.5,1,0,1,RED,6,5,1
2026-06-06 07:00:00,Emergency,Emergency Department (ED),50,54,0,1.08,108.0,5,4,1,RED,7,5,1
2026-06-06 07:00:00,ICU,Intensive Care Unit (ICU),30,32,0,1.0667,106.7,1,1,0,RED,7,5,1
2026-06-06 07:00:00,General Medicine,General Medicine Ward,120,129,0,1.075,107.5,4,0,4,RED,7,5,1
2026-06-06 07:00:00,Surgical Ward,Surgical & Post-Op Ward,80,68,12,0.85,85.0,1,0,1,AMBER,7,5,1
2026-06-06 07:00:00,Pediatrics,Pediatric Ward,40,42,0,1.05,105.0,0,1,-1,RED,7,5,1
2026-06-06 08:00:00,Emergency,Emergency Department (ED),50,54,0,1.08,108.0,6,3,3,RED,8,5,1
2026-06-06 08:00:00,ICU,Intensive Care Unit (ICU),30,31,0,1.0333,103.3,1,2,-1,RED,8,5,1
2026-06-06 08:00:00,General Medicine,General Medicine Ward,120,129,0,1.075,107.5,3,1,2,RED,8,5,1
2026-06-06 08:00:00,Surgical Ward,Surgical & Post-Op Ward,80,68,12,0.85,85.0,0,0,0,AMBER,8,5,1
2026-06-06 08:00:00,Pediatrics,Pediatric Ward,40,43,0,1.075,107.5,1,0,1,RED,8,5,1
2026-06-06 09:00:00,Emergency,Emergency Department (ED),50,54,0,1.08,108.0,4,3,1,RED,9,5,1
2026-06-06 09:00:00,ICU,Intensive Care Unit (ICU),30,31,0,1.0333,103.3,0,0,0,RED,9,5,1
2026-06-06 09:00:00,General Medicine,General Medicine Ward,120,129,0,1.075,107.5,4,2,2,RED,9,5,1
2026-06-06 09:00:00,Surgical Ward,Surgical & Post-Op Ward,80,68,12,0.85,85.0,2,2,0,AMBER,9,5,1
2026-06-06 09:00:00,Pediatrics,Pediatric Ward,40,43,0,1.075,107.5,2,2,0,RED,9,5,1
2026-06-06 10:00:00,Emergency,Emergency Department (ED),50,54,0,1.08,108.0,4,1,3,RED,10,5,1
2026-06-06 10:00:00,ICU,Intensive Care Unit (ICU),30,31,0,1.0333,103.3,1,1,0,RED,10,5,1
2026-06-06 10:00:00,General Medicine,General Medicine Ward,120,128,0,1.0667,106.7,1,2,-1,RED,10,5,1
2026-06-06 10:00:00,Surgical Ward,Surgical & Post-Op Ward,80,64,16,0.8,80.0,1,5,-4,AMBER,10,5,1
2026-06-06 10:00:00,Pediatrics,Pediatric Ward,40,43,0,1.075,107.5,4,3,1,RED,10,5,1
2026-06-06 11:00:00,Emergency,Emergency Department (ED),50,49,1,0.98,98.0,3,8,-5,RED,11,5,1
2026-06-06 11:00:00,ICU,Intensive Care Unit (ICU),30,30,0,1.0,100.0,0,1,-1,RED,11,5,1
2026-06-06 11:00:00,General Medicine,General Medicine Ward,120,122,0,1.0167,101.7,2,8,-6,RED,11,5,1
2026-06-06 11:00:00,Surgical Ward,Surgical & Post-Op Ward,80,64,16,0.8,80.0,1,1,0,AMBER,11,5,1
2026-06-06 11:00:00,Pediatrics,Pediatric Ward,40,43,0,1.075,107.5,3,0,3,RED,11,5,1
2026-06-06 12:00:00,Emergency,Emergency Department (ED),50,46,4,0.92,92.0,2,5,-3,RED,12,5,1
2026-06-06 12:00:00,ICU,Intensive Care Unit (ICU),30,29,1,0.9667,96.7,1,2,-1,RED,12,5,1
2026-06-06 12:00:00,General Medicine,General Medicine Ward,120,116,4,0.9667,96.7,1,7,-6,RED,12,5,1
2026-06-06 12:00:00,Surgical Ward,Surgical & Post-Op Ward,80,64,16,0.8,80.0,0,0,0,AMBER,12,5,1
2026-06-06 12:00:00,Pediatrics,Pediatric Ward,40,43,0,1.075,107.5,0,0,0,RED,12,5,1
2026-06-06 13:00:00,Emergency,Emergency Department (ED),50,42,8,0.84,84.0,1,5,-4,AMBER,13,5,1
2026-06-06 13:00:00,ICU,Intensive Care Unit (ICU),30,29,1,0.9667,96.7,1,1,0,RED,13,5,1
2026-06-06 13:00:00,General Medicine,General Medicine Ward,120,112,8,0.9333,93.3,3,7,-4,RED,13,5,1
2026-06-06 13:00:00,Surgical Ward,Surgical & Post-Op Ward,80,62,18,0.775,77.5,0,2,-2,AMBER,13,5,1
2026-06-06 13:00:00,Pediatrics,Pediatric Ward,40,43,0,1.075,107.5,1,0,1,RED,13,5,1
2026-06-06 14:00:00,Emergency,Emergency Department (ED),50,42,8,0.84,84.0,4,4,0,AMBER,14,5,1
2026-06-06 14:00:00,ICU,Intensive Care Unit (ICU),30,29,1,0.9667,96.7,1,1,0,RED,14,5,1
2026-06-06 14:00:00,General Medicine,General Medicine Ward,120,114,6,0.95,95.0,6,4,2,RED,14,5,1
2026-06-06 14:00:00,Surgical Ward,Surgical & Post-Op Ward,80,60,20,0.75,75.0,2,4,-2,AMBER,14,5,1
2026-06-06 14:00:00,Pediatrics,Pediatric Ward,40,43,0,1.075,107.5,1,1,0,RED,14,5,1
2026-06-06 15:00:00,Emergency,Emergency Department (ED),50,37,13,0.74,74.0,0,5,-5,GREEN,15,5,1
2026-06-06 15:00:00,ICU,Intensive Care Unit (ICU),30,29,1,0.9667,96.7,0,0,0,RED,15,5,1
2026-06-06 15:00:00,General Medicine,General Medicine Ward,120,117,3,0.975,97.5,3,0,3,RED,15,5,1
2026-06-06 15:00:00,Surgical Ward,Surgical & Post-Op Ward,80,61,19,0.7625,76.2,3,2,1,AMBER,15,5,1
2026-06-06 15:00:00,Pediatrics,Pediatric Ward,40,43,0,1.075,107.5,0,0,0,RED,15,5,1
2026-06-06 16:00:00,Emergency,Emergency Department (ED),50,38,12,0.76,76.0,6,5,1,AMBER,16,5,1
2026-06-06 16:00:00,ICU,Intensive Care Unit (ICU),30,30,0,1.0,100.0,1,0,1,RED,16,5,1
2026-06-06 16:00:00,General Medicine,General Medicine Ward,120,121,0,1.0083,100.8,7,3,4,RED,16,5,1
2026-06-06 16:00:00,Surgical Ward,Surgical & Post-Op Ward,80,59,21,0.7375,73.8,0,2,-2,GREEN,16,5,1
2026-06-06 16:00:00,Pediatrics,Pediatric Ward,40,43,0,1.075,107.5,2,1,1,RED,16,5,1
2026-06-06 17:00:00,Emergency,Emergency Department (ED),50,41,9,0.82,82.0,5,2,3,AMBER,17,5,1
2026-06-06 17:00:00,ICU,Intensive Care Unit (ICU),30,29,1,0.9667,96.7,2,3,-1,RED,17,5,1
2026-06-06 17:00:00,General Medicine,General Medicine Ward,120,124,0,1.0333,103.3,4,1,3,RED,17,5,1
2026-06-06 17:00:00,Surgical Ward,Surgical & Post-Op Ward,80,56,24,0.7,70.0,0,3,-3,GREEN,17,5,1
2026-06-06 17:00:00,Pediatrics,Pediatric Ward,40,43,0,1.075,107.5,0,0,0,RED,17,5,1
2026-06-06 18:00:00,Emergency,Emergency Department (ED),50,44,6,0.88,88.0,6,3,3,AMBER,18,5,1
2026-06-06 18:00:00,ICU,Intensive Care Unit (ICU),30,27,3,0.9,90.0,0,2,-2,RED,18,5,1
2026-06-06 18:00:00,General Medicine,General Medicine Ward,120,126,0,1.05,105.0,4,2,2,RED,18,5,1
2026-06-06 18:00:00,Surgical Ward,Surgical & Post-Op Ward,80,55,25,0.6875,68.8,1,2,-1,GREEN,18,5,1
2026-06-06 18:00:00,Pediatrics,Pediatric Ward,40,43,0,1.075,107.5,1,0,1,RED,18,5,1
2026-06-06 19:00:00,Emergency,Emergency Department (ED),50,51,0,1.02,102.0,8,1,7,RED,19,5,1
2026-06-06 19:00:00,ICU,Intensive Care Unit (ICU),30,26,4,0.8667,86.7,0,1,-1,AMBER,19,5,1
2026-06-06 19:00:00,General Medicine,General Medicine Ward,120,126,0,1.05,105.0,3,3,0,RED,19,5,1
2026-06-06 19:00:00,Surgical Ward,Surgical & Post-Op Ward,80,50,30,0.625,62.5,0,5,-5,GREEN,19,5,1
2026-06-06 19:00:00,Pediatrics,Pediatric Ward,40,43,0,1.075,107.5,2,0,2,RED,19,5,1
2026-06-06 20:00:00,Emergency,Emergency Department (ED),50,54,0,1.08,108.0,8,0,8,RED,20,5,1
2026-06-06 20:00:00,ICU,Intensive Care Unit (ICU),30,26,4,0.8667,86.7,0,0,0,AMBER,20,5,1
2026-06-06 20:00:00,General Medicine,General Medicine Ward,120,128,0,1.0667,106.7,5,3,2,RED,20,5,1
2026-06-06 20:00:00,Surgical Ward,Surgical & Post-Op Ward,80,51,29,0.6375,63.7,1,0,1,GREEN,20,5,1
2026-06-06 20:00:00,Pediatrics,Pediatric Ward,40,43,0,1.075,107.5,3,0,3,RED,20,5,1
2026-06-06 21:00:00,Emergency,Emergency Department (ED),50,53,0,1.06,106.0,2,3,-1,RED,21,5,1
2026-06-06 21:00:00,ICU,Intensive Care Unit (ICU),30,27,3,0.9,90.0,1,0,1,RED,21,5,1
2026-06-06 21:00:00,General Medicine,General Medicine Ward,120,129,0,1.075,107.5,5,4,1,RED,21,5,1
2026-06-06 21:00:00,Surgical Ward,Surgical & Post-Op Ward,80,51,29,0.6375,63.7,2,2,0,GREEN,21,5,1
2026-06-06 21:00:00,Pediatrics,Pediatric Ward,40,42,0,1.05,105.0,1,2,-1,RED,21,5,1
2026-06-06 22:00:00,Emergency,Emergency Department (ED),50,54,0,1.08,108.0,8,2,6,RED,22,5,1
2026-06-06 22:00:00,ICU,Intensive Care Unit (ICU),30,29,1,0.9667,96.7,2,0,2,RED,22,5,1
2026-06-06 22:00:00,General Medicine,General Medicine Ward,120,128,0,1.0667,106.7,3,4,-1,RED,22,5,1
2026-06-06 22:00:00,Surgical Ward,Surgical & Post-Op Ward,80,51,29,0.6375,63.7,0,0,0,GREEN,22,5,1
2026-06-06 22:00:00,Pediatrics,Pediatric Ward,40,43,0,1.075,107.5,4,2,2,RED,22,5,1
2026-06-06 23:00:00,Emergency,Emergency Department (ED),50,53,0,1.06,106.0,2,3,-1,RED,23,5,1
2026-06-06 23:00:00,ICU,Intensive Care Unit (ICU),30,30,0,1.0,100.0,1,0,1,RED,23,5,1
2026-06-06 23:00:00,General Medicine,General Medicine Ward,120,129,0,1.075,107.5,5,2,3,RED,23,5,1
2026-06-06 23:00:00,Surgical Ward,Surgical & Post-Op Ward,80,52,28,0.65,65.0,2,1,1,GREEN,23,5,1
2026-06-06 23:00:00,Pediatrics,Pediatric Ward,40,43,0,1.075,107.5,2,2,0,RED,23,5,1
2026-06-07 00:00:00,Emergency,Emergency Department (ED),50,54,0,1.08,108.0,4,2,2,RED,0,6,1
2026-06-07 00:00:00,ICU,Intensive Care Unit (ICU),30,30,0,1.0,100.0,1,1,0,RED,0,6,1
2026-06-07 00:00:00,General Medicine,General Medicine Ward,120,129,0,1.075,107.5,2,2,0,RED,0,6,1
2026-06-07 00:00:00,Surgical Ward,Surgical & Post-Op Ward,80,52,28,0.65,65.0,1,1,0,GREEN,0,6,1
2026-06-07 00:00:00,Pediatrics,Pediatric Ward,40,43,0,1.075,107.5,0,0,0,RED,0,6,1
2026-06-07 01:00:00,Emergency,Emergency Department (ED),50,54,0,1.08,108.0,1,1,0,RED,1,6,1
2026-06-07 01:00:00,ICU,Intensive Care Unit (ICU),30,30,0,1.0,100.0,0,0,0,RED,1,6,1
2026-06-07 01:00:00,General Medicine,General Medicine Ward,120,129,0,1.075,107.5,0,0,0,RED,1,6,1
2026-06-07 01:00:00,Surgical Ward,Surgical & Post-Op Ward,80,52,28,0.65,65.0,0,0,0,GREEN,1,6,1
2026-06-07 01:00:00,Pediatrics,Pediatric Ward,40,43,0,1.075,107.5,3,0,3,RED,1,6,1
2026-06-07 02:00:00,Emergency,Emergency Department (ED),50,54,0,1.08,108.0,0,0,0,RED,2,6,1
2026-06-07 02:00:00,ICU,Intensive Care Unit (ICU),30,31,0,1.0333,103.3,1,0,1,RED,2,6,1
2026-06-07 02:00:00,General Medicine,General Medicine Ward,120,129,0,1.075,107.5,1,1,0,RED,2,6,1
2026-06-07 02:00:00,Surgical Ward,Surgical & Post-Op Ward,80,53,27,0.6625,66.2,1,0,1,GREEN,2,6,1
2026-06-07 02:00:00,Pediatrics,Pediatric Ward,40,43,0,1.075,107.5,0,0,0,RED,2,6,1
2026-06-07 03:00:00,Emergency,Emergency Department (ED),50,54,0,1.08,108.0,0,0,0,RED,3,6,1
2026-06-07 03:00:00,ICU,Intensive Care Unit (ICU),30,31,0,1.0333,103.3,0,0,0,RED,3,6,1
2026-06-07 03:00:00,General Medicine,General Medicine Ward,120,129,0,1.075,107.5,2,0,2,RED,3,6,1
2026-06-07 03:00:00,Surgical Ward,Surgical & Post-Op Ward,80,53,27,0.6625,66.2,0,0,0,GREEN,3,6,1
2026-06-07 03:00:00,Pediatrics,Pediatric Ward,40,43,0,1.075,107.5,1,0,1,RED,3,6,1
2026-06-07 04:00:00,Emergency,Emergency Department (ED),50,54,0,1.08,108.0,0,0,0,RED,4,6,1
2026-06-07 04:00:00,ICU,Intensive Care Unit (ICU),30,31,0,1.0333,103.3,0,0,0,RED,4,6,1
2026-06-07 04:00:00,General Medicine,General Medicine Ward,120,129,0,1.075,107.5,0,0,0,RED,4,6,1
2026-06-07 04:00:00,Surgical Ward,Surgical & Post-Op Ward,80,53,27,0.6625,66.2,0,0,0,GREEN,4,6,1
2026-06-07 04:00:00,Pediatrics,Pediatric Ward,40,43,0,1.075,107.5,0,0,0,RED,4,6,1
2026-06-07 05:00:00,Emergency,Emergency Department (ED),50,54,0,1.08,108.0,1,1,0,RED,5,6,1
2026-06-07 05:00:00,ICU,Intensive Care Unit (ICU),30,30,0,1.0,100.0,0,1,-1,RED,5,6,1
2026-06-07 05:00:00,General Medicine,General Medicine Ward,120,129,0,1.075,107.5,1,1,0,RED,5,6,1
2026-06-07 05:00:00,Surgical Ward,Surgical & Post-Op Ward,80,52,28,0.65,65.0,2,3,-1,GREEN,5,6,1
2026-06-07 05:00:00,Pediatrics,Pediatric Ward,40,43,0,1.075,107.5,0,0,0,RED,5,6,1
2026-06-07 06:00:00,Emergency,Emergency Department (ED),50,54,0,1.08,108.0,1,1,0,RED,6,6,1
2026-06-07 06:00:00,ICU,Intensive Care Unit (ICU),30,29,1,0.9667,96.7,0,1,-1,RED,6,6,1
2026-06-07 06:00:00,General Medicine,General Medicine Ward,120,127,0,1.0583,105.8,5,7,-2,RED,6,6,1
2026-06-07 06:00:00,Surgical Ward,Surgical & Post-Op Ward,80,50,30,0.625,62.5,2,4,-2,GREEN,6,6,1
2026-06-07 06:00:00,Pediatrics,Pediatric Ward,40,43,0,1.075,107.5,2,2,0,RED,6,6,1
2026-06-07 07:00:00,Emergency,Emergency Department (ED),50,54,0,1.08,108.0,7,2,5,RED,7,6,1
2026-06-07 07:00:00,ICU,Intensive Care Unit (ICU),30,29,1,0.9667,96.7,0,0,0,RED,7,6,1
2026-06-07 07:00:00,General Medicine,General Medicine Ward,120,129,0,1.075,107.5,3,1,2,RED,7,6,1
2026-06-07 07:00:00,Surgical Ward,Surgical & Post-Op Ward,80,49,31,0.6125,61.3,0,1,-1,GREEN,7,6,1
2026-06-07 07:00:00,Pediatrics,Pediatric Ward,40,41,0,1.025,102.5,0,2,-2,RED,7,6,1
2026-06-07 08:00:00,Emergency,Emergency Department (ED),50,54,0,1.08,108.0,7,4,3,RED,8,6,1
2026-06-07 08:00:00,ICU,Intensive Care Unit (ICU),30,29,1,0.9667,96.7,0,0,0,RED,8,6,1
2026-06-07 08:00:00,General Medicine,General Medicine Ward,120,126,0,1.05,105.0,1,4,-3,RED,8,6,1
2026-06-07 08:00:00,Surgical Ward,Surgical & Post-Op Ward,80,46,34,0.575,57.5,0,3,-3,GREEN,8,6,1
2026-06-07 08:00:00,Pediatrics,Pediatric Ward,40,43,0,1.075,107.5,2,0,2,RED,8,6,1
2026-06-07 09:00:00,Emergency,Emergency Department (ED),50,54,0,1.08,108.0,4,3,1,RED,9,6,1
2026-06-07 09:00:00,ICU,Intensive Care Unit (ICU),30,31,0,1.0333,103.3,2,0,2,RED,9,6,1
2026-06-07 09:00:00,General Medicine,General Medicine Ward,120,124,0,1.0333,103.3,3,5,-2,RED,9,6,1
2026-06-07 09:00:00,Surgical Ward,Surgical & Post-Op Ward,80,45,35,0.5625,56.2,1,2,-1,GREEN,9,6,1
2026-06-07 09:00:00,Pediatrics,Pediatric Ward,40,43,0,1.075,107.5,1,0,1,RED,9,6,1
2026-06-07 10:00:00,Emergency,Emergency Department (ED),50,54,0,1.08,108.0,2,2,0,RED,10,6,1
2026-06-07 10:00:00,ICU,Intensive Care Unit (ICU),30,31,0,1.0333,103.3,0,0,0,RED,10,6,1
2026-06-07 10:00:00,General Medicine,General Medicine Ward,120,120,0,1.0,100.0,2,6,-4,RED,10,6,1
2026-06-07 10:00:00,Surgical Ward,Surgical & Post-Op Ward,80,43,37,0.5375,53.8,1,3,-2,GREEN,10,6,1
2026-06-07 10:00:00,Pediatrics,Pediatric Ward,40,43,0,1.075,107.5,4,4,0,RED,10,6,1
2026-06-07 11:00:00,Emergency,Emergency Department (ED),50,50,0,1.0,100.0,2,6,-4,RED,11,6,1
2026-06-07 11:00:00,ICU,Intensive Care Unit (ICU),30,31,0,1.0333,103.3,0,0,0,RED,11,6,1
2026-06-07 11:00:00,General Medicine,General Medicine Ward,120,119,1,0.9917,99.2,4,5,-1,RED,11,6,1
2026-06-07 11:00:00,Surgical Ward,Surgical & Post-Op Ward,80,39,41,0.4875,48.8,1,5,-4,GREEN,11,6,1
2026-06-07 11:00:00,Pediatrics,Pediatric Ward,40,42,0,1.05,105.0,2,3,-1,RED,11,6,1
2026-06-07 12:00:00,Emergency,Emergency Department (ED),50,50,0,1.0,100.0,2,2,0,RED,12,6,1
2026-06-07 12:00:00,ICU,Intensive Care Unit (ICU),30,30,0,1.0,100.0,0,1,-1,RED,12,6,1
2026-06-07 12:00:00,General Medicine,General Medicine Ward,120,113,7,0.9417,94.2,1,7,-6,RED,12,6,1
2026-06-07 12:00:00,Surgical Ward,Surgical & Post-Op Ward,80,39,41,0.4875,48.8,2,2,0,GREEN,12,6,1
2026-06-07 12:00:00,Pediatrics,Pediatric Ward,40,42,0,1.05,105.0,1,1,0,RED,12,6,1
2026-06-07 13:00:00,Emergency,Emergency Department (ED),50,52,0,1.04,104.0,3,1,2,RED,13,6,1
2026-06-07 13:00:00,ICU,Intensive Care Unit (ICU),30,32,0,1.0667,106.7,2,0,2,RED,13,6,1
2026-06-07 13:00:00,General Medicine,General Medicine Ward,120,112,8,0.9333,93.3,5,6,-1,RED,13,6,1
2026-06-07 13:00:00,Surgical Ward,Surgical & Post-Op Ward,80,37,43,0.4625,46.2,1,3,-2,GREEN,13,6,1
2026-06-07 13:00:00,Pediatrics,Pediatric Ward,40,43,0,1.075,107.5,2,0,2,RED,13,6,1
2026-06-07 14:00:00,Emergency,Emergency Department (ED),50,53,0,1.06,106.0,5,4,1,RED,14,6,1
2026-06-07 14:00:00,ICU,Intensive Care Unit (ICU),30,32,0,1.0667,106.7,1,0,1,RED,14,6,1
2026-06-07 14:00:00,General Medicine,General Medicine Ward,120,109,11,0.9083,90.8,4,7,-3,RED,14,6,1
2026-06-07 14:00:00,Surgical Ward,Surgical & Post-Op Ward,80,37,43,0.4625,46.2,0,0,0,GREEN,14,6,1
2026-06-07 14:00:00,Pediatrics,Pediatric Ward,40,42,0,1.05,105.0,1,2,-1,RED,14,6,1
2026-06-07 15:00:00,Emergency,Emergency Department (ED),50,52,0,1.04,104.0,4,5,-1,RED,15,6,1
2026-06-07 15:00:00,ICU,Intensive Care Unit (ICU),30,32,0,1.0667,106.7,2,2,0,RED,15,6,1
2026-06-07 15:00:00,General Medicine,General Medicine Ward,120,113,7,0.9417,94.2,7,3,4,RED,15,6,1
2026-06-07 15:00:00,Surgical Ward,Surgical & Post-Op Ward,80,37,43,0.4625,46.2,1,1,0,GREEN,15,6,1
2026-06-07 15:00:00,Pediatrics,Pediatric Ward,40,40,0,1.0,100.0,0,2,-2,RED,15,6,1
2026-06-07 16:00:00,Emergency,Emergency Department (ED),50,53,0,1.06,106.0,3,2,1,RED,16,6,1
2026-06-07 16:00:00,ICU,Intensive Care Unit (ICU),30,31,0,1.0333,103.3,0,1,-1,RED,16,6,1
2026-06-07 16:00:00,General Medicine,General Medicine Ward,120,115,5,0.9583,95.8,4,2,2,RED,16,6,1
2026-06-07 16:00:00,Surgical Ward,Surgical & Post-Op Ward,80,36,44,0.45,45.0,0,1,-1,GREEN,16,6,1
2026-06-07 16:00:00,Pediatrics,Pediatric Ward,40,41,0,1.025,102.5,1,0,1,RED,16,6,1
2026-06-07 17:00:00,Emergency,Emergency Department (ED),50,53,0,1.06,106.0,2,2,0,RED,17,6,1
2026-06-07 17:00:00,ICU,Intensive Care Unit (ICU),30,30,0,1.0,100.0,0,1,-1,RED,17,6,1
2026-06-07 17:00:00,General Medicine,General Medicine Ward,120,113,7,0.9417,94.2,0,2,-2,RED,17,6,1
2026-06-07 17:00:00,Surgical Ward,Surgical & Post-Op Ward,80,34,46,0.425,42.5,0,2,-2,GREEN,17,6,1
2026-06-07 17:00:00,Pediatrics,Pediatric Ward,40,41,0,1.025,102.5,2,2,0,RED,17,6,1
2026-06-07 18:00:00,Emergency,Emergency Department (ED),50,54,0,1.08,108.0,9,2,7,RED,18,6,1
2026-06-07 18:00:00,ICU,Intensive Care Unit (ICU),30,31,0,1.0333,103.3,1,0,1,RED,18,6,1
2026-06-07 18:00:00,General Medicine,General Medicine Ward,120,112,8,0.9333,93.3,2,3,-1,RED,18,6,1
2026-06-07 18:00:00,Surgical Ward,Surgical & Post-Op Ward,80,37,43,0.4625,46.2,3,0,3,GREEN,18,6,1
2026-06-07 18:00:00,Pediatrics,Pediatric Ward,40,42,0,1.05,105.0,2,1,1,RED,18,6,1
2026-06-07 19:00:00,Emergency,Emergency Department (ED),50,54,0,1.08,108.0,3,3,0,RED,19,6,1
2026-06-07 19:00:00,ICU,Intensive Care Unit (ICU),30,31,0,1.0333,103.3,0,0,0,RED,19,6,1
2026-06-07 19:00:00,General Medicine,General Medicine Ward,120,109,11,0.9083,90.8,1,4,-3,RED,19,6,1
2026-06-07 19:00:00,Surgical Ward,Surgical & Post-Op Ward,80,36,44,0.45,45.0,0,1,-1,GREEN,19,6,1
2026-06-07 19:00:00,Pediatrics,Pediatric Ward,40,42,0,1.05,105.0,2,2,0,RED,19,6,1
2026-06-07 20:00:00,Emergency,Emergency Department (ED),50,54,0,1.08,108.0,3,3,0,RED,20,6,1
2026-06-07 20:00:00,ICU,Intensive Care Unit (ICU),30,31,0,1.0333,103.3,1,1,0,RED,20,6,1
2026-06-07 20:00:00,General Medicine,General Medicine Ward,120,106,14,0.8833,88.3,3,6,-3,AMBER,20,6,1
2026-06-07 20:00:00,Surgical Ward,Surgical & Post-Op Ward,80,38,42,0.475,47.5,2,0,2,GREEN,20,6,1
2026-06-07 20:00:00,Pediatrics,Pediatric Ward,40,43,0,1.075,107.5,1,0,1,RED,20,6,1
2026-06-07 21:00:00,Emergency,Emergency Department (ED),50,54,0,1.08,108.0,5,0,5,RED,21,6,1
2026-06-07 21:00:00,ICU,Intensive Care Unit (ICU),30,30,0,1.0,100.0,0,1,-1,RED,21,6,1
2026-06-07 21:00:00,General Medicine,General Medicine Ward,120,105,15,0.875,87.5,3,4,-1,AMBER,21,6,1
2026-06-07 21:00:00,Surgical Ward,Surgical & Post-Op Ward,80,38,42,0.475,47.5,0,0,0,GREEN,21,6,1
2026-06-07 21:00:00,Pediatrics,Pediatric Ward,40,42,0,1.05,105.0,1,2,-1,RED,21,6,1
2026-06-07 22:00:00,Emergency,Emergency Department (ED),50,54,0,1.08,108.0,5,3,2,RED,22,6,1
2026-06-07 22:00:00,ICU,Intensive Care Unit (ICU),30,32,0,1.0667,106.7,2,0,2,RED,22,6,1
2026-06-07 22:00:00,General Medicine,General Medicine Ward,120,104,16,0.8667,86.7,3,4,-1,AMBER,22,6,1
2026-06-07 22:00:00,Surgical Ward,Surgical & Post-Op Ward,80,34,46,0.425,42.5,0,4,-4,GREEN,22,6,1
2026-06-07 22:00:00,Pediatrics,Pediatric Ward,40,43,0,1.075,107.5,1,0,1,RED,22,6,1
2026-06-07 23:00:00,Emergency,Emergency Department (ED),50,54,0,1.08,108.0,5,4,1,RED,23,6,1
2026-06-07 23:00:00,ICU,Intensive Care Unit (ICU),30,31,0,1.0333,103.3,0,1,-1,RED,23,6,1
2026-06-07 23:00:00,General Medicine,General Medicine Ward,120,109,11,0.9083,90.8,5,0,5,RED,23,6,1
2026-06-07 23:00:00,Surgical Ward,Surgical & Post-Op Ward,80,32,48,0.4,40.0,0,2,-2,GREEN,23,6,1
2026-06-07 23:00:00,Pediatrics,Pediatric Ward,40,40,0,1.0,100.0,0,3,-3,RED,23,6,1
2026-06-08 00:00:00,Emergency,Emergency Department (ED),50,54,0,1.08,108.0,4,2,2,RED,0,0,0
2026-06-08 00:00:00,ICU,Intensive Care Unit (ICU),30,31,0,1.0333,103.3,0,0,0,RED,0,0,0
2026-06-08 00:00:00,General Medicine,General Medicine Ward,120,109,11,0.9083,90.8,3,3,0,RED,0,0,0
2026-06-08 00:00:00,Surgical Ward,Surgical & Post-Op Ward,80,34,46,0.425,42.5,2,0,2,GREEN,0,0,0
2026-06-08 00:00:00,Pediatrics,Pediatric Ward,40,41,0,1.025,102.5,1,0,1,RED,0,0,0
2026-06-08 01:00:00,Emergency,Emergency Department (ED),50,54,0,1.08,108.0,3,1,2,RED,1,0,0
2026-06-08 01:00:00,ICU,Intensive Care Unit (ICU),30,32,0,1.0667,106.7,1,0,1,RED,1,0,0
2026-06-08 01:00:00,General Medicine,General Medicine Ward,120,110,10,0.9167,91.7,1,0,1,RED,1,0,0
2026-06-08 01:00:00,Surgical Ward,Surgical & Post-Op Ward,80,34,46,0.425,42.5,0,0,0,GREEN,1,0,0
2026-06-08 01:00:00,Pediatrics,Pediatric Ward,40,41,0,1.025,102.5,0,0,0,RED,1,0,0
2026-06-08 02:00:00,Emergency,Emergency Department (ED),50,54,0,1.08,108.0,0,0,0,RED,2,0,0
2026-06-08 02:00:00,ICU,Intensive Care Unit (ICU),30,31,0,1.0333,103.3,0,1,-1,RED,2,0,0
2026-06-08 02:00:00,General Medicine,General Medicine Ward,120,111,9,0.925,92.5,1,0,1,RED,2,0,0
2026-06-08 02:00:00,Surgical Ward,Surgical & Post-Op Ward,80,36,44,0.45,45.0,2,0,2,GREEN,2,0,0
2026-06-08 02:00:00,Pediatrics,Pediatric Ward,40,40,0,1.0,100.0,0,1,-1,RED,2,0,0
2026-06-08 03:00:00,Emergency,Emergency Department (ED),50,54,0,1.08,108.0,2,2,0,RED,3,0,0
2026-06-08 03:00:00,ICU,Intensive Care Unit (ICU),30,31,0,1.0333,103.3,0,0,0,RED,3,0,0
2026-06-08 03:00:00,General Medicine,General Medicine Ward,120,113,7,0.9417,94.2,3,1,2,RED,3,0,0
2026-06-08 03:00:00,Surgical Ward,Surgical & Post-Op Ward,80,36,44,0.45,45.0,0,0,0,GREEN,3,0,0
2026-06-08 03:00:00,Pediatrics,Pediatric Ward,40,40,0,1.0,100.0,0,0,0,RED,3,0,0
2026-06-08 04:00:00,Emergency,Emergency Department (ED),50,54,0,1.08,108.0,1,0,1,RED,4,0,0
2026-06-08 04:00:00,ICU,Intensive Care Unit (ICU),30,32,0,1.0667,106.7,1,0,1,RED,4,0,0
2026-06-08 04:00:00,General Medicine,General Medicine Ward,120,113,7,0.9417,94.2,0,0,0,RED,4,0,0
2026-06-08 04:00:00,Surgical Ward,Surgical & Post-Op Ward,80,36,44,0.45,45.0,0,0,0,GREEN,4,0,0
2026-06-08 04:00:00,Pediatrics,Pediatric Ward,40,40,0,1.0,100.0,0,0,0,RED,4,0,0
2026-06-08 05:00:00,Emergency,Emergency Department (ED),50,54,0,1.08,108.0,0,0,0,RED,5,0,0
2026-06-08 05:00:00,ICU,Intensive Care Unit (ICU),30,32,0,1.0667,106.7,1,0,1,RED,5,0,0
2026-06-08 05:00:00,General Medicine,General Medicine Ward,120,115,5,0.9583,95.8,3,1,2,RED,5,0,0
2026-06-08 05:00:00,Surgical Ward,Surgical & Post-Op Ward,80,38,42,0.475,47.5,2,0,2,GREEN,5,0,0
2026-06-08 05:00:00,Pediatrics,Pediatric Ward,40,40,0,1.0,100.0,0,0,0,RED,5,0,0
2026-06-08 06:00:00,Emergency,Emergency Department (ED),50,54,0,1.08,108.0,3,0,3,RED,6,0,0
2026-06-08 06:00:00,ICU,Intensive Care Unit (ICU),30,32,0,1.0667,106.7,0,0,0,RED,6,0,0
2026-06-08 06:00:00,General Medicine,General Medicine Ward,120,115,5,0.9583,95.8,3,3,0,RED,6,0,0
2026-06-08 06:00:00,Surgical Ward,Surgical & Post-Op Ward,80,40,40,0.5,50.0,2,0,2,GREEN,6,0,0
2026-06-08 06:00:00,Pediatrics,Pediatric Ward,40,41,0,1.025,102.5,3,2,1,RED,6,0,0
2026-06-08 07:00:00,Emergency,Emergency Department (ED),50,52,0,1.04,104.0,1,3,-2,RED,7,0,0
2026-06-08 07:00:00,ICU,Intensive Care Unit (ICU),30,31,0,1.0333,103.3,0,1,-1,RED,7,0,0
2026-06-08 07:00:00,General Medicine,General Medicine Ward,120,115,5,0.9583,95.8,4,4,0,RED,7,0,0
2026-06-08 07:00:00,Surgical Ward,Surgical & Post-Op Ward,80,37,43,0.4625,46.2,1,4,-3,GREEN,7,0,0
2026-06-08 07:00:00,Pediatrics,Pediatric Ward,40,39,1,0.975,97.5,1,3,-2,RED,7,0,0
2026-06-08 08:00:00,Emergency,Emergency Department (ED),50,54,0,1.08,108.0,5,1,4,RED,8,0,0
2026-06-08 08:00:00,ICU,Intensive Care Unit (ICU),30,32,0,1.0667,106.7,1,0,1,RED,8,0,0
2026-06-08 08:00:00,General Medicine,General Medicine Ward,120,115,5,0.9583,95.8,4,4,0,RED,8,0,0
2026-06-08 08:00:00,Surgical Ward,Surgical & Post-Op Ward,80,39,41,0.4875,48.8,4,2,2,GREEN,8,0,0
2026-06-08 08:00:00,Pediatrics,Pediatric Ward,40,39,1,0.975,97.5,0,0,0,RED,8,0,0
2026-06-08 09:00:00,Emergency,Emergency Department (ED),50,54,0,1.08,108.0,3,3,0,RED,9,0,0
2026-06-08 09:00:00,ICU,Intensive Care Unit (ICU),30,32,0,1.0667,106.7,1,0,1,RED,9,0,0
2026-06-08 09:00:00,General Medicine,General Medicine Ward,120,113,7,0.9417,94.2,4,6,-2,RED,9,0,0
2026-06-08 09:00:00,Surgical Ward,Surgical & Post-Op Ward,80,41,39,0.5125,51.2,3,1,2,GREEN,9,0,0
2026-06-08 09:00:00,Pediatrics,Pediatric Ward,40,37,3,0.925,92.5,0,2,-2,RED,9,0,0
2026-06-08 10:00:00,Emergency,Emergency Department (ED),50,51,0,1.02,102.0,1,4,-3,RED,10,0,0
2026-06-08 10:00:00,ICU,Intensive Care Unit (ICU),30,32,0,1.0667,106.7,0,0,0,RED,10,0,0
2026-06-08 10:00:00,General Medicine,General Medicine Ward,120,112,8,0.9333,93.3,3,4,-1,RED,10,0,0
2026-06-08 10:00:00,Surgical Ward,Surgical & Post-Op Ward,80,41,39,0.5125,51.2,3,3,0,GREEN,10,0,0
2026-06-08 10:00:00,Pediatrics,Pediatric Ward,40,38,2,0.95,95.0,2,1,1,RED,10,0,0
2026-06-08 11:00:00,Emergency,Emergency Department (ED),50,52,0,1.04,104.0,4,3,1,RED,11,0,0
2026-06-08 11:00:00,ICU,Intensive Care Unit (ICU),30,31,0,1.0333,103.3,0,1,-1,RED,11,0,0
2026-06-08 11:00:00,General Medicine,General Medicine Ward,120,109,11,0.9083,90.8,0,3,-3,RED,11,0,0
2026-06-08 11:00:00,Surgical Ward,Surgical & Post-Op Ward,80,43,37,0.5375,53.8,3,1,2,GREEN,11,0,0
2026-06-08 11:00:00,Pediatrics,Pediatric Ward,40,40,0,1.0,100.0,2,0,2,RED,11,0,0
2026-06-08 12:00:00,Emergency,Emergency Department (ED),50,48,2,0.96,96.0,2,6,-4,RED,12,0,0
2026-06-08 12:00:00,ICU,Intensive Care Unit (ICU),30,32,0,1.0667,106.7,3,2,1,RED,12,0,0
2026-06-08 12:00:00,General Medicine,General Medicine Ward,120,107,13,0.8917,89.2,5,7,-2,AMBER,12,0,0
2026-06-08 12:00:00,Surgical Ward,Surgical & Post-Op Ward,80,44,36,0.55,55.0,3,2,1,GREEN,12,0,0
2026-06-08 12:00:00,Pediatrics,Pediatric Ward,40,40,0,1.0,100.0,1,1,0,RED,12,0,0
2026-06-08 13:00:00,Emergency,Emergency Department (ED),50,46,4,0.92,92.0,0,2,-2,RED,13,0,0
2026-06-08 13:00:00,ICU,Intensive Care Unit (ICU),30,31,0,1.0333,103.3,0,1,-1,RED,13,0,0
2026-06-08 13:00:00,General Medicine,General Medicine Ward,120,111,9,0.925,92.5,5,1,4,RED,13,0,0
2026-06-08 13:00:00,Surgical Ward,Surgical & Post-Op Ward,80,43,37,0.5375,53.8,2,3,-1,GREEN,13,0,0
2026-06-08 13:00:00,Pediatrics,Pediatric Ward,40,40,0,1.0,100.0,2,2,0,RED,13,0,0
2026-06-08 14:00:00,Emergency,Emergency Department (ED),50,52,0,1.04,104.0,8,2,6,RED,14,0,0
2026-06-08 14:00:00,ICU,Intensive Care Unit (ICU),30,31,0,1.0333,103.3,2,2,0,RED,14,0,0
2026-06-08 14:00:00,General Medicine,General Medicine Ward,120,110,10,0.9167,91.7,4,5,-1,RED,14,0,0
2026-06-08 14:00:00,Surgical Ward,Surgical & Post-Op Ward,80,42,38,0.525,52.5,2,3,-1,GREEN,14,0,0
2026-06-08 14:00:00,Pediatrics,Pediatric Ward,40,40,0,1.0,100.0,1,1,0,RED,14,0,0
2026-06-08 15:00:00,Emergency,Emergency Department (ED),50,54,0,1.08,108.0,5,1,4,RED,15,0,0
2026-06-08 15:00:00,ICU,Intensive Care Unit (ICU),30,31,0,1.0333,103.3,1,1,0,RED,15,0,0
2026-06-08 15:00:00,General Medicine,General Medicine Ward,120,110,10,0.9167,91.7,4,4,0,RED,15,0,0
2026-06-08 15:00:00,Surgical Ward,Surgical & Post-Op Ward,80,43,37,0.5375,53.8,1,0,1,GREEN,15,0,0
2026-06-08 15:00:00,Pediatrics,Pediatric Ward,40,39,1,0.975,97.5,1,2,-1,RED,15,0,0
2026-06-08 16:00:00,Emergency,Emergency Department (ED),50,54,0,1.08,108.0,3,3,0,RED,16,0,0
2026-06-08 16:00:00,ICU,Intensive Care Unit (ICU),30,30,0,1.0,100.0,2,3,-1,RED,16,0,0
2026-06-08 16:00:00,General Medicine,General Medicine Ward,120,111,9,0.925,92.5,4,3,1,RED,16,0,0
2026-06-08 16:00:00,Surgical Ward,Surgical & Post-Op Ward,80,37,43,0.4625,46.2,0,6,-6,GREEN,16,0,0
2026-06-08 16:00:00,Pediatrics,Pediatric Ward,40,38,2,0.95,95.0,1,2,-1,RED,16,0,0
2026-06-08 17:00:00,Emergency,Emergency Department (ED),50,54,0,1.08,108.0,5,1,4,RED,17,0,0
2026-06-08 17:00:00,ICU,Intensive Care Unit (ICU),30,30,0,1.0,100.0,0,0,0,RED,17,0,0
2026-06-08 17:00:00,General Medicine,General Medicine Ward,120,113,7,0.9417,94.2,4,2,2,RED,17,0,0
2026-06-08 17:00:00,Surgical Ward,Surgical & Post-Op Ward,80,40,40,0.5,50.0,3,0,3,GREEN,17,0,0
2026-06-08 17:00:00,Pediatrics,Pediatric Ward,40,37,3,0.925,92.5,2,3,-1,RED,17,0,0
2026-06-08 18:00:00,Emergency,Emergency Department (ED),50,54,0,1.08,108.0,3,3,0,RED,18,0,0
2026-06-08 18:00:00,ICU,Intensive Care Unit (ICU),30,30,0,1.0,100.0,0,0,0,RED,18,0,0
2026-06-08 18:00:00,General Medicine,General Medicine Ward,120,113,7,0.9417,94.2,2,2,0,RED,18,0,0
2026-06-08 18:00:00,Surgical Ward,Surgical & Post-Op Ward,80,42,38,0.525,52.5,4,2,2,GREEN,18,0,0
2026-06-08 18:00:00,Pediatrics,Pediatric Ward,40,37,3,0.925,92.5,1,1,0,RED,18,0,0
2026-06-08 19:00:00,Emergency,Emergency Department (ED),50,54,0,1.08,108.0,5,2,3,RED,19,0,0
2026-06-08 19:00:00,ICU,Intensive Care Unit (ICU),30,31,0,1.0333,103.3,1,0,1,RED,19,0,0
2026-06-08 19:00:00,General Medicine,General Medicine Ward,120,112,8,0.9333,93.3,4,5,-1,RED,19,0,0
2026-06-08 19:00:00,Surgical Ward,Surgical & Post-Op Ward,80,41,39,0.5125,51.2,0,1,-1,GREEN,19,0,0
2026-06-08 19:00:00,Pediatrics,Pediatric Ward,40,37,3,0.925,92.5,1,1,0,RED,19,0,0
2026-06-08 20:00:00,Emergency,Emergency Department (ED),50,54,0,1.08,108.0,4,3,1,RED,20,0,0
2026-06-08 20:00:00,ICU,Intensive Care Unit (ICU),30,30,0,1.0,100.0,0,1,-1,RED,20,0,0
2026-06-08 20:00:00,General Medicine,General Medicine Ward,120,110,10,0.9167,91.7,4,6,-2,RED,20,0,0
2026-06-08 20:00:00,Surgical Ward,Surgical & Post-Op Ward,80,42,38,0.525,52.5,4,3,1,GREEN,20,0,0
2026-06-08 20:00:00,Pediatrics,Pediatric Ward,40,40,0,1.0,100.0,3,0,3,RED,20,0,0
2026-06-08 21:00:00,Emergency,Emergency Department (ED),50,54,0,1.08,108.0,4,0,4,RED,21,0,0
2026-06-08 21:00:00,ICU,Intensive Care Unit (ICU),30,29,1,0.9667,96.7,1,2,-1,RED,21,0,0
2026-06-08 21:00:00,General Medicine,General Medicine Ward,120,112,8,0.9333,93.3,3,1,2,RED,21,0,0
2026-06-08 21:00:00,Surgical Ward,Surgical & Post-Op Ward,80,45,35,0.5625,56.2,4,1,3,GREEN,21,0,0
2026-06-08 21:00:00,Pediatrics,Pediatric Ward,40,38,2,0.95,95.0,0,2,-2,RED,21,0,0
2026-06-08 22:00:00,Emergency,Emergency Department (ED),50,54,0,1.08,108.0,4,2,2,RED,22,0,0
2026-06-08 22:00:00,ICU,Intensive Care Unit (ICU),30,30,0,1.0,100.0,2,1,1,RED,22,0,0
2026-06-08 22:00:00,General Medicine,General Medicine Ward,120,108,12,0.9,90.0,2,6,-4,RED,22,0,0
2026-06-08 22:00:00,Surgical Ward,Surgical & Post-Op Ward,80,42,38,0.525,52.5,0,3,-3,GREEN,22,0,0
2026-06-08 22:00:00,Pediatrics,Pediatric Ward,40,40,0,1.0,100.0,2,0,2,RED,22,0,0
2026-06-08 23:00:00,Emergency,Emergency Department (ED),50,54,0,1.08,108.0,2,1,1,RED,23,0,0
2026-06-08 23:00:00,ICU,Intensive Care Unit (ICU),30,32,0,1.0667,106.7,2,0,2,RED,23,0,0
2026-06-08 23:00:00,General Medicine,General Medicine Ward,120,107,13,0.8917,89.2,3,4,-1,AMBER,23,0,0
2026-06-08 23:00:00,Surgical Ward,Surgical & Post-Op Ward,80,45,35,0.5625,56.2,5,2,3,GREEN,23,0,0
2026-06-08 23:00:00,Pediatrics,Pediatric Ward,40,40,0,1.0,100.0,2,2,0,RED,23,0,0
2026-06-09 00:00:00,Emergency,Emergency Department (ED),50,54,0,1.08,108.0,3,3,0,RED,0,1,0
2026-06-09 00:00:00,ICU,Intensive Care Unit (ICU),30,32,0,1.0667,106.7,0,0,0,RED,0,1,0
2026-06-09 00:00:00,General Medicine,General Medicine Ward,120,104,16,0.8667,86.7,1,4,-3,AMBER,0,1,0
2026-06-09 00:00:00,Surgical Ward,Surgical & Post-Op Ward,80,45,35,0.5625,56.2,0,0,0,GREEN,0,1,0
2026-06-09 00:00:00,Pediatrics,Pediatric Ward,40,39,1,0.975,97.5,1,2,-1,RED,0,1,0
2026-06-09 01:00:00,Emergency,Emergency Department (ED),50,54,0,1.08,108.0,4,3,1,RED,1,1,0
2026-06-09 01:00:00,ICU,Intensive Care Unit (ICU),30,32,0,1.0667,106.7,0,0,0,RED,1,1,0
2026-06-09 01:00:00,General Medicine,General Medicine Ward,120,105,15,0.875,87.5,1,0,1,AMBER,1,1,0
2026-06-09 01:00:00,Surgical Ward,Surgical & Post-Op Ward,80,45,35,0.5625,56.2,0,0,0,GREEN,1,1,0
2026-06-09 01:00:00,Pediatrics,Pediatric Ward,40,40,0,1.0,100.0,2,1,1,RED,1,1,0
2026-06-09 02:00:00,Emergency,Emergency Department (ED),50,54,0,1.08,108.0,0,0,0,RED,2,1,0
2026-06-09 02:00:00,ICU,Intensive Care Unit (ICU),30,32,0,1.0667,106.7,0,0,0,RED,2,1,0
2026-06-09 02:00:00,General Medicine,General Medicine Ward,120,105,15,0.875,87.5,0,0,0,AMBER,2,1,0
2026-06-09 02:00:00,Surgical Ward,Surgical & Post-Op Ward,80,46,34,0.575,57.5,1,0,1,GREEN,2,1,0
2026-06-09 02:00:00,Pediatrics,Pediatric Ward,40,40,0,1.0,100.0,0,0,0,RED,2,1,0
2026-06-09 03:00:00,Emergency,Emergency Department (ED),50,54,0,1.08,108.0,1,0,1,RED,3,1,0
2026-06-09 03:00:00,ICU,Intensive Care Unit (ICU),30,32,0,1.0667,106.7,0,0,0,RED,3,1,0
2026-06-09 03:00:00,General Medicine,General Medicine Ward,120,104,16,0.8667,86.7,0,1,-1,AMBER,3,1,0
2026-06-09 03:00:00,Surgical Ward,Surgical & Post-Op Ward,80,46,34,0.575,57.5,0,0,0,GREEN,3,1,0
2026-06-09 03:00:00,Pediatrics,Pediatric Ward,40,38,2,0.95,95.0,0,2,-2,RED,3,1,0
2026-06-09 04:00:00,Emergency,Emergency Department (ED),50,54,0,1.08,108.0,0,0,0,RED,4,1,0
2026-06-09 04:00:00,ICU,Intensive Care Unit (ICU),30,32,0,1.0667,106.7,0,0,0,RED,4,1,0
2026-06-09 04:00:00,General Medicine,General Medicine Ward,120,106,14,0.8833,88.3,3,1,2,AMBER,4,1,0
2026-06-09 04:00:00,Surgical Ward,Surgical & Post-Op Ward,80,46,34,0.575,57.5,1,1,0,GREEN,4,1,0
2026-06-09 04:00:00,Pediatrics,Pediatric Ward,40,38,2,0.95,95.0,0,0,0,RED,4,1,0
2026-06-09 05:00:00,Emergency,Emergency Department (ED),50,54,0,1.08,108.0,1,0,1,RED,5,1,0
2026-06-09 05:00:00,ICU,Intensive Care Unit (ICU),30,32,0,1.0667,106.7,1,0,1,RED,5,1,0
2026-06-09 05:00:00,General Medicine,General Medicine Ward,120,109,11,0.9083,90.8,3,0,3,RED,5,1,0
2026-06-09 05:00:00,Surgical Ward,Surgical & Post-Op Ward,80,49,31,0.6125,61.3,5,2,3,GREEN,5,1,0
2026-06-09 05:00:00,Pediatrics,Pediatric Ward,40,39,1,0.975,97.5,1,0,1,RED,5,1,0
2026-06-09 06:00:00,Emergency,Emergency Department (ED),50,54,0,1.08,108.0,2,0,2,RED,6,1,0
2026-06-09 06:00:00,ICU,Intensive Care Unit (ICU),30,32,0,1.0667,106.7,0,0,0,RED,6,1,0
2026-06-09 06:00:00,General Medicine,General Medicine Ward,120,108,12,0.9,90.0,2,3,-1,RED,6,1,0
2026-06-09 06:00:00,Surgical Ward,Surgical & Post-Op Ward,80,47,33,0.5875,58.8,0,2,-2,GREEN,6,1,0
2026-06-09 06:00:00,Pediatrics,Pediatric Ward,40,39,1,0.975,97.5,2,2,0,RED,6,1,0
2026-06-09 07:00:00,Emergency,Emergency Department (ED),50,54,0,1.08,108.0,6,3,3,RED,7,1,0
2026-06-09 07:00:00,ICU,Intensive Care Unit (ICU),30,32,0,1.0667,106.7,0,0,0,RED,7,1,0
2026-06-09 07:00:00,General Medicine,General Medicine Ward,120,109,11,0.9083,90.8,5,4,1,RED,7,1,0
2026-06-09 07:00:00,Surgical Ward,Surgical & Post-Op Ward,80,50,30,0.625,62.5,3,0,3,GREEN,7,1,0
2026-06-09 07:00:00,Pediatrics,Pediatric Ward,40,41,0,1.025,102.5,3,1,2,RED,7,1,0
2026-06-09 08:00:00,Emergency,Emergency Department (ED),50,54,0,1.08,108.0,5,3,2,RED,8,1,0
2026-06-09 08:00:00,ICU,Intensive Care Unit (ICU),30,30,0,1.0,100.0,0,2,-2,RED,8,1,0
2026-06-09 08:00:00,General Medicine,General Medicine Ward,120,111,9,0.925,92.5,2,0,2,RED,8,1,0
2026-06-09 08:00:00,Surgical Ward,Surgical & Post-Op Ward,80,57,23,0.7125,71.2,9,2,7,GREEN,8,1,0
2026-06-09 08:00:00,Pediatrics,Pediatric Ward,40,42,0,1.05,105.0,1,0,1,RED,8,1,0
2026-06-09 09:00:00,Emergency,Emergency Department (ED),50,48,2,0.96,96.0,0,6,-6,RED,9,1,0
2026-06-09 09:00:00,ICU,Intensive Care Unit (ICU),30,30,0,1.0,100.0,1,1,0,RED,9,1,0
2026-06-09 09:00:00,General Medicine,General Medicine Ward,120,116,4,0.9667,96.7,6,1,5,RED,9,1,0
2026-06-09 09:00:00,Surgical Ward,Surgical & Post-Op Ward,80,56,24,0.7,70.0,5,6,-1,GREEN,9,1,0
2026-06-09 09:00:00,Pediatrics,Pediatric Ward,40,41,0,1.025,102.5,0,1,-1,RED,9,1,0
2026-06-09 10:00:00,Emergency,Emergency Department (ED),50,49,1,0.98,98.0,5,4,1,RED,10,1,0
2026-06-09 10:00:00,ICU,Intensive Care Unit (ICU),30,30,0,1.0,100.0,0,0,0,RED,10,1,0
2026-06-09 10:00:00,General Medicine,General Medicine Ward,120,114,6,0.95,95.0,3,5,-2,RED,10,1,0
2026-06-09 10:00:00,Surgical Ward,Surgical & Post-Op Ward,80,54,26,0.675,67.5,3,5,-2,GREEN,10,1,0
2026-06-09 10:00:00,Pediatrics,Pediatric Ward,40,41,0,1.025,102.5,1,1,0,RED,10,1,0
2026-06-09 11:00:00,Emergency,Emergency Department (ED),50,52,0,1.04,104.0,6,3,3,RED,11,1,0
2026-06-09 11:00:00,ICU,Intensive Care Unit (ICU),30,32,0,1.0667,106.7,2,0,2,RED,11,1,0
2026-06-09 11:00:00,General Medicine,General Medicine Ward,120,120,0,1.0,100.0,7,1,6,RED,11,1,0
2026-06-09 11:00:00,Surgical Ward,Surgical & Post-Op Ward,80,55,25,0.6875,68.8,4,3,1,GREEN,11,1,0
2026-06-09 11:00:00,Pediatrics,Pediatric Ward,40,41,0,1.025,102.5,1,1,0,RED,11,1,0
2026-06-09 12:00:00,Emergency,Emergency Department (ED),50,51,0,1.02,102.0,6,7,-1,RED,12,1,0
2026-06-09 12:00:00,ICU,Intensive Care Unit (ICU),30,32,0,1.0667,106.7,1,0,1,RED,12,1,0
2026-06-09 12:00:00,General Medicine,General Medicine Ward,120,112,8,0.9333,93.3,0,8,-8,RED,12,1,0
2026-06-09 12:00:00,Surgical Ward,Surgical & Post-Op Ward,80,55,25,0.6875,68.8,1,1,0,GREEN,12,1,0
2026-06-09 12:00:00,Pediatrics,Pediatric Ward,40,40,0,1.0,100.0,1,2,-1,RED,12,1,0
2026-06-09 13:00:00,Emergency,Emergency Department (ED),50,49,1,0.98,98.0,6,8,-2,RED,13,1,0
2026-06-09 13:00:00,ICU,Intensive Care Unit (ICU),30,32,0,1.0667,106.7,1,0,1,RED,13,1,0
2026-06-09 13:00:00,General Medicine,General Medicine Ward,120,111,9,0.925,92.5,4,5,-1,RED,13,1,0
2026-06-09 13:00:00,Surgical Ward,Surgical & Post-Op Ward,80,55,25,0.6875,68.8,4,4,0,GREEN,13,1,0
2026-06-09 13:00:00,Pediatrics,Pediatric Ward,40,42,0,1.05,105.0,2,0,2,RED,13,1,0
2026-06-09 14:00:00,Emergency,Emergency Department (ED),50,44,6,0.88,88.0,2,7,-5,AMBER,14,1,0
2026-06-09 14:00:00,ICU,Intensive Care Unit (ICU),30,31,0,1.0333,103.3,0,1,-1,RED,14,1,0
2026-06-09 14:00:00,General Medicine,General Medicine Ward,120,119,1,0.9917,99.2,13,5,8,RED,14,1,0
2026-06-09 14:00:00,Surgical Ward,Surgical & Post-Op Ward,80,55,25,0.6875,68.8,7,7,0,GREEN,14,1,0
2026-06-09 14:00:00,Pediatrics,Pediatric Ward,40,43,0,1.075,107.5,2,1,1,RED,14,1,0
2026-06-09 15:00:00,Emergency,Emergency Department (ED),50,43,7,0.86,86.0,0,1,-1,AMBER,15,1,0
2026-06-09 15:00:00,ICU,Intensive Care Unit (ICU),30,31,0,1.0333,103.3,1,1,0,RED,15,1,0
2026-06-09 15:00:00,General Medicine,General Medicine Ward,120,127,0,1.0583,105.8,9,1,8,RED,15,1,0
2026-06-09 15:00:00,Surgical Ward,Surgical & Post-Op Ward,80,58,22,0.725,72.5,3,0,3,GREEN,15,1,0
2026-06-09 15:00:00,Pediatrics,Pediatric Ward,40,41,0,1.025,102.5,0,2,-2,RED,15,1,0
2026-06-09 16:00:00,Emergency,Emergency Department (ED),50,39,11,0.78,78.0,0,4,-4,AMBER,16,1,0
2026-06-09 16:00:00,ICU,Intensive Care Unit (ICU),30,32,0,1.0667,106.7,2,0,2,RED,16,1,0
2026-06-09 16:00:00,General Medicine,General Medicine Ward,120,126,0,1.05,105.0,5,6,-1,RED,16,1,0
2026-06-09 16:00:00,Surgical Ward,Surgical & Post-Op Ward,80,59,21,0.7375,73.8,3,2,1,GREEN,16,1,0
2026-06-09 16:00:00,Pediatrics,Pediatric Ward,40,43,0,1.075,107.5,2,0,2,RED,16,1,0
2026-06-09 17:00:00,Emergency,Emergency Department (ED),50,39,11,0.78,78.0,4,4,0,AMBER,17,1,0
2026-06-09 17:00:00,ICU,Intensive Care Unit (ICU),30,31,0,1.0333,103.3,0,1,-1,RED,17,1,0
2026-06-09 17:00:00,General Medicine,General Medicine Ward,120,129,0,1.075,107.5,5,1,4,RED,17,1,0
2026-06-09 17:00:00,Surgical Ward,Surgical & Post-Op Ward,80,61,19,0.7625,76.2,2,0,2,AMBER,17,1,0
2026-06-09 17:00:00,Pediatrics,Pediatric Ward,40,42,0,1.05,105.0,0,1,-1,RED,17,1,0
2026-06-09 18:00:00,Emergency,Emergency Department (ED),50,42,8,0.84,84.0,4,1,3,AMBER,18,1,0
2026-06-09 18:00:00,ICU,Intensive Care Unit (ICU),30,32,0,1.0667,106.7,2,0,2,RED,18,1,0
2026-06-09 18:00:00,General Medicine,General Medicine Ward,120,129,0,1.075,107.5,5,4,1,RED,18,1,0
2026-06-09 18:00:00,Surgical Ward,Surgical & Post-Op Ward,80,64,16,0.8,80.0,5,2,3,AMBER,18,1,0
2026-06-09 18:00:00,Pediatrics,Pediatric Ward,40,43,0,1.075,107.5,3,1,2,RED,18,1,0
2026-06-09 19:00:00,Emergency,Emergency Department (ED),50,39,11,0.78,78.0,1,4,-3,AMBER,19,1,0
2026-06-09 19:00:00,ICU,Intensive Care Unit (ICU),30,32,0,1.0667,106.7,2,0,2,RED,19,1,0
2026-06-09 19:00:00,General Medicine,General Medicine Ward,120,129,0,1.075,107.5,8,5,3,RED,19,1,0
2026-06-09 19:00:00,Surgical Ward,Surgical & Post-Op Ward,80,68,12,0.85,85.0,6,2,4,AMBER,19,1,0
2026-06-09 19:00:00,Pediatrics,Pediatric Ward,40,42,0,1.05,105.0,0,1,-1,RED,19,1,0
2026-06-09 20:00:00,Emergency,Emergency Department (ED),50,39,11,0.78,78.0,3,3,0,AMBER,20,1,0
2026-06-09 20:00:00,ICU,Intensive Care Unit (ICU),30,32,0,1.0667,106.7,0,0,0,RED,20,1,0
2026-06-09 20:00:00,General Medicine,General Medicine Ward,120,129,0,1.075,107.5,4,1,3,RED,20,1,0
2026-06-09 20:00:00,Surgical Ward,Surgical & Post-Op Ward,80,66,14,0.825,82.5,2,4,-2,AMBER,20,1,0
2026-06-09 20:00:00,Pediatrics,Pediatric Ward,40,43,0,1.075,107.5,1,0,1,RED,20,1,0
2026-06-09 21:00:00,Emergency,Emergency Department (ED),50,37,13,0.74,74.0,0,2,-2,GREEN,21,1,0
2026-06-09 21:00:00,ICU,Intensive Care Unit (ICU),30,32,0,1.0667,106.7,1,0,1,RED,21,1,0
2026-06-09 21:00:00,General Medicine,General Medicine Ward,120,125,0,1.0417,104.2,0,4,-4,RED,21,1,0
2026-06-09 21:00:00,Surgical Ward,Surgical & Post-Op Ward,80,71,9,0.8875,88.8,8,3,5,AMBER,21,1,0
2026-06-09 21:00:00,Pediatrics,Pediatric Ward,40,42,0,1.05,105.0,0,1,-1,RED,21,1,0
2026-06-09 22:00:00,Emergency,Emergency Department (ED),50,42,8,0.84,84.0,5,0,5,AMBER,22,1,0
2026-06-09 22:00:00,ICU,Intensive Care Unit (ICU),30,32,0,1.0667,106.7,0,0,0,RED,22,1,0
2026-06-09 22:00:00,General Medicine,General Medicine Ward,120,128,0,1.0667,106.7,6,3,3,RED,22,1,0
2026-06-09 22:00:00,Surgical Ward,Surgical & Post-Op Ward,80,69,11,0.8625,86.2,1,3,-2,AMBER,22,1,0
2026-06-09 22:00:00,Pediatrics,Pediatric Ward,40,43,0,1.075,107.5,2,0,2,RED,22,1,0
2026-06-09 23:00:00,Emergency,Emergency Department (ED),50,39,11,0.78,78.0,1,4,-3,AMBER,23,1,0
2026-06-09 23:00:00,ICU,Intensive Care Unit (ICU),30,32,0,1.0667,106.7,1,1,0,RED,23,1,0
2026-06-09 23:00:00,General Medicine,General Medicine Ward,120,128,0,1.0667,106.7,6,6,0,RED,23,1,0
2026-06-09 23:00:00,Surgical Ward,Surgical & Post-Op Ward,80,66,14,0.825,82.5,0,3,-3,AMBER,23,1,0
2026-06-09 23:00:00,Pediatrics,Pediatric Ward,40,43,0,1.075,107.5,3,2,1,RED,23,1,0
2026-06-10 00:00:00,Emergency,Emergency Department (ED),50,44,6,0.88,88.0,6,1,5,AMBER,0,2,0
2026-06-10 00:00:00,ICU,Intensive Care Unit (ICU),30,32,0,1.0667,106.7,1,1,0,RED,0,2,0
2026-06-10 00:00:00,General Medicine,General Medicine Ward,120,128,0,1.0667,106.7,3,3,0,RED,0,2,0
2026-06-10 00:00:00,Surgical Ward,Surgical & Post-Op Ward,80,66,14,0.825,82.5,0,0,0,AMBER,0,2,0
2026-06-10 00:00:00,Pediatrics,Pediatric Ward,40,43,0,1.075,107.5,2,2,0,RED,0,2,0
2026-06-10 01:00:00,Emergency,Emergency Department (ED),50,42,8,0.84,84.0,3,5,-2,AMBER,1,2,0
2026-06-10 01:00:00,ICU,Intensive Care Unit (ICU),30,32,0,1.0667,106.7,2,0,2,RED,1,2,0
2026-06-10 01:00:00,General Medicine,General Medicine Ward,120,129,0,1.075,107.5,1,0,1,RED,1,2,0
2026-06-10 01:00:00,Surgical Ward,Surgical & Post-Op Ward,80,67,13,0.8375,83.8,1,0,1,AMBER,1,2,0
2026-06-10 01:00:00,Pediatrics,Pediatric Ward,40,41,0,1.025,102.5,0,2,-2,RED,1,2,0
2026-06-10 02:00:00,Emergency,Emergency Department (ED),50,41,9,0.82,82.0,0,1,-1,AMBER,2,2,0
2026-06-10 02:00:00,ICU,Intensive Care Unit (ICU),30,32,0,1.0667,106.7,0,0,0,RED,2,2,0
2026-06-10 02:00:00,General Medicine,General Medicine Ward,120,128,0,1.0667,106.7,0,1,-1,RED,2,2,0
2026-06-10 02:00:00,Surgical Ward,Surgical & Post-Op Ward,80,68,12,0.85,85.0,1,0,1,AMBER,2,2,0
2026-06-10 02:00:00,Pediatrics,Pediatric Ward,40,41,0,1.025,102.5,0,0,0,RED,2,2,0
2026-06-10 03:00:00,Emergency,Emergency Department (ED),50,42,8,0.84,84.0,2,1,1,AMBER,3,2,0
2026-06-10 03:00:00,ICU,Intensive Care Unit (ICU),30,31,0,1.0333,103.3,0,1,-1,RED,3,2,0
2026-06-10 03:00:00,General Medicine,General Medicine Ward,120,128,0,1.0667,106.7,0,0,0,RED,3,2,0
2026-06-10 03:00:00,Surgical Ward,Surgical & Post-Op Ward,80,69,11,0.8625,86.2,1,0,1,AMBER,3,2,0
2026-06-10 03:00:00,Pediatrics,Pediatric Ward,40,41,0,1.025,102.5,0,0,0,RED,3,2,0
2026-06-10 04:00:00,Emergency,Emergency Department (ED),50,43,7,0.86,86.0,1,0,1,AMBER,4,2,0
2026-06-10 04:00:00,ICU,Intensive Care Unit (ICU),30,31,0,1.0333,103.3,0,0,0,RED,4,2,0
2026-06-10 04:00:00,General Medicine,General Medicine Ward,120,127,0,1.0583,105.8,0,1,-1,RED,4,2,0
2026-06-10 04:00:00,Surgical Ward,Surgical & Post-Op Ward,80,69,11,0.8625,86.2,0,0,0,AMBER,4,2,0
2026-06-10 04:00:00,Pediatrics,Pediatric Ward,40,42,0,1.05,105.0,1,0,1,RED,4,2,0
2026-06-10 05:00:00,Emergency,Emergency Department (ED),50,43,7,0.86,86.0,0,0,0,AMBER,5,2,0
2026-06-10 05:00:00,ICU,Intensive Care Unit (ICU),30,31,0,1.0333,103.3,0,0,0,RED,5,2,0
2026-06-10 05:00:00,General Medicine,General Medicine Ward,120,127,0,1.0583,105.8,0,0,0,RED,5,2,0
2026-06-10 05:00:00,Surgical Ward,Surgical & Post-Op Ward,80,68,12,0.85,85.0,0,1,-1,AMBER,5,2,0
2026-06-10 05:00:00,Pediatrics,Pediatric Ward,40,42,0,1.05,105.0,0,0,0,RED,5,2,0
2026-06-10 06:00:00,Emergency,Emergency Department (ED),50,45,5,0.9,90.0,2,0,2,RED,6,2,0
2026-06-10 06:00:00,ICU,Intensive Care Unit (ICU),30,31,0,1.0333,103.3,0,0,0,RED,6,2,0
2026-06-10 06:00:00,General Medicine,General Medicine Ward,120,129,0,1.075,107.5,6,1,5,RED,6,2,0
2026-06-10 06:00:00,Surgical Ward,Surgical & Post-Op Ward,80,70,10,0.875,87.5,3,1,2,AMBER,6,2,0
2026-06-10 06:00:00,Pediatrics,Pediatric Ward,40,42,0,1.05,105.0,1,1,0,RED,6,2,0
2026-06-10 07:00:00,Emergency,Emergency Department (ED),50,44,6,0.88,88.0,2,3,-1,AMBER,7,2,0
2026-06-10 07:00:00,ICU,Intensive Care Unit (ICU),30,31,0,1.0333,103.3,0,0,0,RED,7,2,0
2026-06-10 07:00:00,General Medicine,General Medicine Ward,120,129,0,1.075,107.5,3,1,2,RED,7,2,0
2026-06-10 07:00:00,Surgical Ward,Surgical & Post-Op Ward,80,72,8,0.9,90.0,3,1,2,RED,7,2,0
2026-06-10 07:00:00,Pediatrics,Pediatric Ward,40,41,0,1.025,102.5,0,1,-1,RED,7,2,0
2026-06-10 08:00:00,Emergency,Emergency Department (ED),50,46,4,0.92,92.0,4,2,2,RED,8,2,0
2026-06-10 08:00:00,ICU,Intensive Care Unit (ICU),30,30,0,1.0,100.0,0,1,-1,RED,8,2,0
2026-06-10 08:00:00,General Medicine,General Medicine Ward,120,128,0,1.0667,106.7,3,4,-1,RED,8,2,0
2026-06-10 08:00:00,Surgical Ward,Surgical & Post-Op Ward,80,72,8,0.9,90.0,2,2,0,RED,8,2,0
2026-06-10 08:00:00,Pediatrics,Pediatric Ward,40,41,0,1.025,102.5,1,1,0,RED,8,2,0
2026-06-10 09:00:00,Emergency,Emergency Department (ED),50,48,2,0.96,96.0,3,1,2,RED,9,2,0
2026-06-10 09:00:00,ICU,Intensive Care Unit (ICU),30,30,0,1.0,100.0,0,0,0,RED,9,2,0
2026-06-10 09:00:00,General Medicine,General Medicine Ward,120,129,0,1.075,107.5,3,1,2,RED,9,2,0
2026-06-10 09:00:00,Surgical Ward,Surgical & Post-Op Ward,80,74,6,0.925,92.5,7,5,2,RED,9,2,0
2026-06-10 09:00:00,Pediatrics,Pediatric Ward,40,41,0,1.025,102.5,0,0,0,RED,9,2,0
2026-06-10 10:00:00,Emergency,Emergency Department (ED),50,44,6,0.88,88.0,0,4,-4,AMBER,10,2,0
2026-06-10 10:00:00,ICU,Intensive Care Unit (ICU),30,32,0,1.0667,106.7,3,0,3,RED,10,2,0
2026-06-10 10:00:00,General Medicine,General Medicine Ward,120,125,0,1.0417,104.2,3,7,-4,RED,10,2,0
2026-06-10 10:00:00,Surgical Ward,Surgical & Post-Op Ward,80,71,9,0.8875,88.8,3,6,-3,AMBER,10,2,0
2026-06-10 10:00:00,Pediatrics,Pediatric Ward,40,43,0,1.075,107.5,4,1,3,RED,10,2,0
2026-06-10 11:00:00,Emergency,Emergency Department (ED),50,44,6,0.88,88.0,5,5,0,AMBER,11,2,0
2026-06-10 11:00:00,ICU,Intensive Care Unit (ICU),30,32,0,1.0667,106.7,0,0,0,RED,11,2,0
2026-06-10 11:00:00,General Medicine,General Medicine Ward,120,124,0,1.0333,103.3,3,4,-1,RED,11,2,0
2026-06-10 11:00:00,Surgical Ward,Surgical & Post-Op Ward,80,72,8,0.9,90.0,2,1,1,RED,11,2,0
2026-06-10 11:00:00,Pediatrics,Pediatric Ward,40,43,0,1.075,107.5,2,2,0,RED,11,2,0
2026-06-10 12:00:00,Emergency,Emergency Department (ED),50,46,4,0.92,92.0,6,4,2,RED,12,2,0
2026-06-10 12:00:00,ICU,Intensive Care Unit (ICU),30,32,0,1.0667,106.7,3,2,1,RED,12,2,0
2026-06-10 12:00:00,General Medicine,General Medicine Ward,120,129,0,1.075,107.5,6,0,6,RED,12,2,0
2026-06-10 12:00:00,Surgical Ward,Surgical & Post-Op Ward,80,69,11,0.8625,86.2,1,4,-3,AMBER,12,2,0
2026-06-10 12:00:00,Pediatrics,Pediatric Ward,40,43,0,1.075,107.5,0,0,0,RED,12,2,0
2026-06-10 13:00:00,Emergency,Emergency Department (ED),50,47,3,0.94,94.0,5,4,1,RED,13,2,0
2026-06-10 13:00:00,ICU,Intensive Care Unit (ICU),30,30,0,1.0,100.0,0,2,-2,RED,13,2,0
2026-06-10 13:00:00,General Medicine,General Medicine Ward,120,126,0,1.05,105.0,5,8,-3,RED,13,2,0
2026-06-10 13:00:00,Surgical Ward,Surgical & Post-Op Ward,80,68,12,0.85,85.0,2,3,-1,AMBER,13,2,0
2026-06-10 13:00:00,Pediatrics,Pediatric Ward,40,43,0,1.075,107.5,1,0,1,RED,13,2,0
2026-06-10 14:00:00,Emergency,Emergency Department (ED),50,49,1,0.98,98.0,3,1,2,RED,14,2,0
2026-06-10 14:00:00,ICU,Intensive Care Unit (ICU),30,30,0,1.0,100.0,1,1,0,RED,14,2,0
2026-06-10 14:00:00,General Medicine,General Medicine Ward,120,124,0,1.0333,103.3,5,7,-2,RED,14,2,0
2026-06-10 14:00:00,Surgical Ward,Surgical & Post-Op Ward,80,70,10,0.875,87.5,2,0,2,AMBER,14,2,0
2026-06-10 14:00:00,Pediatrics,Pediatric Ward,40,43,0,1.075,107.5,2,0,2,RED,14,2,0
2026-06-10 15:00:00,Emergency,Emergency Department (ED),50,48,2,0.96,96.0,2,3,-1,RED,15,2,0
2026-06-10 15:00:00,ICU,Intensive Care Unit (ICU),30,31,0,1.0333,103.3,1,0,1,RED,15,2,0
2026-06-10 15:00:00,General Medicine,General Medicine Ward,120,122,0,1.0167,101.7,4,6,-2,RED,15,2,0
2026-06-10 15:00:00,Surgical Ward,Surgical & Post-Op Ward,80,66,14,0.825,82.5,0,4,-4,AMBER,15,2,0
2026-06-10 15:00:00,Pediatrics,Pediatric Ward,40,43,0,1.075,107.5,2,0,2,RED,15,2,0
2026-06-10 16:00:00,Emergency,Emergency Department (ED),50,51,0,1.02,102.0,4,1,3,RED,16,2,0
2026-06-10 16:00:00,ICU,Intensive Care Unit (ICU),30,31,0,1.0333,103.3,0,0,0,RED,16,2,0
2026-06-10 16:00:00,General Medicine,General Medicine Ward,120,126,0,1.05,105.0,4,0,4,RED,16,2,0
2026-06-10 16:00:00,Surgical Ward,Surgical & Post-Op Ward,80,69,11,0.8625,86.2,4,1,3,AMBER,16,2,0
2026-06-10 16:00:00,Pediatrics,Pediatric Ward,40,43,0,1.075,107.5,3,0,3,RED,16,2,0
2026-06-10 17:00:00,Emergency,Emergency Department (ED),50,54,0,1.08,108.0,11,3,8,RED,17,2,0
2026-06-10 17:00:00,ICU,Intensive Care Unit (ICU),30,31,0,1.0333,103.3,0,0,0,RED,17,2,0
2026-06-10 17:00:00,General Medicine,General Medicine Ward,120,127,0,1.0583,105.8,3,2,1,RED,17,2,0
2026-06-10 17:00:00,Surgical Ward,Surgical & Post-Op Ward,80,69,11,0.8625,86.2,0,0,0,AMBER,17,2,0
2026-06-10 17:00:00,Pediatrics,Pediatric Ward,40,43,0,1.075,107.5,2,0,2,RED,17,2,0
2026-06-10 18:00:00,Emergency,Emergency Department (ED),50,54,0,1.08,108.0,4,3,1,RED,18,2,0
2026-06-10 18:00:00,ICU,Intensive Care Unit (ICU),30,30,0,1.0,100.0,0,1,-1,RED,18,2,0
2026-06-10 18:00:00,General Medicine,General Medicine Ward,120,126,0,1.05,105.0,4,5,-1,RED,18,2,0
2026-06-10 18:00:00,Surgical Ward,Surgical & Post-Op Ward,80,72,8,0.9,90.0,4,1,3,RED,18,2,0
2026-06-10 18:00:00,Pediatrics,Pediatric Ward,40,43,0,1.075,107.5,1,1,0,RED,18,2,0
2026-06-10 19:00:00,Emergency,Emergency Department (ED),50,54,0,1.08,108.0,6,0,6,RED,19,2,0
2026-06-10 19:00:00,ICU,Intensive Care Unit (ICU),30,31,0,1.0333,103.3,1,0,1,RED,19,2,0
2026-06-10 19:00:00,General Medicine,General Medicine Ward,120,129,0,1.075,107.5,6,3,3,RED,19,2,0
2026-06-10 19:00:00,Surgical Ward,Surgical & Post-Op Ward,80,71,9,0.8875,88.8,1,2,-1,AMBER,19,2,0
2026-06-10 19:00:00,Pediatrics,Pediatric Ward,40,43,0,1.075,107.5,3,0,3,RED,19,2,0
2026-06-10 20:00:00,Emergency,Emergency Department (ED),50,53,0,1.06,106.0,1,2,-1,RED,20,2,0
2026-06-10 20:00:00,ICU,Intensive Care Unit (ICU),30,32,0,1.0667,106.7,2,1,1,RED,20,2,0
2026-06-10 20:00:00,General Medicine,General Medicine Ward,120,129,0,1.075,107.5,6,0,6,RED,20,2,0
2026-06-10 20:00:00,Surgical Ward,Surgical & Post-Op Ward,80,72,8,0.9,90.0,2,1,1,RED,20,2,0
2026-06-10 20:00:00,Pediatrics,Pediatric Ward,40,43,0,1.075,107.5,1,0,1,RED,20,2,0
2026-06-10 21:00:00,Emergency,Emergency Department (ED),50,54,0,1.08,108.0,4,0,4,RED,21,2,0
2026-06-10 21:00:00,ICU,Intensive Care Unit (ICU),30,32,0,1.0667,106.7,3,0,3,RED,21,2,0
2026-06-10 21:00:00,General Medicine,General Medicine Ward,120,129,0,1.075,107.5,3,1,2,RED,21,2,0
2026-06-10 21:00:00,Surgical Ward,Surgical & Post-Op Ward,80,73,7,0.9125,91.2,4,3,1,RED,21,2,0
2026-06-10 21:00:00,Pediatrics,Pediatric Ward,40,43,0,1.075,107.5,3,1,2,RED,21,2,0
2026-06-10 22:00:00,Emergency,Emergency Department (ED),50,54,0,1.08,108.0,4,1,3,RED,22,2,0
2026-06-10 22:00:00,ICU,Intensive Care Unit (ICU),30,32,0,1.0667,106.7,0,0,0,RED,22,2,0
2026-06-10 22:00:00,General Medicine,General Medicine Ward,120,129,0,1.075,107.5,5,2,3,RED,22,2,0
2026-06-10 22:00:00,Surgical Ward,Surgical & Post-Op Ward,80,73,7,0.9125,91.2,3,3,0,RED,22,2,0
2026-06-10 22:00:00,Pediatrics,Pediatric Ward,40,42,0,1.05,105.0,1,2,-1,RED,22,2,0
2026-06-10 23:00:00,Emergency,Emergency Department (ED),50,54,0,1.08,108.0,4,3,1,RED,23,2,0
2026-06-10 23:00:00,ICU,Intensive Care Unit (ICU),30,32,0,1.0667,106.7,0,0,0,RED,23,2,0
2026-06-10 23:00:00,General Medicine,General Medicine Ward,120,129,0,1.075,107.5,2,1,1,RED,23,2,0
2026-06-10 23:00:00,Surgical Ward,Surgical & Post-Op Ward,80,73,7,0.9125,91.2,3,3,0,RED,23,2,0
2026-06-10 23:00:00,Pediatrics,Pediatric Ward,40,42,0,1.05,105.0,1,1,0,RED,23,2,0
2026-06-11 00:00:00,Emergency,Emergency Department (ED),50,54,0,1.08,108.0,3,1,2,RED,0,3,0
2026-06-11 00:00:00,ICU,Intensive Care Unit (ICU),30,32,0,1.0667,106.7,0,0,0,RED,0,3,0
2026-06-11 00:00:00,General Medicine,General Medicine Ward,120,129,0,1.075,107.5,3,2,1,RED,0,3,0
2026-06-11 00:00:00,Surgical Ward,Surgical & Post-Op Ward,80,73,7,0.9125,91.2,0,0,0,RED,0,3,0
2026-06-11 00:00:00,Pediatrics,Pediatric Ward,40,41,0,1.025,102.5,0,1,-1,RED,0,3,0
2026-06-11 01:00:00,Emergency,Emergency Department (ED),50,54,0,1.08,108.0,4,3,1,RED,1,3,0
2026-06-11 01:00:00,ICU,Intensive Care Unit (ICU),30,32,0,1.0667,106.7,0,0,0,RED,1,3,0
2026-06-11 01:00:00,General Medicine,General Medicine Ward,120,129,0,1.075,107.5,0,0,0,RED,1,3,0
2026-06-11 01:00:00,Surgical Ward,Surgical & Post-Op Ward,80,74,6,0.925,92.5,1,0,1,RED,1,3,0
2026-06-11 01:00:00,Pediatrics,Pediatric Ward,40,41,0,1.025,102.5,0,0,0,RED,1,3,0
2026-06-11 02:00:00,Emergency,Emergency Department (ED),50,54,0,1.08,108.0,2,0,2,RED,2,3,0
2026-06-11 02:00:00,ICU,Intensive Care Unit (ICU),30,32,0,1.0667,106.7,0,0,0,RED,2,3,0
2026-06-11 02:00:00,General Medicine,General Medicine Ward,120,129,0,1.075,107.5,3,0,3,RED,2,3,0
2026-06-11 02:00:00,Surgical Ward,Surgical & Post-Op Ward,80,74,6,0.925,92.5,0,0,0,RED,2,3,0
2026-06-11 02:00:00,Pediatrics,Pediatric Ward,40,42,0,1.05,105.0,1,0,1,RED,2,3,0
2026-06-11 03:00:00,Emergency,Emergency Department (ED),50,54,0,1.08,108.0,0,0,0,RED,3,3,0
2026-06-11 03:00:00,ICU,Intensive Care Unit (ICU),30,32,0,1.0667,106.7,0,0,0,RED,3,3,0
2026-06-11 03:00:00,General Medicine,General Medicine Ward,120,129,0,1.075,107.5,0,0,0,RED,3,3,0
2026-06-11 03:00:00,Surgical Ward,Surgical & Post-Op Ward,80,74,6,0.925,92.5,1,1,0,RED,3,3,0
2026-06-11 03:00:00,Pediatrics,Pediatric Ward,40,42,0,1.05,105.0,0,0,0,RED,3,3,0
2026-06-11 04:00:00,Emergency,Emergency Department (ED),50,53,0,1.06,106.0,0,1,-1,RED,4,3,0
2026-06-11 04:00:00,ICU,Intensive Care Unit (ICU),30,32,0,1.0667,106.7,0,0,0,RED,4,3,0
2026-06-11 04:00:00,General Medicine,General Medicine Ward,120,129,0,1.075,107.5,2,0,2,RED,4,3,0
2026-06-11 04:00:00,Surgical Ward,Surgical & Post-Op Ward,80,76,4,0.95,95.0,2,0,2,RED,4,3,0
2026-06-11 04:00:00,Pediatrics,Pediatric Ward,40,42,0,1.05,105.0,0,0,0,RED,4,3,0
2026-06-11 05:00:00,Emergency,Emergency Department (ED),50,54,0,1.08,108.0,2,1,1,RED,5,3,0
2026-06-11 05:00:00,ICU,Intensive Care Unit (ICU),30,32,0,1.0667,106.7,0,0,0,RED,5,3,0
2026-06-11 05:00:00,General Medicine,General Medicine Ward,120,129,0,1.075,107.5,3,1,2,RED,5,3,0
2026-06-11 05:00:00,Surgical Ward,Surgical & Post-Op Ward,80,78,2,0.975,97.5,3,1,2,RED,5,3,0
2026-06-11 05:00:00,Pediatrics,Pediatric Ward,40,42,0,1.05,105.0,0,0,0,RED,5,3,0
2026-06-11 06:00:00,Emergency,Emergency Department (ED),50,54,0,1.08,108.0,0,0,0,RED,6,3,0
2026-06-11 06:00:00,ICU,Intensive Care Unit (ICU),30,31,0,1.0333,103.3,0,1,-1,RED,6,3,0
2026-06-11 06:00:00,General Medicine,General Medicine Ward,120,127,0,1.0583,105.8,0,2,-2,RED,6,3,0
2026-06-11 06:00:00,Surgical Ward,Surgical & Post-Op Ward,80,76,4,0.95,95.0,1,3,-2,RED,6,3,0
2026-06-11 06:00:00,Pediatrics,Pediatric Ward,40,43,0,1.075,107.5,2,0,2,RED,6,3,0
2026-06-11 07:00:00,Emergency,Emergency Department (ED),50,54,0,1.08,108.0,4,1,3,RED,7,3,0
2026-06-11 07:00:00,ICU,Intensive Care Unit (ICU),30,32,0,1.0667,106.7,1,0,1,RED,7,3,0
2026-06-11 07:00:00,General Medicine,General Medicine Ward,120,125,0,1.0417,104.2,4,6,-2,RED,7,3,0
2026-06-11 07:00:00,Surgical Ward,Surgical & Post-Op Ward,80,79,1,0.9875,98.8,6,3,3,RED,7,3,0
2026-06-11 07:00:00,Pediatrics,Pediatric Ward,40,43,0,1.075,107.5,0,0,0,RED,7,3,0
2026-06-11 08:00:00,Emergency,Emergency Department (ED),50,54,0,1.08,108.0,1,1,0,RED,8,3,0
2026-06-11 08:00:00,ICU,Intensive Care Unit (ICU),30,32,0,1.0667,106.7,0,0,0,RED,8,3,0
2026-06-11 08:00:00,General Medicine,General Medicine Ward,120,124,0,1.0333,103.3,6,7,-1,RED,8,3,0
2026-06-11 08:00:00,Surgical Ward,Surgical & Post-Op Ward,80,82,0,1.025,102.5,5,2,3,RED,8,3,0
2026-06-11 08:00:00,Pediatrics,Pediatric Ward,40,43,0,1.075,107.5,2,0,2,RED,8,3,0
2026-06-11 09:00:00,Emergency,Emergency Department (ED),50,52,0,1.04,104.0,2,4,-2,RED,9,3,0
2026-06-11 09:00:00,ICU,Intensive Care Unit (ICU),30,32,0,1.0667,106.7,0,0,0,RED,9,3,0
2026-06-11 09:00:00,General Medicine,General Medicine Ward,120,129,0,1.075,107.5,6,0,6,RED,9,3,0
2026-06-11 09:00:00,Surgical Ward,Surgical & Post-Op Ward,80,86,0,1.075,107.5,7,2,5,RED,9,3,0
2026-06-11 09:00:00,Pediatrics,Pediatric Ward,40,43,0,1.075,107.5,2,1,1,RED,9,3,0
2026-06-11 10:00:00,Emergency,Emergency Department (ED),50,51,0,1.02,102.0,5,6,-1,RED,10,3,0
2026-06-11 10:00:00,ICU,Intensive Care Unit (ICU),30,31,0,1.0333,103.3,0,1,-1,RED,10,3,0
2026-06-11 10:00:00,General Medicine,General Medicine Ward,120,127,0,1.0583,105.8,5,7,-2,RED,10,3,0
2026-06-11 10:00:00,Surgical Ward,Surgical & Post-Op Ward,80,83,0,1.0375,103.8,3,6,-3,RED,10,3,0
2026-06-11 10:00:00,Pediatrics,Pediatric Ward,40,43,0,1.075,107.5,3,1,2,RED,10,3,0
2026-06-11 11:00:00,Emergency,Emergency Department (ED),50,53,0,1.06,106.0,5,3,2,RED,11,3,0
2026-06-11 11:00:00,ICU,Intensive Care Unit (ICU),30,32,0,1.0667,106.7,2,1,1,RED,11,3,0
2026-06-11 11:00:00,General Medicine,General Medicine Ward,120,127,0,1.0583,105.8,4,4,0,RED,11,3,0
2026-06-11 11:00:00,Surgical Ward,Surgical & Post-Op Ward,80,86,0,1.075,107.5,6,3,3,RED,11,3,0
2026-06-11 11:00:00,Pediatrics,Pediatric Ward,40,43,0,1.075,107.5,3,2,1,RED,11,3,0
2026-06-11 12:00:00,Emergency,Emergency Department (ED),50,50,0,1.0,100.0,2,5,-3,RED,12,3,0
2026-06-11 12:00:00,ICU,Intensive Care Unit (ICU),30,32,0,1.0667,106.7,3,1,2,RED,12,3,0
2026-06-11 12:00:00,General Medicine,General Medicine Ward,120,129,0,1.075,107.5,5,2,3,RED,12,3,0
2026-06-11 12:00:00,Surgical Ward,Surgical & Post-Op Ward,80,86,0,1.075,107.5,5,0,5,RED,12,3,0
2026-06-11 12:00:00,Pediatrics,Pediatric Ward,40,41,0,1.025,102.5,1,3,-2,RED,12,3,0
2026-06-11 13:00:00,Emergency,Emergency Department (ED),50,47,3,0.94,94.0,2,5,-3,RED,13,3,0
2026-06-11 13:00:00,ICU,Intensive Care Unit (ICU),30,31,0,1.0333,103.3,0,1,-1,RED,13,3,0
2026-06-11 13:00:00,General Medicine,General Medicine Ward,120,128,0,1.0667,106.7,3,4,-1,RED,13,3,0
2026-06-11 13:00:00,Surgical Ward,Surgical & Post-Op Ward,80,84,0,1.05,105.0,1,3,-2,RED,13,3,0
2026-06-11 13:00:00,Pediatrics,Pediatric Ward,40,38,2,0.95,95.0,0,3,-3,RED,13,3,0
2026-06-11 14:00:00,Emergency,Emergency Department (ED),50,48,2,0.96,96.0,4,3,1,RED,14,3,0
2026-06-11 14:00:00,ICU,Intensive Care Unit (ICU),30,32,0,1.0667,106.7,2,1,1,RED,14,3,0
2026-06-11 14:00:00,General Medicine,General Medicine Ward,120,129,0,1.075,107.5,7,6,1,RED,14,3,0
2026-06-11 14:00:00,Surgical Ward,Surgical & Post-Op Ward,80,86,0,1.075,107.5,7,4,3,RED,14,3,0
2026-06-11 14:00:00,Pediatrics,Pediatric Ward,40,37,3,0.925,92.5,0,1,-1,RED,14,3,0
2026-06-11 15:00:00,Emergency,Emergency Department (ED),50,52,0,1.04,104.0,6,2,4,RED,15,3,0
2026-06-11 15:00:00,ICU,Intensive Care Unit (ICU),30,32,0,1.0667,106.7,0,0,0,RED,15,3,0
2026-06-11 15:00:00,General Medicine,General Medicine Ward,120,127,0,1.0583,105.8,2,4,-2,RED,15,3,0
2026-06-11 15:00:00,Surgical Ward,Surgical & Post-Op Ward,80,85,0,1.0625,106.2,1,2,-1,RED,15,3,0
2026-06-11 15:00:00,Pediatrics,Pediatric Ward,40,36,4,0.9,90.0,2,3,-1,RED,15,3,0
2026-06-11 16:00:00,Emergency,Emergency Department (ED),50,52,0,1.04,104.0,2,2,0,RED,16,3,0
2026-06-11 16:00:00,ICU,Intensive Care Unit (ICU),30,31,0,1.0333,103.3,0,1,-1,RED,16,3,0
2026-06-11 16:00:00,General Medicine,General Medicine Ward,120,129,0,1.075,107.5,3,1,2,RED,16,3,0
2026-06-11 16:00:00,Surgical Ward,Surgical & Post-Op Ward,80,86,0,1.075,107.5,3,1,2,RED,16,3,0
2026-06-11 16:00:00,Pediatrics,Pediatric Ward,40,35,5,0.875,87.5,0,1,-1,AMBER,16,3,0
2026-06-11 17:00:00,Emergency,Emergency Department (ED),50,53,0,1.06,106.0,3,2,1,RED,17,3,0
2026-06-11 17:00:00,ICU,Intensive Care Unit (ICU),30,32,0,1.0667,106.7,2,0,2,RED,17,3,0
2026-06-11 17:00:00,General Medicine,General Medicine Ward,120,129,0,1.075,107.5,5,2,3,RED,17,3,0
2026-06-11 17:00:00,Surgical Ward,Surgical & Post-Op Ward,80,84,0,1.05,105.0,0,2,-2,RED,17,3,0
2026-06-11 17:00:00,Pediatrics,Pediatric Ward,40,36,4,0.9,90.0,3,2,1,RED,17,3,0
2026-06-11 18:00:00,Emergency,Emergency Department (ED),50,54,0,1.08,108.0,11,2,9,RED,18,3,0
2026-06-11 18:00:00,ICU,Intensive Care Unit (ICU),30,32,0,1.0667,106.7,1,0,1,RED,18,3,0
2026-06-11 18:00:00,General Medicine,General Medicine Ward,120,129,0,1.075,107.5,8,5,3,RED,18,3,0
2026-06-11 18:00:00,Surgical Ward,Surgical & Post-Op Ward,80,85,0,1.0625,106.2,4,3,1,RED,18,3,0
2026-06-11 18:00:00,Pediatrics,Pediatric Ward,40,37,3,0.925,92.5,1,0,1,RED,18,3,0
2026-06-11 19:00:00,Emergency,Emergency Department (ED),50,54,0,1.08,108.0,8,3,5,RED,19,3,0
2026-06-11 19:00:00,ICU,Intensive Care Unit (ICU),30,32,0,1.0667,106.7,1,0,1,RED,19,3,0
2026-06-11 19:00:00,General Medicine,General Medicine Ward,120,129,0,1.075,107.5,6,4,2,RED,19,3,0
2026-06-11 19:00:00,Surgical Ward,Surgical & Post-Op Ward,80,86,0,1.075,107.5,3,0,3,RED,19,3,0
2026-06-11 19:00:00,Pediatrics,Pediatric Ward,40,36,4,0.9,90.0,0,1,-1,RED,19,3,0
2026-06-11 20:00:00,Emergency,Emergency Department (ED),50,54,0,1.08,108.0,5,1,4,RED,20,3,0
2026-06-11 20:00:00,ICU,Intensive Care Unit (ICU),30,32,0,1.0667,106.7,3,0,3,RED,20,3,0
2026-06-11 20:00:00,General Medicine,General Medicine Ward,120,129,0,1.075,107.5,4,4,0,RED,20,3,0
2026-06-11 20:00:00,Surgical Ward,Surgical & Post-Op Ward,80,86,0,1.075,107.5,5,1,4,RED,20,3,0
2026-06-11 20:00:00,Pediatrics,Pediatric Ward,40,37,3,0.925,92.5,1,0,1,RED,20,3,0
2026-06-11 21:00:00,Emergency,Emergency Department (ED),50,54,0,1.08,108.0,7,3,4,RED,21,3,0
2026-06-11 21:00:00,ICU,Intensive Care Unit (ICU),30,32,0,1.0667,106.7,1,0,1,RED,21,3,0
2026-06-11 21:00:00,General Medicine,General Medicine Ward,120,129,0,1.075,107.5,8,3,5,RED,21,3,0
2026-06-11 21:00:00,Surgical Ward,Surgical & Post-Op Ward,80,86,0,1.075,107.5,1,1,0,RED,21,3,0
2026-06-11 21:00:00,Pediatrics,Pediatric Ward,40,38,2,0.95,95.0,2,1,1,RED,21,3,0
2026-06-11 22:00:00,Emergency,Emergency Department (ED),50,54,0,1.08,108.0,6,1,5,RED,22,3,0
2026-06-11 22:00:00,ICU,Intensive Care Unit (ICU),30,32,0,1.0667,106.7,1,1,0,RED,22,3,0
2026-06-11 22:00:00,General Medicine,General Medicine Ward,120,129,0,1.075,107.5,4,3,1,RED,22,3,0
2026-06-11 22:00:00,Surgical Ward,Surgical & Post-Op Ward,80,86,0,1.075,107.5,3,2,1,RED,22,3,0
2026-06-11 22:00:00,Pediatrics,Pediatric Ward,40,38,2,0.95,95.0,0,0,0,RED,22,3,0
2026-06-11 23:00:00,Emergency,Emergency Department (ED),50,51,0,1.02,102.0,0,3,-3,RED,23,3,0
2026-06-11 23:00:00,ICU,Intensive Care Unit (ICU),30,31,0,1.0333,103.3,0,1,-1,RED,23,3,0
2026-06-11 23:00:00,General Medicine,General Medicine Ward,120,126,0,1.05,105.0,0,3,-3,RED,23,3,0
2026-06-11 23:00:00,Surgical Ward,Surgical & Post-Op Ward,80,86,0,1.075,107.5,4,1,3,RED,23,3,0
2026-06-11 23:00:00,Pediatrics,Pediatric Ward,40,39,1,0.975,97.5,2,1,1,RED,23,3,0
2026-06-12 00:00:00,Emergency,Emergency Department (ED),50,53,0,1.06,106.0,4,2,2,RED,0,4,0
2026-06-12 00:00:00,ICU,Intensive Care Unit (ICU),30,31,0,1.0333,103.3,0,0,0,RED,0,4,0
2026-06-12 00:00:00,General Medicine,General Medicine Ward,120,128,0,1.0667,106.7,4,2,2,RED,0,4,0
2026-06-12 00:00:00,Surgical Ward,Surgical & Post-Op Ward,80,86,0,1.075,107.5,0,0,0,RED,0,4,0
2026-06-12 00:00:00,Pediatrics,Pediatric Ward,40,39,1,0.975,97.5,2,2,0,RED,0,4,0
2026-06-12 01:00:00,Emergency,Emergency Department (ED),50,51,0,1.02,102.0,2,4,-2,RED,1,4,0
2026-06-12 01:00:00,ICU,Intensive Care Unit (ICU),30,31,0,1.0333,103.3,0,0,0,RED,1,4,0
2026-06-12 01:00:00,General Medicine,General Medicine Ward,120,129,0,1.075,107.5,2,1,1,RED,1,4,0
2026-06-12 01:00:00,Surgical Ward,Surgical & Post-Op Ward,80,85,0,1.0625,106.2,0,1,-1,RED,1,4,0
2026-06-12 01:00:00,Pediatrics,Pediatric Ward,40,40,0,1.0,100.0,1,0,1,RED,1,4,0
2026-06-12 02:00:00,Emergency,Emergency Department (ED),50,50,0,1.0,100.0,0,1,-1,RED,2,4,0
2026-06-12 02:00:00,ICU,Intensive Care Unit (ICU),30,31,0,1.0333,103.3,0,0,0,RED,2,4,0
2026-06-12 02:00:00,General Medicine,General Medicine Ward,120,129,0,1.075,107.5,1,0,1,RED,2,4,0
2026-06-12 02:00:00,Surgical Ward,Surgical & Post-Op Ward,80,86,0,1.075,107.5,2,0,2,RED,2,4,0
2026-06-12 02:00:00,Pediatrics,Pediatric Ward,40,40,0,1.0,100.0,0,0,0,RED,2,4,0
2026-06-12 03:00:00,Emergency,Emergency Department (ED),50,51,0,1.02,102.0,1,0,1,RED,3,4,0
2026-06-12 03:00:00,ICU,Intensive Care Unit (ICU),30,32,0,1.0667,106.7,1,0,1,RED,3,4,0
2026-06-12 03:00:00,General Medicine,General Medicine Ward,120,129,0,1.075,107.5,2,0,2,RED,3,4,0
2026-06-12 03:00:00,Surgical Ward,Surgical & Post-Op Ward,80,86,0,1.075,107.5,2,0,2,RED,3,4,0
2026-06-12 03:00:00,Pediatrics,Pediatric Ward,40,40,0,1.0,100.0,0,0,0,RED,3,4,0
2026-06-12 04:00:00,Emergency,Emergency Department (ED),50,52,0,1.04,104.0,2,1,1,RED,4,4,0
2026-06-12 04:00:00,ICU,Intensive Care Unit (ICU),30,32,0,1.0667,106.7,0,0,0,RED,4,4,0
2026-06-12 04:00:00,General Medicine,General Medicine Ward,120,129,0,1.075,107.5,1,0,1,RED,4,4,0
2026-06-12 04:00:00,Surgical Ward,Surgical & Post-Op Ward,80,86,0,1.075,107.5,0,0,0,RED,4,4,0
2026-06-12 04:00:00,Pediatrics,Pediatric Ward,40,39,1,0.975,97.5,0,1,-1,RED,4,4,0
2026-06-12 05:00:00,Emergency,Emergency Department (ED),50,53,0,1.06,106.0,2,1,1,RED,5,4,0
2026-06-12 05:00:00,ICU,Intensive Care Unit (ICU),30,32,0,1.0667,106.7,0,0,0,RED,5,4,0
2026-06-12 05:00:00,General Medicine,General Medicine Ward,120,129,0,1.075,107.5,2,0,2,RED,5,4,0
2026-06-12 05:00:00,Surgical Ward,Surgical & Post-Op Ward,80,86,0,1.075,107.5,4,3,1,RED,5,4,0
2026-06-12 05:00:00,Pediatrics,Pediatric Ward,40,39,1,0.975,97.5,0,0,0,RED,5,4,0
2026-06-12 06:00:00,Emergency,Emergency Department (ED),50,54,0,1.08,108.0,1,0,1,RED,6,4,0
2026-06-12 06:00:00,ICU,Intensive Care Unit (ICU),30,32,0,1.0667,106.7,2,1,1,RED,6,4,0
2026-06-12 06:00:00,General Medicine,General Medicine Ward,120,129,0,1.075,107.5,2,0,2,RED,6,4,0
2026-06-12 06:00:00,Surgical Ward,Surgical & Post-Op Ward,80,86,0,1.075,107.5,5,1,4,RED,6,4,0
2026-06-12 06:00:00,Pediatrics,Pediatric Ward,40,40,0,1.0,100.0,1,0,1,RED,6,4,0
2026-06-12 07:00:00,Emergency,Emergency Department (ED),50,54,0,1.08,108.0,4,2,2,RED,7,4,0
2026-06-12 07:00:00,ICU,Intensive Care Unit (ICU),30,32,0,1.0667,106.7,0,0,0,RED,7,4,0
2026-06-12 07:00:00,General Medicine,General Medicine Ward,120,128,0,1.0667,106.7,0,1,-1,RED,7,4,0
2026-06-12 07:00:00,Surgical Ward,Surgical & Post-Op Ward,80,86,0,1.075,107.5,5,0,5,RED,7,4,0
2026-06-12 07:00:00,Pediatrics,Pediatric Ward,40,39,1,0.975,97.5,1,2,-1,RED,7,4,0
2026-06-12 08:00:00,Emergency,Emergency Department (ED),50,54,0,1.08,108.0,6,2,4,RED,8,4,0
2026-06-12 08:00:00,ICU,Intensive Care Unit (ICU),30,32,0,1.0667,106.7,1,0,1,RED,8,4,0
2026-06-12 08:00:00,General Medicine,General Medicine Ward,120,123,0,1.025,102.5,0,5,-5,RED,8,4,0
2026-06-12 08:00:00,Surgical Ward,Surgical & Post-Op Ward,80,86,0,1.075,107.5,5,0,5,RED,8,4,0
2026-06-12 08:00:00,Pediatrics,Pediatric Ward,40,39,1,0.975,97.5,1,1,0,RED,8,4,0
2026-06-12 09:00:00,Emergency,Emergency Department (ED),50,54,0,1.08,108.0,4,1,3,RED,9,4,0
2026-06-12 09:00:00,ICU,Intensive Care Unit (ICU),30,32,0,1.0667,106.7,0,0,0,RED,9,4,0
2026-06-12 09:00:00,General Medicine,General Medicine Ward,120,126,0,1.05,105.0,6,3,3,RED,9,4,0
2026-06-12 09:00:00,Surgical Ward,Surgical & Post-Op Ward,80,84,0,1.05,105.0,2,4,-2,RED,9,4,0
2026-06-12 09:00:00,Pediatrics,Pediatric Ward,40,42,0,1.05,105.0,3,0,3,RED,9,4,0
2026-06-12 10:00:00,Emergency,Emergency Department (ED),50,52,0,1.04,104.0,4,6,-2,RED,10,4,0
2026-06-12 10:00:00,ICU,Intensive Care Unit (ICU),30,31,0,1.0333,103.3,1,2,-1,RED,10,4,0
2026-06-12 10:00:00,General Medicine,General Medicine Ward,120,124,0,1.0333,103.3,5,7,-2,RED,10,4,0
2026-06-12 10:00:00,Surgical Ward,Surgical & Post-Op Ward,80,86,0,1.075,107.5,7,2,5,RED,10,4,0
2026-06-12 10:00:00,Pediatrics,Pediatric Ward,40,43,0,1.075,107.5,3,2,1,RED,10,4,0
2026-06-12 11:00:00,Emergency,Emergency Department (ED),50,51,0,1.02,102.0,2,3,-1,RED,11,4,0
2026-06-12 11:00:00,ICU,Intensive Care Unit (ICU),30,30,0,1.0,100.0,0,1,-1,RED,11,4,0
2026-06-12 11:00:00,General Medicine,General Medicine Ward,120,123,0,1.025,102.5,6,7,-1,RED,11,4,0
2026-06-12 11:00:00,Surgical Ward,Surgical & Post-Op Ward,80,86,0,1.075,107.5,7,2,5,RED,11,4,0
2026-06-12 11:00:00,Pediatrics,Pediatric Ward,40,41,0,1.025,102.5,2,4,-2,RED,11,4,0
2026-06-12 12:00:00,Emergency,Emergency Department (ED),50,54,0,1.08,108.0,5,2,3,RED,12,4,0
2026-06-12 12:00:00,ICU,Intensive Care Unit (ICU),30,30,0,1.0,100.0,0,0,0,RED,12,4,0
2026-06-12 12:00:00,General Medicine,General Medicine Ward,120,121,0,1.0083,100.8,2,4,-2,RED,12,4,0
2026-06-12 12:00:00,Surgical Ward,Surgical & Post-Op Ward,80,86,0,1.075,107.5,4,0,4,RED,12,4,0
2026-06-12 12:00:00,Pediatrics,Pediatric Ward,40,42,0,1.05,105.0,1,0,1,RED,12,4,0
2026-06-12 13:00:00,Emergency,Emergency Department (ED),50,54,0,1.08,108.0,8,4,4,RED,13,4,0
2026-06-12 13:00:00,ICU,Intensive Care Unit (ICU),30,31,0,1.0333,103.3,1,0,1,RED,13,4,0
2026-06-12 13:00:00,General Medicine,General Medicine Ward,120,119,1,0.9917,99.2,1,3,-2,RED,13,4,0
2026-06-12 13:00:00,Surgical Ward,Surgical & Post-Op Ward,80,82,0,1.025,102.5,1,5,-4,RED,13,4,0
2026-06-12 13:00:00,Pediatrics,Pediatric Ward,40,40,0,1.0,100.0,0,2,-2,RED,13,4,0
2026-06-12 14:00:00,Emergency,Emergency Department (ED),50,54,0,1.08,108.0,4,3,1,RED,14,4,0
2026-06-12 14:00:00,ICU,Intensive Care Unit (ICU),30,31,0,1.0333,103.3,0,0,0,RED,14,4,0
2026-06-12 14:00:00,General Medicine,General Medicine Ward,120,120,0,1.0,100.0,8,7,1,RED,14,4,0
2026-06-12 14:00:00,Surgical Ward,Surgical & Post-Op Ward,80,85,0,1.0625,106.2,4,1,3,RED,14,4,0
2026-06-12 14:00:00,Pediatrics,Pediatric Ward,40,40,0,1.0,100.0,1,1,0,RED,14,4,0
2026-06-12 15:00:00,Emergency,Emergency Department (ED),50,54,0,1.08,108.0,4,3,1,RED,15,4,0
2026-06-12 15:00:00,ICU,Intensive Care Unit (ICU),30,31,0,1.0333,103.3,0,0,0,RED,15,4,0
2026-06-12 15:00:00,General Medicine,General Medicine Ward,120,122,0,1.0167,101.7,4,2,2,RED,15,4,0
2026-06-12 15:00:00,Surgical Ward,Surgical & Post-Op Ward,80,86,0,1.075,107.5,5,4,1,RED,15,4,0
2026-06-12 15:00:00,Pediatrics,Pediatric Ward,40,41,0,1.025,102.5,1,0,1,RED,15,4,0
2026-06-12 16:00:00,Emergency,Emergency Department (ED),50,54,0,1.08,108.0,6,5,1,RED,16,4,0
2026-06-12 16:00:00,ICU,Intensive Care Unit (ICU),30,31,0,1.0333,103.3,0,0,0,RED,16,4,0
2026-06-12 16:00:00,General Medicine,General Medicine Ward,120,127,0,1.0583,105.8,9,4,5,RED,16,4,0
2026-06-12 16:00:00,Surgical Ward,Surgical & Post-Op Ward,80,84,0,1.05,105.0,2,4,-2,RED,16,4,0
2026-06-12 16:00:00,Pediatrics,Pediatric Ward,40,43,0,1.075,107.5,3,0,3,RED,16,4,0
2026-06-12 17:00:00,Emergency,Emergency Department (ED),50,54,0,1.08,108.0,5,2,3,RED,17,4,0
2026-06-12 17:00:00,ICU,Intensive Care Unit (ICU),30,32,0,1.0667,106.7,2,1,1,RED,17,4,0
2026-06-12 17:00:00,General Medicine,General Medicine Ward,120,129,0,1.075,107.5,7,3,4,RED,17,4,0
2026-06-12 17:00:00,Surgical Ward,Surgical & Post-Op Ward,80,86,0,1.075,107.5,3,0,3,RED,17,4,0
2026-06-12 17:00:00,Pediatrics,Pediatric Ward,40,42,0,1.05,105.0,0,1,-1,RED,17,4,0
2026-06-12 18:00:00,Emergency,Emergency Department (ED),50,54,0,1.08,108.0,6,2,4,RED,18,4,0
2026-06-12 18:00:00,ICU,Intensive Care Unit (ICU),30,32,0,1.0667,106.7,0,0,0,RED,18,4,0
2026-06-12 18:00:00,General Medicine,General Medicine Ward,120,129,0,1.075,107.5,5,3,2,RED,18,4,0
2026-06-12 18:00:00,Surgical Ward,Surgical & Post-Op Ward,80,86,0,1.075,107.5,1,0,1,RED,18,4,0
2026-06-12 18:00:00,Pediatrics,Pediatric Ward,40,43,0,1.075,107.5,2,0,2,RED,18,4,0
2026-06-12 19:00:00,Emergency,Emergency Department (ED),50,54,0,1.08,108.0,4,1,3,RED,19,4,0
2026-06-12 19:00:00,ICU,Intensive Care Unit (ICU),30,32,0,1.0667,106.7,1,0,1,RED,19,4,0
2026-06-12 19:00:00,General Medicine,General Medicine Ward,120,126,0,1.05,105.0,3,6,-3,RED,19,4,0
2026-06-12 19:00:00,Surgical Ward,Surgical & Post-Op Ward,80,85,0,1.0625,106.2,1,2,-1,RED,19,4,0
2026-06-12 19:00:00,Pediatrics,Pediatric Ward,40,43,0,1.075,107.5,0,0,0,RED,19,4,0
2026-06-12 20:00:00,Emergency,Emergency Department (ED),50,54,0,1.08,108.0,7,3,4,RED,20,4,0
2026-06-12 20:00:00,ICU,Intensive Care Unit (ICU),30,32,0,1.0667,106.7,1,0,1,RED,20,4,0
2026-06-12 20:00:00,General Medicine,General Medicine Ward,120,129,0,1.075,107.5,5,1,4,RED,20,4,0
2026-06-12 20:00:00,Surgical Ward,Surgical & Post-Op Ward,80,86,0,1.075,107.5,4,0,4,RED,20,4,0
2026-06-12 20:00:00,Pediatrics,Pediatric Ward,40,43,0,1.075,107.5,1,0,1,RED,20,4,0
2026-06-12 21:00:00,Emergency,Emergency Department (ED),50,54,0,1.08,108.0,8,2,6,RED,21,4,0
2026-06-12 21:00:00,ICU,Intensive Care Unit (ICU),30,32,0,1.0667,106.7,2,1,1,RED,21,4,0
2026-06-12 21:00:00,General Medicine,General Medicine Ward,120,129,0,1.075,107.5,5,0,5,RED,21,4,0
2026-06-12 21:00:00,Surgical Ward,Surgical & Post-Op Ward,80,86,0,1.075,107.5,1,1,0,RED,21,4,0
2026-06-12 21:00:00,Pediatrics,Pediatric Ward,40,43,0,1.075,107.5,2,1,1,RED,21,4,0
2026-06-12 22:00:00,Emergency,Emergency Department (ED),50,52,0,1.04,104.0,2,4,-2,RED,22,4,0
2026-06-12 22:00:00,ICU,Intensive Care Unit (ICU),30,32,0,1.0667,106.7,0,0,0,RED,22,4,0
2026-06-12 22:00:00,General Medicine,General Medicine Ward,120,129,0,1.075,107.5,5,3,2,RED,22,4,0
2026-06-12 22:00:00,Surgical Ward,Surgical & Post-Op Ward,80,86,0,1.075,107.5,5,4,1,RED,22,4,0
2026-06-12 22:00:00,Pediatrics,Pediatric Ward,40,43,0,1.075,107.5,0,0,0,RED,22,4,0
2026-06-12 23:00:00,Emergency,Emergency Department (ED),50,54,0,1.08,108.0,6,3,3,RED,23,4,0
2026-06-12 23:00:00,ICU,Intensive Care Unit (ICU),30,32,0,1.0667,106.7,1,0,1,RED,23,4,0
2026-06-12 23:00:00,General Medicine,General Medicine Ward,120,129,0,1.075,107.5,7,4,3,RED,23,4,0
2026-06-12 23:00:00,Surgical Ward,Surgical & Post-Op Ward,80,86,0,1.075,107.5,4,1,3,RED,23,4,0
2026-06-12 23:00:00,Pediatrics,Pediatric Ward,40,43,0,1.075,107.5,2,0,2,RED,23,4,0
2026-06-13 00:00:00,Emergency,Emergency Department (ED),50,54,0,1.08,108.0,3,1,2,RED,0,5,1
2026-06-13 00:00:00,ICU,Intensive Care Unit (ICU),30,32,0,1.0667,106.7,0,0,0,RED,0,5,1
2026-06-13 00:00:00,General Medicine,General Medicine Ward,120,124,0,1.0333,103.3,0,5,-5,RED,0,5,1
2026-06-13 00:00:00,Surgical Ward,Surgical & Post-Op Ward,80,86,0,1.075,107.5,0,0,0,RED,0,5,1
2026-06-13 00:00:00,Pediatrics,Pediatric Ward,40,43,0,1.075,107.5,2,2,0,RED,0,5,1
2026-06-13 01:00:00,Emergency,Emergency Department (ED),50,54,0,1.08,108.0,6,2,4,RED,1,5,1
2026-06-13 01:00:00,ICU,Intensive Care Unit (ICU),30,32,0,1.0667,106.7,1,0,1,RED,1,5,1
2026-06-13 01:00:00,General Medicine,General Medicine Ward,120,125,0,1.0417,104.2,1,0,1,RED,1,5,1
2026-06-13 01:00:00,Surgical Ward,Surgical & Post-Op Ward,80,86,0,1.075,107.5,1,1,0,RED,1,5,1
2026-06-13 01:00:00,Pediatrics,Pediatric Ward,40,43,0,1.075,107.5,2,1,1,RED,1,5,1
2026-06-13 02:00:00,Emergency,Emergency Department (ED),50,54,0,1.08,108.0,1,0,1,RED,2,5,1
2026-06-13 02:00:00,ICU,Intensive Care Unit (ICU),30,31,0,1.0333,103.3,1,2,-1,RED,2,5,1
2026-06-13 02:00:00,General Medicine,General Medicine Ward,120,125,0,1.0417,104.2,0,0,0,RED,2,5,1
2026-06-13 02:00:00,Surgical Ward,Surgical & Post-Op Ward,80,85,0,1.0625,106.2,0,1,-1,RED,2,5,1
2026-06-13 02:00:00,Pediatrics,Pediatric Ward,40,43,0,1.075,107.5,0,0,0,RED,2,5,1
2026-06-13 03:00:00,Emergency,Emergency Department (ED),50,54,0,1.08,108.0,0,0,0,RED,3,5,1
2026-06-13 03:00:00,ICU,Intensive Care Unit (ICU),30,31,0,1.0333,103.3,0,0,0,RED,3,5,1
2026-06-13 03:00:00,General Medicine,General Medicine Ward,120,125,0,1.0417,104.2,0,0,0,RED,3,5,1
2026-06-13 03:00:00,Surgical Ward,Surgical & Post-Op Ward,80,85,0,1.0625,106.2,0,0,0,RED,3,5,1
2026-06-13 03:00:00,Pediatrics,Pediatric Ward,40,43,0,1.075,107.5,1,0,1,RED,3,5,1
2026-06-13 04:00:00,Emergency,Emergency Department (ED),50,54,0,1.08,108.0,3,0,3,RED,4,5,1
2026-06-13 04:00:00,ICU,Intensive Care Unit (ICU),30,31,0,1.0333,103.3,0,0,0,RED,4,5,1
2026-06-13 04:00:00,General Medicine,General Medicine Ward,120,126,0,1.05,105.0,1,0,1,RED,4,5,1
2026-06-13 04:00:00,Surgical Ward,Surgical & Post-Op Ward,80,85,0,1.0625,106.2,1,1,0,RED,4,5,1
2026-06-13 04:00:00,Pediatrics,Pediatric Ward,40,43,0,1.075,107.5,0,0,0,RED,4,5,1
2026-06-13 05:00:00,Emergency,Emergency Department (ED),50,54,0,1.08,108.0,1,0,1,RED,5,5,1
2026-06-13 05:00:00,ICU,Intensive Care Unit (ICU),30,31,0,1.0333,103.3,0,0,0,RED,5,5,1
2026-06-13 05:00:00,General Medicine,General Medicine Ward,120,127,0,1.0583,105.8,1,0,1,RED,5,5,1
2026-06-13 05:00:00,Surgical Ward,Surgical & Post-Op Ward,80,84,0,1.05,105.0,2,3,-1,RED,5,5,1
2026-06-13 05:00:00,Pediatrics,Pediatric Ward,40,43,0,1.075,107.5,1,0,1,RED,5,5,1
2026-06-13 06:00:00,Emergency,Emergency Department (ED),50,54,0,1.08,108.0,1,1,0,RED,6,5,1
2026-06-13 06:00:00,ICU,Intensive Care Unit (ICU),30,31,0,1.0333,103.3,0,0,0,RED,6,5,1
2026-06-13 06:00:00,General Medicine,General Medicine Ward,120,126,0,1.05,105.0,5,6,-1,RED,6,5,1
2026-06-13 06:00:00,Surgical Ward,Surgical & Post-Op Ward,80,82,0,1.025,102.5,0,2,-2,RED,6,5,1
2026-06-13 06:00:00,Pediatrics,Pediatric Ward,40,43,0,1.075,107.5,3,2,1,RED,6,5,1
2026-06-13 07:00:00,Emergency,Emergency Department (ED),50,54,0,1.08,108.0,0,0,0,RED,7,5,1
2026-06-13 07:00:00,ICU,Intensive Care Unit (ICU),30,31,0,1.0333,103.3,1,1,0,RED,7,5,1
2026-06-13 07:00:00,General Medicine,General Medicine Ward,120,126,0,1.05,105.0,2,2,0,RED,7,5,1
2026-06-13 07:00:00,Surgical Ward,Surgical & Post-Op Ward,80,80,0,1.0,100.0,2,4,-2,RED,7,5,1
2026-06-13 07:00:00,Pediatrics,Pediatric Ward,40,42,0,1.05,105.0,0,1,-1,RED,7,5,1
2026-06-13 08:00:00,Emergency,Emergency Department (ED),50,50,0,1.0,100.0,1,5,-4,RED,8,5,1
2026-06-13 08:00:00,ICU,Intensive Care Unit (ICU),30,31,0,1.0333,103.3,0,0,0,RED,8,5,1
2026-06-13 08:00:00,General Medicine,General Medicine Ward,120,126,0,1.05,105.0,1,1,0,RED,8,5,1
2026-06-13 08:00:00,Surgical Ward,Surgical & Post-Op Ward,80,78,2,0.975,97.5,3,5,-2,RED,8,5,1
2026-06-13 08:00:00,Pediatrics,Pediatric Ward,40,43,0,1.075,107.5,2,0,2,RED,8,5,1
2026-06-13 09:00:00,Emergency,Emergency Department (ED),50,54,0,1.08,108.0,5,1,4,RED,9,5,1
2026-06-13 09:00:00,ICU,Intensive Care Unit (ICU),30,32,0,1.0667,106.7,2,0,2,RED,9,5,1
2026-06-13 09:00:00,General Medicine,General Medicine Ward,120,127,0,1.0583,105.8,3,2,1,RED,9,5,1
2026-06-13 09:00:00,Surgical Ward,Surgical & Post-Op Ward,80,79,1,0.9875,98.8,1,0,1,RED,9,5,1
2026-06-13 09:00:00,Pediatrics,Pediatric Ward,40,42,0,1.05,105.0,1,2,-1,RED,9,5,1
2026-06-13 10:00:00,Emergency,Emergency Department (ED),50,52,0,1.04,104.0,0,2,-2,RED,10,5,1
2026-06-13 10:00:00,ICU,Intensive Care Unit (ICU),30,32,0,1.0667,106.7,0,0,0,RED,10,5,1
2026-06-13 10:00:00,General Medicine,General Medicine Ward,120,126,0,1.05,105.0,3,4,-1,RED,10,5,1
2026-06-13 10:00:00,Surgical Ward,Surgical & Post-Op Ward,80,78,2,0.975,97.5,2,3,-1,RED,10,5,1
2026-06-13 10:00:00,Pediatrics,Pediatric Ward,40,40,0,1.0,100.0,0,2,-2,RED,10,5,1
2026-06-13 11:00:00,Emergency,Emergency Department (ED),50,54,0,1.08,108.0,6,4,2,RED,11,5,1
2026-06-13 11:00:00,ICU,Intensive Care Unit (ICU),30,31,0,1.0333,103.3,0,1,-1,RED,11,5,1
2026-06-13 11:00:00,General Medicine,General Medicine Ward,120,128,0,1.0667,106.7,4,2,2,RED,11,5,1
2026-06-13 11:00:00,Surgical Ward,Surgical & Post-Op Ward,80,73,7,0.9125,91.2,1,6,-5,RED,11,5,1
2026-06-13 11:00:00,Pediatrics,Pediatric Ward,40,43,0,1.075,107.5,5,2,3,RED,11,5,1
2026-06-13 12:00:00,Emergency,Emergency Department (ED),50,54,0,1.08,108.0,4,3,1,RED,12,5,1
2026-06-13 12:00:00,ICU,Intensive Care Unit (ICU),30,29,1,0.9667,96.7,0,2,-2,RED,12,5,1
2026-06-13 12:00:00,General Medicine,General Medicine Ward,120,126,0,1.05,105.0,4,6,-2,RED,12,5,1
2026-06-13 12:00:00,Surgical Ward,Surgical & Post-Op Ward,80,68,12,0.85,85.0,0,5,-5,AMBER,12,5,1
2026-06-13 12:00:00,Pediatrics,Pediatric Ward,40,43,0,1.075,107.5,3,0,3,RED,12,5,1
2026-06-13 13:00:00,Emergency,Emergency Department (ED),50,54,0,1.08,108.0,6,4,2,RED,13,5,1
2026-06-13 13:00:00,ICU,Intensive Care Unit (ICU),30,30,0,1.0,100.0,1,0,1,RED,13,5,1
2026-06-13 13:00:00,General Medicine,General Medicine Ward,120,119,1,0.9917,99.2,1,8,-7,RED,13,5,1
2026-06-13 13:00:00,Surgical Ward,Surgical & Post-Op Ward,80,64,16,0.8,80.0,0,4,-4,AMBER,13,5,1
2026-06-13 13:00:00,Pediatrics,Pediatric Ward,40,43,0,1.075,107.5,0,0,0,RED,13,5,1
2026-06-13 14:00:00,Emergency,Emergency Department (ED),50,54,0,1.08,108.0,7,5,2,RED,14,5,1
2026-06-13 14:00:00,ICU,Intensive Care Unit (ICU),30,30,0,1.0,100.0,1,1,0,RED,14,5,1
2026-06-13 14:00:00,General Medicine,General Medicine Ward,120,116,4,0.9667,96.7,3,6,-3,RED,14,5,1
2026-06-13 14:00:00,Surgical Ward,Surgical & Post-Op Ward,80,64,16,0.8,80.0,3,3,0,AMBER,14,5,1
2026-06-13 14:00:00,Pediatrics,Pediatric Ward,40,43,0,1.075,107.5,2,0,2,RED,14,5,1
2026-06-13 15:00:00,Emergency,Emergency Department (ED),50,54,0,1.08,108.0,9,4,5,RED,15,5,1
2026-06-13 15:00:00,ICU,Intensive Care Unit (ICU),30,30,0,1.0,100.0,0,0,0,RED,15,5,1
2026-06-13 15:00:00,General Medicine,General Medicine Ward,120,121,0,1.0083,100.8,7,2,5,RED,15,5,1
2026-06-13 15:00:00,Surgical Ward,Surgical & Post-Op Ward,80,63,17,0.7875,78.8,1,2,-1,AMBER,15,5,1
2026-06-13 15:00:00,Pediatrics,Pediatric Ward,40,41,0,1.025,102.5,0,2,-2,RED,15,5,1
2026-06-13 16:00:00,Emergency,Emergency Department (ED),50,54,0,1.08,108.0,4,3,1,RED,16,5,1
2026-06-13 16:00:00,ICU,Intensive Care Unit (ICU),30,30,0,1.0,100.0,0,0,0,RED,16,5,1
2026-06-13 16:00:00,General Medicine,General Medicine Ward,120,123,0,1.025,102.5,4,2,2,RED,16,5,1
2026-06-13 16:00:00,Surgical Ward,Surgical & Post-Op Ward,80,62,18,0.775,77.5,1,2,-1,AMBER,16,5,1
2026-06-13 16:00:00,Pediatrics,Pediatric Ward,40,43,0,1.075,107.5,3,1,2,RED,16,5,1
2026-06-13 17:00:00,Emergency,Emergency Department (ED),50,54,0,1.08,108.0,8,1,7,RED,17,5,1
2026-06-13 17:00:00,ICU,Intensive Care Unit (ICU),30,31,0,1.0333,103.3,1,0,1,RED,17,5,1
2026-06-13 17:00:00,General Medicine,General Medicine Ward,120,125,0,1.0417,104.2,4,2,2,RED,17,5,1
2026-06-13 17:00:00,Surgical Ward,Surgical & Post-Op Ward,80,59,21,0.7375,73.8,0,3,-3,GREEN,17,5,1
2026-06-13 17:00:00,Pediatrics,Pediatric Ward,40,43,0,1.075,107.5,1,0,1,RED,17,5,1
2026-06-13 18:00:00,Emergency,Emergency Department (ED),50,54,0,1.08,108.0,7,3,4,RED,18,5,1
2026-06-13 18:00:00,ICU,Intensive Care Unit (ICU),30,31,0,1.0333,103.3,0,0,0,RED,18,5,1
2026-06-13 18:00:00,General Medicine,General Medicine Ward,120,125,0,1.0417,104.2,5,5,0,RED,18,5,1
2026-06-13 18:00:00,Surgical Ward,Surgical & Post-Op Ward,80,59,21,0.7375,73.8,0,0,0,GREEN,18,5,1
2026-06-13 18:00:00,Pediatrics,Pediatric Ward,40,42,0,1.05,105.0,1,2,-1,RED,18,5,1
2026-06-13 19:00:00,Emergency,Emergency Department (ED),50,54,0,1.08,108.0,7,0,7,RED,19,5,1
2026-06-13 19:00:00,ICU,Intensive Care Unit (ICU),30,32,0,1.0667,106.7,1,0,1,RED,19,5,1
2026-06-13 19:00:00,General Medicine,General Medicine Ward,120,126,0,1.05,105.0,6,5,1,RED,19,5,1
2026-06-13 19:00:00,Surgical Ward,Surgical & Post-Op Ward,80,57,23,0.7125,71.2,0,2,-2,GREEN,19,5,1
2026-06-13 19:00:00,Pediatrics,Pediatric Ward,40,43,0,1.075,107.5,2,0,2,RED,19,5,1
2026-06-13 20:00:00,Emergency,Emergency Department (ED),50,54,0,1.08,108.0,6,2,4,RED,20,5,1
2026-06-13 20:00:00,ICU,Intensive Care Unit (ICU),30,32,0,1.0667,106.7,1,1,0,RED,20,5,1
2026-06-13 20:00:00,General Medicine,General Medicine Ward,120,123,0,1.025,102.5,0,3,-3,RED,20,5,1
2026-06-13 20:00:00,Surgical Ward,Surgical & Post-Op Ward,80,55,25,0.6875,68.8,0,2,-2,GREEN,20,5,1
2026-06-13 20:00:00,Pediatrics,Pediatric Ward,40,40,0,1.0,100.0,0,3,-3,RED,20,5,1
2026-06-13 21:00:00,Emergency,Emergency Department (ED),50,54,0,1.08,108.0,4,2,2,RED,21,5,1
2026-06-13 21:00:00,ICU,Intensive Care Unit (ICU),30,31,0,1.0333,103.3,0,1,-1,RED,21,5,1
2026-06-13 21:00:00,General Medicine,General Medicine Ward,120,123,0,1.025,102.5,2,2,0,RED,21,5,1
2026-06-13 21:00:00,Surgical Ward,Surgical & Post-Op Ward,80,55,25,0.6875,68.8,3,3,0,GREEN,21,5,1
2026-06-13 21:00:00,Pediatrics,Pediatric Ward,40,39,1,0.975,97.5,2,3,-1,RED,21,5,1
2026-06-13 22:00:00,Emergency,Emergency Department (ED),50,54,0,1.08,108.0,4,1,3,RED,22,5,1
2026-06-13 22:00:00,ICU,Intensive Care Unit (ICU),30,30,0,1.0,100.0,0,1,-1,RED,22,5,1
2026-06-13 22:00:00,General Medicine,General Medicine Ward,120,120,0,1.0,100.0,2,5,-3,RED,22,5,1
2026-06-13 22:00:00,Surgical Ward,Surgical & Post-Op Ward,80,55,25,0.6875,68.8,0,0,0,GREEN,22,5,1
2026-06-13 22:00:00,Pediatrics,Pediatric Ward,40,38,2,0.95,95.0,0,1,-1,RED,22,5,1
2026-06-13 23:00:00,Emergency,Emergency Department (ED),50,54,0,1.08,108.0,6,5,1,RED,23,5,1
2026-06-13 23:00:00,ICU,Intensive Care Unit (ICU),30,30,0,1.0,100.0,1,1,0,RED,23,5,1
2026-06-13 23:00:00,General Medicine,General Medicine Ward,120,116,4,0.9667,96.7,0,4,-4,RED,23,5,1
2026-06-13 23:00:00,Surgical Ward,Surgical & Post-Op Ward,80,55,25,0.6875,68.8,1,1,0,GREEN,23,5,1
2026-06-13 23:00:00,Pediatrics,Pediatric Ward,40,36,4,0.9,90.0,0,2,-2,RED,23,5,1
2026-06-14 00:00:00,Emergency,Emergency Department (ED),50,54,0,1.08,108.0,6,6,0,RED,0,6,1
2026-06-14 00:00:00,ICU,Intensive Care Unit (ICU),30,30,0,1.0,100.0,0,0,0,RED,0,6,1
2026-06-14 00:00:00,General Medicine,General Medicine Ward,120,120,0,1.0,100.0,6,2,4,RED,0,6,1
2026-06-14 00:00:00,Surgical Ward,Surgical & Post-Op Ward,80,55,25,0.6875,68.8,0,0,0,GREEN,0,6,1
2026-06-14 00:00:00,Pediatrics,Pediatric Ward,40,37,3,0.925,92.5,2,1,1,RED,0,6,1
2026-06-14 01:00:00,Emergency,Emergency Department (ED),50,54,0,1.08,108.0,5,3,2,RED,1,6,1
2026-06-14 01:00:00,ICU,Intensive Care Unit (ICU),30,30,0,1.0,100.0,1,1,0,RED,1,6,1
2026-06-14 01:00:00,General Medicine,General Medicine Ward,120,120,0,1.0,100.0,1,1,0,RED,1,6,1
2026-06-14 01:00:00,Surgical Ward,Surgical & Post-Op Ward,80,56,24,0.7,70.0,1,0,1,GREEN,1,6,1
2026-06-14 01:00:00,Pediatrics,Pediatric Ward,40,35,5,0.875,87.5,0,2,-2,AMBER,1,6,1
2026-06-14 02:00:00,Emergency,Emergency Department (ED),50,54,0,1.08,108.0,0,0,0,RED,2,6,1
2026-06-14 02:00:00,ICU,Intensive Care Unit (ICU),30,28,2,0.9333,93.3,0,2,-2,RED,2,6,1
2026-06-14 02:00:00,General Medicine,General Medicine Ward,120,119,1,0.9917,99.2,0,1,-1,RED,2,6,1
2026-06-14 02:00:00,Surgical Ward,Surgical & Post-Op Ward,80,55,25,0.6875,68.8,0,1,-1,GREEN,2,6,1
2026-06-14 02:00:00,Pediatrics,Pediatric Ward,40,35,5,0.875,87.5,0,0,0,AMBER,2,6,1
2026-06-14 03:00:00,Emergency,Emergency Department (ED),50,54,0,1.08,108.0,1,0,1,RED,3,6,1
2026-06-14 03:00:00,ICU,Intensive Care Unit (ICU),30,27,3,0.9,90.0,0,1,-1,RED,3,6,1
2026-06-14 03:00:00,General Medicine,General Medicine Ward,120,119,1,0.9917,99.2,0,0,0,RED,3,6,1
2026-06-14 03:00:00,Surgical Ward,Surgical & Post-Op Ward,80,57,23,0.7125,71.2,2,0,2,GREEN,3,6,1
2026-06-14 03:00:00,Pediatrics,Pediatric Ward,40,35,5,0.875,87.5,0,0,0,AMBER,3,6,1
2026-06-14 04:00:00,Emergency,Emergency Department (ED),50,54,0,1.08,108.0,0,0,0,RED,4,6,1
2026-06-14 04:00:00,ICU,Intensive Care Unit (ICU),30,27,3,0.9,90.0,0,0,0,RED,4,6,1
2026-06-14 04:00:00,General Medicine,General Medicine Ward,120,119,1,0.9917,99.2,0,0,0,RED,4,6,1
2026-06-14 04:00:00,Surgical Ward,Surgical & Post-Op Ward,80,56,24,0.7,70.0,0,1,-1,GREEN,4,6,1
2026-06-14 04:00:00,Pediatrics,Pediatric Ward,40,35,5,0.875,87.5,0,0,0,AMBER,4,6,1
2026-06-14 05:00:00,Emergency,Emergency Department (ED),50,54,0,1.08,108.0,2,0,2,RED,5,6,1
2026-06-14 05:00:00,ICU,Intensive Care Unit (ICU),30,27,3,0.9,90.0,0,0,0,RED,5,6,1
2026-06-14 05:00:00,General Medicine,General Medicine Ward,120,119,1,0.9917,99.2,0,0,0,RED,5,6,1
2026-06-14 05:00:00,Surgical Ward,Surgical & Post-Op Ward,80,52,28,0.65,65.0,1,5,-4,GREEN,5,6,1
2026-06-14 05:00:00,Pediatrics,Pediatric Ward,40,35,5,0.875,87.5,0,0,0,AMBER,5,6,1
2026-06-14 06:00:00,Emergency,Emergency Department (ED),50,54,0,1.08,108.0,0,0,0,RED,6,6,1
2026-06-14 06:00:00,ICU,Intensive Care Unit (ICU),30,27,3,0.9,90.0,0,0,0,RED,6,6,1
2026-06-14 06:00:00,General Medicine,General Medicine Ward,120,118,2,0.9833,98.3,2,3,-1,RED,6,6,1
2026-06-14 06:00:00,Surgical Ward,Surgical & Post-Op Ward,80,48,32,0.6,60.0,0,4,-4,GREEN,6,6,1
2026-06-14 06:00:00,Pediatrics,Pediatric Ward,40,39,1,0.975,97.5,4,0,4,RED,6,6,1
2026-06-14 07:00:00,Emergency,Emergency Department (ED),50,54,0,1.08,108.0,3,3,0,RED,7,6,1
2026-06-14 07:00:00,ICU,Intensive Care Unit (ICU),30,28,2,0.9333,93.3,1,0,1,RED,7,6,1
2026-06-14 07:00:00,General Medicine,General Medicine Ward,120,116,4,0.9667,96.7,2,4,-2,RED,7,6,1
2026-06-14 07:00:00,Surgical Ward,Surgical & Post-Op Ward,80,43,37,0.5375,53.8,0,5,-5,GREEN,7,6,1
2026-06-14 07:00:00,Pediatrics,Pediatric Ward,40,41,0,1.025,102.5,2,0,2,RED,7,6,1
2026-06-14 08:00:00,Emergency,Emergency Department (ED),50,54,0,1.08,108.0,3,1,2,RED,8,6,1
2026-06-14 08:00:00,ICU,Intensive Care Unit (ICU),30,30,0,1.0,100.0,2,0,2,RED,8,6,1
2026-06-14 08:00:00,General Medicine,General Medicine Ward,120,112,8,0.9333,93.3,2,6,-4,RED,8,6,1
2026-06-14 08:00:00,Surgical Ward,Surgical & Post-Op Ward,80,45,35,0.5625,56.2,3,1,2,GREEN,8,6,1
2026-06-14 08:00:00,Pediatrics,Pediatric Ward,40,43,0,1.075,107.5,2,0,2,RED,8,6,1
2026-06-14 09:00:00,Emergency,Emergency Department (ED),50,54,0,1.08,108.0,3,2,1,RED,9,6,1
2026-06-14 09:00:00,ICU,Intensive Care Unit (ICU),30,30,0,1.0,100.0,1,1,0,RED,9,6,1
2026-06-14 09:00:00,General Medicine,General Medicine Ward,120,118,2,0.9833,98.3,6,0,6,RED,9,6,1
2026-06-14 09:00:00,Surgical Ward,Surgical & Post-Op Ward,80,45,35,0.5625,56.2,5,5,0,GREEN,9,6,1
2026-06-14 09:00:00,Pediatrics,Pediatric Ward,40,43,0,1.075,107.5,1,0,1,RED,9,6,1
2026-06-14 10:00:00,Emergency,Emergency Department (ED),50,48,2,0.96,96.0,0,6,-6,RED,10,6,1
2026-06-14 10:00:00,ICU,Intensive Care Unit (ICU),30,29,1,0.9667,96.7,0,1,-1,RED,10,6,1
2026-06-14 10:00:00,General Medicine,General Medicine Ward,120,119,1,0.9917,99.2,2,1,1,RED,10,6,1
2026-06-14 10:00:00,Surgical Ward,Surgical & Post-Op Ward,80,43,37,0.5375,53.8,2,4,-2,GREEN,10,6,1
2026-06-14 10:00:00,Pediatrics,Pediatric Ward,40,41,0,1.025,102.5,1,3,-2,RED,10,6,1
2026-06-14 11:00:00,Emergency,Emergency Department (ED),50,50,0,1.0,100.0,7,5,2,RED,11,6,1
2026-06-14 11:00:00,ICU,Intensive Care Unit (ICU),30,30,0,1.0,100.0,1,0,1,RED,11,6,1
2026-06-14 11:00:00,General Medicine,General Medicine Ward,120,117,3,0.975,97.5,1,3,-2,RED,11,6,1
2026-06-14 11:00:00,Surgical Ward,Surgical & Post-Op Ward,80,41,39,0.5125,51.2,1,3,-2,GREEN,11,6,1
2026-06-14 11:00:00,Pediatrics,Pediatric Ward,40,38,2,0.95,95.0,2,5,-3,RED,11,6,1
2026-06-14 12:00:00,Emergency,Emergency Department (ED),50,53,0,1.06,106.0,5,2,3,RED,12,6,1
2026-06-14 12:00:00,ICU,Intensive Care Unit (ICU),30,30,0,1.0,100.0,0,0,0,RED,12,6,1
2026-06-14 12:00:00,General Medicine,General Medicine Ward,120,112,8,0.9333,93.3,1,6,-5,RED,12,6,1
2026-06-14 12:00:00,Surgical Ward,Surgical & Post-Op Ward,80,40,40,0.5,50.0,0,1,-1,GREEN,12,6,1
2026-06-14 12:00:00,Pediatrics,Pediatric Ward,40,38,2,0.95,95.0,2,2,0,RED,12,6,1
2026-06-14 13:00:00,Emergency,Emergency Department (ED),50,53,0,1.06,106.0,4,4,0,RED,13,6,1
2026-06-14 13:00:00,ICU,Intensive Care Unit (ICU),30,30,0,1.0,100.0,0,0,0,RED,13,6,1
2026-06-14 13:00:00,General Medicine,General Medicine Ward,120,109,11,0.9083,90.8,0,3,-3,RED,13,6,1
2026-06-14 13:00:00,Surgical Ward,Surgical & Post-Op Ward,80,39,41,0.4875,48.8,0,1,-1,GREEN,13,6,1
2026-06-14 13:00:00,Pediatrics,Pediatric Ward,40,38,2,0.95,95.0,1,1,0,RED,13,6,1
2026-06-14 14:00:00,Emergency,Emergency Department (ED),50,51,0,1.02,102.0,1,3,-2,RED,14,6,1
2026-06-14 14:00:00,ICU,Intensive Care Unit (ICU),30,31,0,1.0333,103.3,1,0,1,RED,14,6,1
2026-06-14 14:00:00,General Medicine,General Medicine Ward,120,109,11,0.9083,90.8,6,6,0,RED,14,6,1
2026-06-14 14:00:00,Surgical Ward,Surgical & Post-Op Ward,80,38,42,0.475,47.5,2,3,-1,GREEN,14,6,1
2026-06-14 14:00:00,Pediatrics,Pediatric Ward,40,38,2,0.95,95.0,2,2,0,RED,14,6,1
2026-06-14 15:00:00,Emergency,Emergency Department (ED),50,48,2,0.96,96.0,1,4,-3,RED,15,6,1
2026-06-14 15:00:00,ICU,Intensive Care Unit (ICU),30,30,0,1.0,100.0,0,1,-1,RED,15,6,1
2026-06-14 15:00:00,General Medicine,General Medicine Ward,120,107,13,0.8917,89.2,0,2,-2,AMBER,15,6,1
2026-06-14 15:00:00,Surgical Ward,Surgical & Post-Op Ward,80,36,44,0.45,45.0,0,2,-2,GREEN,15,6,1
2026-06-14 15:00:00,Pediatrics,Pediatric Ward,40,37,3,0.925,92.5,1,2,-1,RED,15,6,1
2026-06-14 16:00:00,Emergency,Emergency Department (ED),50,53,0,1.06,106.0,5,0,5,RED,16,6,1
2026-06-14 16:00:00,ICU,Intensive Care Unit (ICU),30,32,0,1.0667,106.7,2,0,2,RED,16,6,1
2026-06-14 16:00:00,General Medicine,General Medicine Ward,120,109,11,0.9083,90.8,3,1,2,RED,16,6,1
2026-06-14 16:00:00,Surgical Ward,Surgical & Post-Op Ward,80,36,44,0.45,45.0,0,0,0,GREEN,16,6,1
2026-06-14 16:00:00,Pediatrics,Pediatric Ward,40,39,1,0.975,97.5,3,1,2,RED,16,6,1
2026-06-14 17:00:00,Emergency,Emergency Department (ED),50,54,0,1.08,108.0,5,2,3,RED,17,6,1
2026-06-14 17:00:00,ICU,Intensive Care Unit (ICU),30,32,0,1.0667,106.7,0,0,0,RED,17,6,1
2026-06-14 17:00:00,General Medicine,General Medicine Ward,120,108,12,0.9,90.0,2,3,-1,RED,17,6,1
2026-06-14 17:00:00,Surgical Ward,Surgical & Post-Op Ward,80,36,44,0.45,45.0,1,1,0,GREEN,17,6,1
2026-06-14 17:00:00,Pediatrics,Pediatric Ward,40,40,0,1.0,100.0,2,1,1,RED,17,6,1
2026-06-14 18:00:00,Emergency,Emergency Department (ED),50,54,0,1.08,108.0,7,6,1,RED,18,6,1
2026-06-14 18:00:00,ICU,Intensive Care Unit (ICU),30,32,0,1.0667,106.7,0,0,0,RED,18,6,1
2026-06-14 18:00:00,General Medicine,General Medicine Ward,120,106,14,0.8833,88.3,1,3,-2,AMBER,18,6,1
2026-06-14 18:00:00,Surgical Ward,Surgical & Post-Op Ward,80,35,45,0.4375,43.8,0,1,-1,GREEN,18,6,1
2026-06-14 18:00:00,Pediatrics,Pediatric Ward,40,42,0,1.05,105.0,3,1,2,RED,18,6,1
2026-06-14 19:00:00,Emergency,Emergency Department (ED),50,54,0,1.08,108.0,9,4,5,RED,19,6,1
2026-06-14 19:00:00,ICU,Intensive Care Unit (ICU),30,32,0,1.0667,106.7,1,0,1,RED,19,6,1
2026-06-14 19:00:00,General Medicine,General Medicine Ward,120,103,17,0.8583,85.8,2,5,-3,AMBER,19,6,1
2026-06-14 19:00:00,Surgical Ward,Surgical & Post-Op Ward,80,37,43,0.4625,46.2,2,0,2,GREEN,19,6,1
2026-06-14 19:00:00,Pediatrics,Pediatric Ward,40,42,0,1.05,105.0,0,0,0,RED,19,6,1
2026-06-14 20:00:00,Emergency,Emergency Department (ED),50,53,0,1.06,106.0,3,4,-1,RED,20,6,1
2026-06-14 20:00:00,ICU,Intensive Care Unit (ICU),30,32,0,1.0667,106.7,3,0,3,RED,20,6,1
2026-06-14 20:00:00,General Medicine,General Medicine Ward,120,99,21,0.825,82.5,3,7,-4,AMBER,20,6,1
2026-06-14 20:00:00,Surgical Ward,Surgical & Post-Op Ward,80,35,45,0.4375,43.8,1,3,-2,GREEN,20,6,1
2026-06-14 20:00:00,Pediatrics,Pediatric Ward,40,43,0,1.075,107.5,2,1,1,RED,20,6,1
2026-06-14 21:00:00,Emergency,Emergency Department (ED),50,54,0,1.08,108.0,8,3,5,RED,21,6,1
2026-06-14 21:00:00,ICU,Intensive Care Unit (ICU),30,32,0,1.0667,106.7,1,0,1,RED,21,6,1
2026-06-14 21:00:00,General Medicine,General Medicine Ward,120,102,18,0.85,85.0,3,0,3,AMBER,21,6,1
2026-06-14 21:00:00,Surgical Ward,Surgical & Post-Op Ward,80,34,46,0.425,42.5,1,2,-1,GREEN,21,6,1
2026-06-14 21:00:00,Pediatrics,Pediatric Ward,40,43,0,1.075,107.5,2,0,2,RED,21,6,1
2026-06-14 22:00:00,Emergency,Emergency Department (ED),50,54,0,1.08,108.0,6,3,3,RED,22,6,1
2026-06-14 22:00:00,ICU,Intensive Care Unit (ICU),30,32,0,1.0667,106.7,0,0,0,RED,22,6,1
2026-06-14 22:00:00,General Medicine,General Medicine Ward,120,103,17,0.8583,85.8,1,0,1,AMBER,22,6,1
2026-06-14 22:00:00,Surgical Ward,Surgical & Post-Op Ward,80,35,45,0.4375,43.8,1,0,1,GREEN,22,6,1
2026-06-14 22:00:00,Pediatrics,Pediatric Ward,40,42,0,1.05,105.0,2,3,-1,RED,22,6,1
2026-06-14 23:00:00,Emergency,Emergency Department (ED),50,54,0,1.08,108.0,4,4,0,RED,23,6,1
2026-06-14 23:00:00,ICU,Intensive Care Unit (ICU),30,32,0,1.0667,106.7,2,1,1,RED,23,6,1
2026-06-14 23:00:00,General Medicine,General Medicine Ward,120,109,11,0.9083,90.8,7,1,6,RED,23,6,1
2026-06-14 23:00:00,Surgical Ward,Surgical & Post-Op Ward,80,32,48,0.4,40.0,0,3,-3,GREEN,23,6,1
2026-06-14 23:00:00,Pediatrics,Pediatric Ward,40,41,0,1.025,102.5,0,1,-1,RED,23,6,1
2026-06-15 00:00:00,Emergency,Emergency Department (ED),50,52,0,1.04,104.0,3,5,-2,RED,0,0,0
2026-06-15 00:00:00,ICU,Intensive Care Unit (ICU),30,32,0,1.0667,106.7,1,1,0,RED,0,0,0
2026-06-15 00:00:00,General Medicine,General Medicine Ward,120,111,9,0.925,92.5,5,3,2,RED,0,0,0
2026-06-15 00:00:00,Surgical Ward,Surgical & Post-Op Ward,80,33,47,0.4125,41.2,1,0,1,GREEN,0,0,0
2026-06-15 00:00:00,Pediatrics,Pediatric Ward,40,43,0,1.075,107.5,2,0,2,RED,0,0,0
2026-06-15 01:00:00,Emergency,Emergency Department (ED),50,54,0,1.08,108.0,4,2,2,RED,1,0,0
2026-06-15 01:00:00,ICU,Intensive Care Unit (ICU),30,32,0,1.0667,106.7,1,1,0,RED,1,0,0
2026-06-15 01:00:00,General Medicine,General Medicine Ward,120,112,8,0.9333,93.3,1,0,1,RED,1,0,0
2026-06-15 01:00:00,Surgical Ward,Surgical & Post-Op Ward,80,33,47,0.4125,41.2,0,0,0,GREEN,1,0,0
2026-06-15 01:00:00,Pediatrics,Pediatric Ward,40,43,0,1.075,107.5,2,1,1,RED,1,0,0
2026-06-15 02:00:00,Emergency,Emergency Department (ED),50,53,0,1.06,106.0,0,1,-1,RED,2,0,0
2026-06-15 02:00:00,ICU,Intensive Care Unit (ICU),30,32,0,1.0667,106.7,1,1,0,RED,2,0,0
2026-06-15 02:00:00,General Medicine,General Medicine Ward,120,114,6,0.95,95.0,4,2,2,RED,2,0,0
2026-06-15 02:00:00,Surgical Ward,Surgical & Post-Op Ward,80,34,46,0.425,42.5,1,0,1,GREEN,2,0,0
2026-06-15 02:00:00,Pediatrics,Pediatric Ward,40,43,0,1.075,107.5,1,1,0,RED,2,0,0
2026-06-15 03:00:00,Emergency,Emergency Department (ED),50,53,0,1.06,106.0,0,0,0,RED,3,0,0
2026-06-15 03:00:00,ICU,Intensive Care Unit (ICU),30,32,0,1.0667,106.7,0,0,0,RED,3,0,0
2026-06-15 03:00:00,General Medicine,General Medicine Ward,120,115,5,0.9583,95.8,2,1,1,RED,3,0,0
2026-06-15 03:00:00,Surgical Ward,Surgical & Post-Op Ward,80,34,46,0.425,42.5,0,0,0,GREEN,3,0,0
2026-06-15 03:00:00,Pediatrics,Pediatric Ward,40,43,0,1.075,107.5,1,0,1,RED,3,0,0
2026-06-15 04:00:00,Emergency,Emergency Department (ED),50,53,0,1.06,106.0,0,0,0,RED,4,0,0
2026-06-15 04:00:00,ICU,Intensive Care Unit (ICU),30,32,0,1.0667,106.7,0,0,0,RED,4,0,0
2026-06-15 04:00:00,General Medicine,General Medicine Ward,120,117,3,0.975,97.5,3,1,2,RED,4,0,0
2026-06-15 04:00:00,Surgical Ward,Surgical & Post-Op Ward,80,34,46,0.425,42.5,0,0,0,GREEN,4,0,0
2026-06-15 04:00:00,Pediatrics,Pediatric Ward,40,42,0,1.05,105.0,1,2,-1,RED,4,0,0
2026-06-15 05:00:00,Emergency,Emergency Department (ED),50,53,0,1.06,106.0,0,0,0,RED,5,0,0
2026-06-15 05:00:00,ICU,Intensive Care Unit (ICU),30,32,0,1.0667,106.7,0,0,0,RED,5,0,0
2026-06-15 05:00:00,General Medicine,General Medicine Ward,120,119,1,0.9917,99.2,2,0,2,RED,5,0,0
2026-06-15 05:00:00,Surgical Ward,Surgical & Post-Op Ward,80,32,48,0.4,40.0,1,3,-2,GREEN,5,0,0
2026-06-15 05:00:00,Pediatrics,Pediatric Ward,40,42,0,1.05,105.0,1,1,0,RED,5,0,0
2026-06-15 06:00:00,Emergency,Emergency Department (ED),50,54,0,1.08,108.0,1,0,1,RED,6,0,0
2026-06-15 06:00:00,ICU,Intensive Care Unit (ICU),30,32,0,1.0667,106.7,1,0,1,RED,6,0,0
2026-06-15 06:00:00,General Medicine,General Medicine Ward,120,119,1,0.9917,99.2,0,0,0,RED,6,0,0
2026-06-15 06:00:00,Surgical Ward,Surgical & Post-Op Ward,80,33,47,0.4125,41.2,5,4,1,GREEN,6,0,0
2026-06-15 06:00:00,Pediatrics,Pediatric Ward,40,43,0,1.075,107.5,1,0,1,RED,6,0,0
2026-06-15 07:00:00,Emergency,Emergency Department (ED),50,54,0,1.08,108.0,3,0,3,RED,7,0,0
2026-06-15 07:00:00,ICU,Intensive Care Unit (ICU),30,30,0,1.0,100.0,0,2,-2,RED,7,0,0
2026-06-15 07:00:00,General Medicine,General Medicine Ward,120,120,0,1.0,100.0,3,2,1,RED,7,0,0
2026-06-15 07:00:00,Surgical Ward,Surgical & Post-Op Ward,80,31,49,0.3875,38.8,0,2,-2,GREEN,7,0,0
2026-06-15 07:00:00,Pediatrics,Pediatric Ward,40,42,0,1.05,105.0,0,1,-1,RED,7,0,0
2026-06-15 08:00:00,Emergency,Emergency Department (ED),50,52,0,1.04,104.0,3,5,-2,RED,8,0,0
2026-06-15 08:00:00,ICU,Intensive Care Unit (ICU),30,30,0,1.0,100.0,1,1,0,RED,8,0,0
2026-06-15 08:00:00,General Medicine,General Medicine Ward,120,118,2,0.9833,98.3,1,3,-2,RED,8,0,0
2026-06-15 08:00:00,Surgical Ward,Surgical & Post-Op Ward,80,34,46,0.425,42.5,5,2,3,GREEN,8,0,0
2026-06-15 08:00:00,Pediatrics,Pediatric Ward,40,43,0,1.075,107.5,2,1,1,RED,8,0,0
2026-06-15 09:00:00,Emergency,Emergency Department (ED),50,53,0,1.06,106.0,1,0,1,RED,9,0,0
2026-06-15 09:00:00,ICU,Intensive Care Unit (ICU),30,29,1,0.9667,96.7,0,1,-1,RED,9,0,0
2026-06-15 09:00:00,General Medicine,General Medicine Ward,120,119,1,0.9917,99.2,6,5,1,RED,9,0,0
2026-06-15 09:00:00,Surgical Ward,Surgical & Post-Op Ward,80,35,45,0.4375,43.8,5,4,1,GREEN,9,0,0
2026-06-15 09:00:00,Pediatrics,Pediatric Ward,40,43,0,1.075,107.5,1,0,1,RED,9,0,0
2026-06-15 10:00:00,Emergency,Emergency Department (ED),50,54,0,1.08,108.0,4,2,2,RED,10,0,0
2026-06-15 10:00:00,ICU,Intensive Care Unit (ICU),30,29,1,0.9667,96.7,0,0,0,RED,10,0,0
2026-06-15 10:00:00,General Medicine,General Medicine Ward,120,117,3,0.975,97.5,4,6,-2,RED,10,0,0
2026-06-15 10:00:00,Surgical Ward,Surgical & Post-Op Ward,80,40,40,0.5,50.0,6,1,5,GREEN,10,0,0
2026-06-15 10:00:00,Pediatrics,Pediatric Ward,40,43,0,1.075,107.5,2,1,1,RED,10,0,0
2026-06-15 11:00:00,Emergency,Emergency Department (ED),50,49,1,0.98,98.0,0,5,-5,RED,11,0,0
2026-06-15 11:00:00,ICU,Intensive Care Unit (ICU),30,28,2,0.9333,93.3,0,1,-1,RED,11,0,0
2026-06-15 11:00:00,General Medicine,General Medicine Ward,120,113,7,0.9417,94.2,2,6,-4,RED,11,0,0
2026-06-15 11:00:00,Surgical Ward,Surgical & Post-Op Ward,80,43,37,0.5375,53.8,7,4,3,GREEN,11,0,0
2026-06-15 11:00:00,Pediatrics,Pediatric Ward,40,43,0,1.075,107.5,3,1,2,RED,11,0,0
2026-06-15 12:00:00,Emergency,Emergency Department (ED),50,51,0,1.02,102.0,3,1,2,RED,12,0,0
2026-06-15 12:00:00,ICU,Intensive Care Unit (ICU),30,28,2,0.9333,93.3,2,2,0,RED,12,0,0
2026-06-15 12:00:00,General Medicine,General Medicine Ward,120,112,8,0.9333,93.3,3,4,-1,RED,12,0,0
2026-06-15 12:00:00,Surgical Ward,Surgical & Post-Op Ward,80,44,36,0.55,55.0,1,0,1,GREEN,12,0,0
2026-06-15 12:00:00,Pediatrics,Pediatric Ward,40,43,0,1.075,107.5,0,0,0,RED,12,0,0
2026-06-15 13:00:00,Emergency,Emergency Department (ED),50,47,3,0.94,94.0,0,4,-4,RED,13,0,0
2026-06-15 13:00:00,ICU,Intensive Care Unit (ICU),30,28,2,0.9333,93.3,0,0,0,RED,13,0,0
2026-06-15 13:00:00,General Medicine,General Medicine Ward,120,106,14,0.8833,88.3,0,6,-6,AMBER,13,0,0
2026-06-15 13:00:00,Surgical Ward,Surgical & Post-Op Ward,80,43,37,0.5375,53.8,1,2,-1,GREEN,13,0,0
2026-06-15 13:00:00,Pediatrics,Pediatric Ward,40,43,0,1.075,107.5,2,1,1,RED,13,0,0
2026-06-15 14:00:00,Emergency,Emergency Department (ED),50,47,3,0.94,94.0,4,4,0,RED,14,0,0
2026-06-15 14:00:00,ICU,Intensive Care Unit (ICU),30,29,1,0.9667,96.7,1,0,1,RED,14,0,0
2026-06-15 14:00:00,General Medicine,General Medicine Ward,120,107,13,0.8917,89.2,6,5,1,AMBER,14,0,0
2026-06-15 14:00:00,Surgical Ward,Surgical & Post-Op Ward,80,46,34,0.575,57.5,5,2,3,GREEN,14,0,0
2026-06-15 14:00:00,Pediatrics,Pediatric Ward,40,43,0,1.075,107.5,2,2,0,RED,14,0,0
2026-06-15 15:00:00,Emergency,Emergency Department (ED),50,48,2,0.96,96.0,4,3,1,RED,15,0,0
2026-06-15 15:00:00,ICU,Intensive Care Unit (ICU),30,29,1,0.9667,96.7,0,0,0,RED,15,0,0
2026-06-15 15:00:00,General Medicine,General Medicine Ward,120,110,10,0.9167,91.7,4,1,3,RED,15,0,0
2026-06-15 15:00:00,Surgical Ward,Surgical & Post-Op Ward,80,47,33,0.5875,58.8,3,2,1,GREEN,15,0,0
2026-06-15 15:00:00,Pediatrics,Pediatric Ward,40,42,0,1.05,105.0,1,2,-1,RED,15,0,0
2026-06-15 16:00:00,Emergency,Emergency Department (ED),50,53,0,1.06,106.0,7,2,5,RED,16,0,0
2026-06-15 16:00:00,ICU,Intensive Care Unit (ICU),30,28,2,0.9333,93.3,0,1,-1,RED,16,0,0
2026-06-15 16:00:00,General Medicine,General Medicine Ward,120,110,10,0.9167,91.7,1,1,0,RED,16,0,0
2026-06-15 16:00:00,Surgical Ward,Surgical & Post-Op Ward,80,45,35,0.5625,56.2,2,4,-2,GREEN,16,0,0
2026-06-15 16:00:00,Pediatrics,Pediatric Ward,40,42,0,1.05,105.0,0,0,0,RED,16,0,0
2026-06-15 17:00:00,Emergency,Emergency Department (ED),50,53,0,1.06,106.0,3,3,0,RED,17,0,0
2026-06-15 17:00:00,ICU,Intensive Care Unit (ICU),30,28,2,0.9333,93.3,0,0,0,RED,17,0,0
2026-06-15 17:00:00,General Medicine,General Medicine Ward,120,115,5,0.9583,95.8,9,4,5,RED,17,0,0
2026-06-15 17:00:00,Surgical Ward,Surgical & Post-Op Ward,80,43,37,0.5375,53.8,1,3,-2,GREEN,17,0,0
2026-06-15 17:00:00,Pediatrics,Pediatric Ward,40,43,0,1.075,107.5,2,0,2,RED,17,0,0
2026-06-15 18:00:00,Emergency,Emergency Department (ED),50,54,0,1.08,108.0,3,1,2,RED,18,0,0
2026-06-15 18:00:00,ICU,Intensive Care Unit (ICU),30,27,3,0.9,90.0,0,1,-1,RED,18,0,0
2026-06-15 18:00:00,General Medicine,General Medicine Ward,120,121,0,1.0083,100.8,6,0,6,RED,18,0,0
2026-06-15 18:00:00,Surgical Ward,Surgical & Post-Op Ward,80,47,33,0.5875,58.8,4,0,4,GREEN,18,0,0
2026-06-15 18:00:00,Pediatrics,Pediatric Ward,40,43,0,1.075,107.5,2,1,1,RED,18,0,0
2026-06-15 19:00:00,Emergency,Emergency Department (ED),50,54,0,1.08,108.0,7,2,5,RED,19,0,0
2026-06-15 19:00:00,ICU,Intensive Care Unit (ICU),30,26,4,0.8667,86.7,1,2,-1,AMBER,19,0,0
2026-06-15 19:00:00,General Medicine,General Medicine Ward,120,123,0,1.025,102.5,7,5,2,RED,19,0,0
2026-06-15 19:00:00,Surgical Ward,Surgical & Post-Op Ward,80,48,32,0.6,60.0,4,3,1,GREEN,19,0,0
2026-06-15 19:00:00,Pediatrics,Pediatric Ward,40,43,0,1.075,107.5,3,2,1,RED,19,0,0
2026-06-15 20:00:00,Emergency,Emergency Department (ED),50,54,0,1.08,108.0,3,2,1,RED,20,0,0
2026-06-15 20:00:00,ICU,Intensive Care Unit (ICU),30,27,3,0.9,90.0,1,0,1,RED,20,0,0
2026-06-15 20:00:00,General Medicine,General Medicine Ward,120,120,0,1.0,100.0,3,6,-3,RED,20,0,0
2026-06-15 20:00:00,Surgical Ward,Surgical & Post-Op Ward,80,46,34,0.575,57.5,1,3,-2,GREEN,20,0,0
2026-06-15 20:00:00,Pediatrics,Pediatric Ward,40,42,0,1.05,105.0,1,2,-1,RED,20,0,0
2026-06-15 21:00:00,Emergency,Emergency Department (ED),50,54,0,1.08,108.0,3,1,2,RED,21,0,0
2026-06-15 21:00:00,ICU,Intensive Care Unit (ICU),30,27,3,0.9,90.0,0,0,0,RED,21,0,0
2026-06-15 21:00:00,General Medicine,General Medicine Ward,120,124,0,1.0333,103.3,7,3,4,RED,21,0,0
2026-06-15 21:00:00,Surgical Ward,Surgical & Post-Op Ward,80,50,30,0.625,62.5,4,0,4,GREEN,21,0,0
2026-06-15 21:00:00,Pediatrics,Pediatric Ward,40,41,0,1.025,102.5,2,3,-1,RED,21,0,0
2026-06-15 22:00:00,Emergency,Emergency Department (ED),50,54,0,1.08,108.0,5,0,5,RED,22,0,0
2026-06-15 22:00:00,ICU,Intensive Care Unit (ICU),30,28,2,0.9333,93.3,1,0,1,RED,22,0,0
2026-06-15 22:00:00,General Medicine,General Medicine Ward,120,124,0,1.0333,103.3,1,1,0,RED,22,0,0
2026-06-15 22:00:00,Surgical Ward,Surgical & Post-Op Ward,80,47,33,0.5875,58.8,0,3,-3,GREEN,22,0,0
2026-06-15 22:00:00,Pediatrics,Pediatric Ward,40,41,0,1.025,102.5,0,0,0,RED,22,0,0
2026-06-15 23:00:00,Emergency,Emergency Department (ED),50,54,0,1.08,108.0,3,3,0,RED,23,0,0
2026-06-15 23:00:00,ICU,Intensive Care Unit (ICU),30,28,2,0.9333,93.3,1,1,0,RED,23,0,0
2026-06-15 23:00:00,General Medicine,General Medicine Ward,120,122,0,1.0167,101.7,3,5,-2,RED,23,0,0
2026-06-15 23:00:00,Surgical Ward,Surgical & Post-Op Ward,80,44,36,0.55,55.0,1,4,-3,GREEN,23,0,0
2026-06-15 23:00:00,Pediatrics,Pediatric Ward,40,42,0,1.05,105.0,2,1,1,RED,23,0,0
2026-06-16 00:00:00,Emergency,Emergency Department (ED),50,50,0,1.0,100.0,0,4,-4,RED,0,1,0
2026-06-16 00:00:00,ICU,Intensive Care Unit (ICU),30,28,2,0.9333,93.3,0,0,0,RED,0,1,0
2026-06-16 00:00:00,General Medicine,General Medicine Ward,120,122,0,1.0167,101.7,2,2,0,RED,0,1,0
2026-06-16 00:00:00,Surgical Ward,Surgical & Post-Op Ward,80,45,35,0.5625,56.2,1,0,1,GREEN,0,1,0
2026-06-16 00:00:00,Pediatrics,Pediatric Ward,40,40,0,1.0,100.0,1,3,-2,RED,0,1,0
2026-06-16 01:00:00,Emergency,Emergency Department (ED),50,48,2,0.96,96.0,1,3,-2,RED,1,1,0
2026-06-16 01:00:00,ICU,Intensive Care Unit (ICU),30,27,3,0.9,90.0,0,1,-1,RED,1,1,0
2026-06-16 01:00:00,General Medicine,General Medicine Ward,120,124,0,1.0333,103.3,2,0,2,RED,1,1,0
2026-06-16 01:00:00,Surgical Ward,Surgical & Post-Op Ward,80,46,34,0.575,57.5,1,0,1,GREEN,1,1,0
2026-06-16 01:00:00,Pediatrics,Pediatric Ward,40,42,0,1.05,105.0,2,0,2,RED,1,1,0
2026-06-16 02:00:00,Emergency,Emergency Department (ED),50,49,1,0.98,98.0,2,1,1,RED,2,1,0
2026-06-16 02:00:00,ICU,Intensive Care Unit (ICU),30,28,2,0.9333,93.3,1,0,1,RED,2,1,0
2026-06-16 02:00:00,General Medicine,General Medicine Ward,120,128,0,1.0667,106.7,4,0,4,RED,2,1,0
2026-06-16 02:00:00,Surgical Ward,Surgical & Post-Op Ward,80,48,32,0.6,60.0,2,0,2,GREEN,2,1,0
2026-06-16 02:00:00,Pediatrics,Pediatric Ward,40,43,0,1.075,107.5,1,0,1,RED,2,1,0
2026-06-16 03:00:00,Emergency,Emergency Department (ED),50,49,1,0.98,98.0,0,0,0,RED,3,1,0
2026-06-16 03:00:00,ICU,Intensive Care Unit (ICU),30,28,2,0.9333,93.3,0,0,0,RED,3,1,0
2026-06-16 03:00:00,General Medicine,General Medicine Ward,120,129,0,1.075,107.5,3,0,3,RED,3,1,0
2026-06-16 03:00:00,Surgical Ward,Surgical & Post-Op Ward,80,49,31,0.6125,61.3,1,0,1,GREEN,3,1,0
2026-06-16 03:00:00,Pediatrics,Pediatric Ward,40,43,0,1.075,107.5,0,0,0,RED,3,1,0
2026-06-16 04:00:00,Emergency,Emergency Department (ED),50,49,1,0.98,98.0,0,0,0,RED,4,1,0
2026-06-16 04:00:00,ICU,Intensive Care Unit (ICU),30,29,1,0.9667,96.7,1,0,1,RED,4,1,0
2026-06-16 04:00:00,General Medicine,General Medicine Ward,120,128,0,1.0667,106.7,1,2,-1,RED,4,1,0
2026-06-16 04:00:00,Surgical Ward,Surgical & Post-Op Ward,80,50,30,0.625,62.5,1,0,1,GREEN,4,1,0
2026-06-16 04:00:00,Pediatrics,Pediatric Ward,40,43,0,1.075,107.5,0,0,0,RED,4,1,0
2026-06-16 05:00:00,Emergency,Emergency Department (ED),50,49,1,0.98,98.0,0,0,0,RED,5,1,0
2026-06-16 05:00:00,ICU,Intensive Care Unit (ICU),30,29,1,0.9667,96.7,0,0,0,RED,5,1,0
2026-06-16 05:00:00,General Medicine,General Medicine Ward,120,129,0,1.075,107.5,1,0,1,RED,5,1,0
2026-06-16 05:00:00,Surgical Ward,Surgical & Post-Op Ward,80,50,30,0.625,62.5,5,5,0,GREEN,5,1,0
2026-06-16 05:00:00,Pediatrics,Pediatric Ward,40,43,0,1.075,107.5,0,0,0,RED,5,1,0
2026-06-16 06:00:00,Emergency,Emergency Department (ED),50,49,1,0.98,98.0,0,0,0,RED,6,1,0
2026-06-16 06:00:00,ICU,Intensive Care Unit (ICU),30,27,3,0.9,90.0,0,2,-2,RED,6,1,0
2026-06-16 06:00:00,General Medicine,General Medicine Ward,120,127,0,1.0583,105.8,3,5,-2,RED,6,1,0
2026-06-16 06:00:00,Surgical Ward,Surgical & Post-Op Ward,80,51,29,0.6375,63.7,1,0,1,GREEN,6,1,0
2026-06-16 06:00:00,Pediatrics,Pediatric Ward,40,43,0,1.075,107.5,3,0,3,RED,6,1,0
2026-06-16 07:00:00,Emergency,Emergency Department (ED),50,45,5,0.9,90.0,1,5,-4,RED,7,1,0
2026-06-16 07:00:00,ICU,Intensive Care Unit (ICU),30,27,3,0.9,90.0,0,0,0,RED,7,1,0
2026-06-16 07:00:00,General Medicine,General Medicine Ward,120,129,0,1.075,107.5,7,2,5,RED,7,1,0
2026-06-16 07:00:00,Surgical Ward,Surgical & Post-Op Ward,80,55,25,0.6875,68.8,4,0,4,GREEN,7,1,0
2026-06-16 07:00:00,Pediatrics,Pediatric Ward,40,43,0,1.075,107.5,3,0,3,RED,7,1,0
2026-06-16 08:00:00,Emergency,Emergency Department (ED),50,48,2,0.96,96.0,4,1,3,RED,8,1,0
2026-06-16 08:00:00,ICU,Intensive Care Unit (ICU),30,27,3,0.9,90.0,0,0,0,RED,8,1,0
2026-06-16 08:00:00,General Medicine,General Medicine Ward,120,129,0,1.075,107.5,6,3,3,RED,8,1,0
2026-06-16 08:00:00,Surgical Ward,Surgical & Post-Op Ward,80,59,21,0.7375,73.8,5,1,4,GREEN,8,1,0
2026-06-16 08:00:00,Pediatrics,Pediatric Ward,40,43,0,1.075,107.5,3,0,3,RED,8,1,0
2026-06-16 09:00:00,Emergency,Emergency Department (ED),50,43,7,0.86,86.0,0,5,-5,AMBER,9,1,0
2026-06-16 09:00:00,ICU,Intensive Care Unit (ICU),30,25,5,0.8333,83.3,0,2,-2,AMBER,9,1,0
2026-06-16 09:00:00,General Medicine,General Medicine Ward,120,129,0,1.075,107.5,4,4,0,RED,9,1,0
2026-06-16 09:00:00,Surgical Ward,Surgical & Post-Op Ward,80,62,18,0.775,77.5,5,2,3,AMBER,9,1,0
2026-06-16 09:00:00,Pediatrics,Pediatric Ward,40,42,0,1.05,105.0,2,3,-1,RED,9,1,0
2026-06-16 10:00:00,Emergency,Emergency Department (ED),50,47,3,0.94,94.0,6,2,4,RED,10,1,0
2026-06-16 10:00:00,ICU,Intensive Care Unit (ICU),30,27,3,0.9,90.0,2,0,2,RED,10,1,0
2026-06-16 10:00:00,General Medicine,General Medicine Ward,120,128,0,1.0667,106.7,4,5,-1,RED,10,1,0
2026-06-16 10:00:00,Surgical Ward,Surgical & Post-Op Ward,80,68,12,0.85,85.0,7,1,6,AMBER,10,1,0
2026-06-16 10:00:00,Pediatrics,Pediatric Ward,40,43,0,1.075,107.5,4,1,3,RED,10,1,0
2026-06-16 11:00:00,Emergency,Emergency Department (ED),50,41,9,0.82,82.0,0,6,-6,AMBER,11,1,0
2026-06-16 11:00:00,ICU,Intensive Care Unit (ICU),30,27,3,0.9,90.0,0,0,0,RED,11,1,0
2026-06-16 11:00:00,General Medicine,General Medicine Ward,120,129,0,1.075,107.5,6,1,5,RED,11,1,0
2026-06-16 11:00:00,Surgical Ward,Surgical & Post-Op Ward,80,70,10,0.875,87.5,3,1,2,AMBER,11,1,0
2026-06-16 11:00:00,Pediatrics,Pediatric Ward,40,41,0,1.025,102.5,1,3,-2,RED,11,1,0
2026-06-16 12:00:00,Emergency,Emergency Department (ED),50,45,5,0.9,90.0,5,1,4,RED,12,1,0
2026-06-16 12:00:00,ICU,Intensive Care Unit (ICU),30,27,3,0.9,90.0,1,1,0,RED,12,1,0
2026-06-16 12:00:00,General Medicine,General Medicine Ward,120,129,0,1.075,107.5,7,5,2,RED,12,1,0
2026-06-16 12:00:00,Surgical Ward,Surgical & Post-Op Ward,80,70,10,0.875,87.5,0,0,0,AMBER,12,1,0
2026-06-16 12:00:00,Pediatrics,Pediatric Ward,40,41,0,1.025,102.5,2,2,0,RED,12,1,0
2026-06-16 13:00:00,Emergency,Emergency Department (ED),50,45,5,0.9,90.0,2,2,0,RED,13,1,0
2026-06-16 13:00:00,ICU,Intensive Care Unit (ICU),30,27,3,0.9,90.0,1,1,0,RED,13,1,0
2026-06-16 13:00:00,General Medicine,General Medicine Ward,120,124,0,1.0333,103.3,0,5,-5,RED,13,1,0
2026-06-16 13:00:00,Surgical Ward,Surgical & Post-Op Ward,80,74,6,0.925,92.5,4,0,4,RED,13,1,0
2026-06-16 13:00:00,Pediatrics,Pediatric Ward,40,43,0,1.075,107.5,2,0,2,RED,13,1,0
2026-06-16 14:00:00,Emergency,Emergency Department (ED),50,47,3,0.94,94.0,4,2,2,RED,14,1,0
2026-06-16 14:00:00,ICU,Intensive Care Unit (ICU),30,26,4,0.8667,86.7,0,1,-1,AMBER,14,1,0
2026-06-16 14:00:00,General Medicine,General Medicine Ward,120,121,0,1.0083,100.8,6,9,-3,RED,14,1,0
2026-06-16 14:00:00,Surgical Ward,Surgical & Post-Op Ward,80,80,0,1.0,100.0,6,0,6,RED,14,1,0
2026-06-16 14:00:00,Pediatrics,Pediatric Ward,40,43,0,1.075,107.5,2,2,0,RED,14,1,0
2026-06-16 15:00:00,Emergency,Emergency Department (ED),50,49,1,0.98,98.0,7,5,2,RED,15,1,0
2026-06-16 15:00:00,ICU,Intensive Care Unit (ICU),30,28,2,0.9333,93.3,2,0,2,RED,15,1,0
2026-06-16 15:00:00,General Medicine,General Medicine Ward,120,121,0,1.0083,100.8,7,7,0,RED,15,1,0
2026-06-16 15:00:00,Surgical Ward,Surgical & Post-Op Ward,80,84,0,1.05,105.0,5,1,4,RED,15,1,0
2026-06-16 15:00:00,Pediatrics,Pediatric Ward,40,43,0,1.075,107.5,0,0,0,RED,15,1,0
2026-06-16 16:00:00,Emergency,Emergency Department (ED),50,53,0,1.06,106.0,6,2,4,RED,16,1,0
2026-06-16 16:00:00,ICU,Intensive Care Unit (ICU),30,28,2,0.9333,93.3,0,0,0,RED,16,1,0
2026-06-16 16:00:00,General Medicine,General Medicine Ward,120,121,0,1.0083,100.8,4,4,0,RED,16,1,0
2026-06-16 16:00:00,Surgical Ward,Surgical & Post-Op Ward,80,84,0,1.05,105.0,2,2,0,RED,16,1,0
2026-06-16 16:00:00,Pediatrics,Pediatric Ward,40,40,0,1.0,100.0,0,3,-3,RED,16,1,0
2026-06-16 17:00:00,Emergency,Emergency Department (ED),50,54,0,1.08,108.0,7,4,3,RED,17,1,0
2026-06-16 17:00:00,ICU,Intensive Care Unit (ICU),30,27,3,0.9,90.0,0,1,-1,RED,17,1,0
2026-06-16 17:00:00,General Medicine,General Medicine Ward,120,119,1,0.9917,99.2,2,4,-2,RED,17,1,0
2026-06-16 17:00:00,Surgical Ward,Surgical & Post-Op Ward,80,86,0,1.075,107.5,5,3,2,RED,17,1,0
2026-06-16 17:00:00,Pediatrics,Pediatric Ward,40,40,0,1.0,100.0,3,3,0,RED,17,1,0
2026-06-16 18:00:00,Emergency,Emergency Department (ED),50,54,0,1.08,108.0,5,1,4,RED,18,1,0
2026-06-16 18:00:00,ICU,Intensive Care Unit (ICU),30,27,3,0.9,90.0,0,0,0,RED,18,1,0
2026-06-16 18:00:00,General Medicine,General Medicine Ward,120,124,0,1.0333,103.3,6,1,5,RED,18,1,0
2026-06-16 18:00:00,Surgical Ward,Surgical & Post-Op Ward,80,86,0,1.075,107.5,4,2,2,RED,18,1,0
2026-06-16 18:00:00,Pediatrics,Pediatric Ward,40,41,0,1.025,102.5,1,0,1,RED,18,1,0
2026-06-16 19:00:00,Emergency,Emergency Department (ED),50,54,0,1.08,108.0,4,3,1,RED,19,1,0
2026-06-16 19:00:00,ICU,Intensive Care Unit (ICU),30,26,4,0.8667,86.7,0,1,-1,AMBER,19,1,0
2026-06-16 19:00:00,General Medicine,General Medicine Ward,120,125,0,1.0417,104.2,1,0,1,RED,19,1,0
2026-06-16 19:00:00,Surgical Ward,Surgical & Post-Op Ward,80,83,0,1.0375,103.8,1,4,-3,RED,19,1,0
2026-06-16 19:00:00,Pediatrics,Pediatric Ward,40,41,0,1.025,102.5,1,1,0,RED,19,1,0
2026-06-16 20:00:00,Emergency,Emergency Department (ED),50,54,0,1.08,108.0,6,3,3,RED,20,1,0
2026-06-16 20:00:00,ICU,Intensive Care Unit (ICU),30,26,4,0.8667,86.7,0,0,0,AMBER,20,1,0
2026-06-16 20:00:00,General Medicine,General Medicine Ward,120,128,0,1.0667,106.7,3,0,3,RED,20,1,0
2026-06-16 20:00:00,Surgical Ward,Surgical & Post-Op Ward,80,84,0,1.05,105.0,2,1,1,RED,20,1,0
2026-06-16 20:00:00,Pediatrics,Pediatric Ward,40,41,0,1.025,102.5,1,1,0,RED,20,1,0
2026-06-16 21:00:00,Emergency,Emergency Department (ED),50,54,0,1.08,108.0,4,3,1,RED,21,1,0
2026-06-16 21:00:00,ICU,Intensive Care Unit (ICU),30,29,1,0.9667,96.7,3,0,3,RED,21,1,0
2026-06-16 21:00:00,General Medicine,General Medicine Ward,120,129,0,1.075,107.5,9,1,8,RED,21,1,0
2026-06-16 21:00:00,Surgical Ward,Surgical & Post-Op Ward,80,84,0,1.05,105.0,0,0,0,RED,21,1,0
2026-06-16 21:00:00,Pediatrics,Pediatric Ward,40,42,0,1.05,105.0,2,1,1,RED,21,1,0
2026-06-16 22:00:00,Emergency,Emergency Department (ED),50,54,0,1.08,108.0,4,1,3,RED,22,1,0
2026-06-16 22:00:00,ICU,Intensive Care Unit (ICU),30,28,2,0.9333,93.3,0,1,-1,RED,22,1,0
2026-06-16 22:00:00,General Medicine,General Medicine Ward,120,129,0,1.075,107.5,7,3,4,RED,22,1,0
2026-06-16 22:00:00,Surgical Ward,Surgical & Post-Op Ward,80,84,0,1.05,105.0,1,1,0,RED,22,1,0
2026-06-16 22:00:00,Pediatrics,Pediatric Ward,40,41,0,1.025,102.5,0,1,-1,RED,22,1,0
2026-06-16 23:00:00,Emergency,Emergency Department (ED),50,54,0,1.08,108.0,4,2,2,RED,23,1,0
2026-06-16 23:00:00,ICU,Intensive Care Unit (ICU),30,27,3,0.9,90.0,0,1,-1,RED,23,1,0
2026-06-16 23:00:00,General Medicine,General Medicine Ward,120,129,0,1.075,107.5,5,4,1,RED,23,1,0
2026-06-16 23:00:00,Surgical Ward,Surgical & Post-Op Ward,80,85,0,1.0625,106.2,3,2,1,RED,23,1,0
2026-06-16 23:00:00,Pediatrics,Pediatric Ward,40,43,0,1.075,107.5,3,0,3,RED,23,1,0
2026-06-17 00:00:00,Emergency,Emergency Department (ED),50,54,0,1.08,108.0,3,0,3,RED,0,2,0
2026-06-17 00:00:00,ICU,Intensive Care Unit (ICU),30,25,5,0.8333,83.3,0,2,-2,AMBER,0,2,0
2026-06-17 00:00:00,General Medicine,General Medicine Ward,120,129,0,1.075,107.5,1,1,0,RED,0,2,0
2026-06-17 00:00:00,Surgical Ward,Surgical & Post-Op Ward,80,85,0,1.0625,106.2,1,1,0,RED,0,2,0
2026-06-17 00:00:00,Pediatrics,Pediatric Ward,40,43,0,1.075,107.5,2,0,2,RED,0,2,0
2026-06-17 01:00:00,Emergency,Emergency Department (ED),50,54,0,1.08,108.0,7,2,5,RED,1,2,0
2026-06-17 01:00:00,ICU,Intensive Care Unit (ICU),30,25,5,0.8333,83.3,1,1,0,AMBER,1,2,0
2026-06-17 01:00:00,General Medicine,General Medicine Ward,120,129,0,1.075,107.5,0,0,0,RED,1,2,0
2026-06-17 01:00:00,Surgical Ward,Surgical & Post-Op Ward,80,86,0,1.075,107.5,1,0,1,RED,1,2,0
2026-06-17 01:00:00,Pediatrics,Pediatric Ward,40,43,0,1.075,107.5,1,1,0,RED,1,2,0
2026-06-17 02:00:00,Emergency,Emergency Department (ED),50,54,0,1.08,108.0,1,1,0,RED,2,2,0
2026-06-17 02:00:00,ICU,Intensive Care Unit (ICU),30,24,6,0.8,80.0,0,1,-1,AMBER,2,2,0
2026-06-17 02:00:00,General Medicine,General Medicine Ward,120,129,0,1.075,107.5,1,0,1,RED,2,2,0
2026-06-17 02:00:00,Surgical Ward,Surgical & Post-Op Ward,80,85,0,1.0625,106.2,0,1,-1,RED,2,2,0
2026-06-17 02:00:00,Pediatrics,Pediatric Ward,40,43,0,1.075,107.5,0,0,0,RED,2,2,0
2026-06-17 03:00:00,Emergency,Emergency Department (ED),50,54,0,1.08,108.0,2,0,2,RED,3,2,0
2026-06-17 03:00:00,ICU,Intensive Care Unit (ICU),30,24,6,0.8,80.0,0,0,0,AMBER,3,2,0
2026-06-17 03:00:00,General Medicine,General Medicine Ward,120,129,0,1.075,107.5,2,0,2,RED,3,2,0
2026-06-17 03:00:00,Surgical Ward,Surgical & Post-Op Ward,80,85,0,1.0625,106.2,1,1,0,RED,3,2,0
2026-06-17 03:00:00,Pediatrics,Pediatric Ward,40,42,0,1.05,105.0,0,1,-1,RED,3,2,0
2026-06-17 04:00:00,Emergency,Emergency Department (ED),50,54,0,1.08,108.0,0,0,0,RED,4,2,0
2026-06-17 04:00:00,ICU,Intensive Care Unit (ICU),30,25,5,0.8333,83.3,1,0,1,AMBER,4,2,0
2026-06-17 04:00:00,General Medicine,General Medicine Ward,120,129,0,1.075,107.5,0,0,0,RED,4,2,0
2026-06-17 04:00:00,Surgical Ward,Surgical & Post-Op Ward,80,86,0,1.075,107.5,2,0,2,RED,4,2,0
2026-06-17 04:00:00,Pediatrics,Pediatric Ward,40,42,0,1.05,105.0,0,0,0,RED,4,2,0
2026-06-17 05:00:00,Emergency,Emergency Department (ED),50,54,0,1.08,108.0,3,0,3,RED,5,2,0
2026-06-17 05:00:00,ICU,Intensive Care Unit (ICU),30,25,5,0.8333,83.3,0,0,0,AMBER,5,2,0
2026-06-17 05:00:00,General Medicine,General Medicine Ward,120,129,0,1.075,107.5,0,0,0,RED,5,2,0
2026-06-17 05:00:00,Surgical Ward,Surgical & Post-Op Ward,80,86,0,1.075,107.5,3,1,2,RED,5,2,0
2026-06-17 05:00:00,Pediatrics,Pediatric Ward,40,43,0,1.075,107.5,1,0,1,RED,5,2,0
2026-06-17 06:00:00,Emergency,Emergency Department (ED),50,54,0,1.08,108.0,0,0,0,RED,6,2,0
2026-06-17 06:00:00,ICU,Intensive Care Unit (ICU),30,27,3,0.9,90.0,2,0,2,RED,6,2,0
2026-06-17 06:00:00,General Medicine,General Medicine Ward,120,129,0,1.075,107.5,10,3,7,RED,6,2,0
2026-06-17 06:00:00,Surgical Ward,Surgical & Post-Op Ward,80,86,0,1.075,107.5,0,0,0,RED,6,2,0
2026-06-17 06:00:00,Pediatrics,Pediatric Ward,40,41,0,1.025,102.5,0,2,-2,RED,6,2,0
2026-06-17 07:00:00,Emergency,Emergency Department (ED),50,54,0,1.08,108.0,3,0,3,RED,7,2,0
2026-06-17 07:00:00,ICU,Intensive Care Unit (ICU),30,27,3,0.9,90.0,0,0,0,RED,7,2,0
2026-06-17 07:00:00,General Medicine,General Medicine Ward,120,129,0,1.075,107.5,7,4,3,RED,7,2,0
2026-06-17 07:00:00,Surgical Ward,Surgical & Post-Op Ward,80,86,0,1.075,107.5,2,2,0,RED,7,2,0
2026-06-17 07:00:00,Pediatrics,Pediatric Ward,40,43,0,1.075,107.5,4,2,2,RED,7,2,0
2026-06-17 08:00:00,Emergency,Emergency Department (ED),50,52,0,1.04,104.0,2,4,-2,RED,8,2,0
2026-06-17 08:00:00,ICU,Intensive Care Unit (ICU),30,26,4,0.8667,86.7,1,2,-1,AMBER,8,2,0
2026-06-17 08:00:00,General Medicine,General Medicine Ward,120,129,0,1.075,107.5,5,2,3,RED,8,2,0
2026-06-17 08:00:00,Surgical Ward,Surgical & Post-Op Ward,80,86,0,1.075,107.5,5,1,4,RED,8,2,0
2026-06-17 08:00:00,Pediatrics,Pediatric Ward,40,43,0,1.075,107.5,1,0,1,RED,8,2,0
2026-06-17 09:00:00,Emergency,Emergency Department (ED),50,54,0,1.08,108.0,3,0,3,RED,9,2,0
2026-06-17 09:00:00,ICU,Intensive Care Unit (ICU),30,26,4,0.8667,86.7,1,1,0,AMBER,9,2,0
2026-06-17 09:00:00,General Medicine,General Medicine Ward,120,125,0,1.0417,104.2,0,4,-4,RED,9,2,0
2026-06-17 09:00:00,Surgical Ward,Surgical & Post-Op Ward,80,83,0,1.0375,103.8,3,6,-3,RED,9,2,0
2026-06-17 09:00:00,Pediatrics,Pediatric Ward,40,43,0,1.075,107.5,2,2,0,RED,9,2,0
2026-06-17 10:00:00,Emergency,Emergency Department (ED),50,54,0,1.08,108.0,4,1,3,RED,10,2,0
2026-06-17 10:00:00,ICU,Intensive Care Unit (ICU),30,25,5,0.8333,83.3,0,1,-1,AMBER,10,2,0
2026-06-17 10:00:00,General Medicine,General Medicine Ward,120,121,0,1.0083,100.8,1,5,-4,RED,10,2,0
2026-06-17 10:00:00,Surgical Ward,Surgical & Post-Op Ward,80,79,1,0.9875,98.8,1,5,-4,RED,10,2,0
2026-06-17 10:00:00,Pediatrics,Pediatric Ward,40,43,0,1.075,107.5,3,0,3,RED,10,2,0
2026-06-17 11:00:00,Emergency,Emergency Department (ED),50,51,0,1.02,102.0,1,4,-3,RED,11,2,0
2026-06-17 11:00:00,ICU,Intensive Care Unit (ICU),30,26,4,0.8667,86.7,2,1,1,AMBER,11,2,0
2026-06-17 11:00:00,General Medicine,General Medicine Ward,120,119,1,0.9917,99.2,3,5,-2,RED,11,2,0
2026-06-17 11:00:00,Surgical Ward,Surgical & Post-Op Ward,80,81,0,1.0125,101.2,4,2,2,RED,11,2,0
2026-06-17 11:00:00,Pediatrics,Pediatric Ward,40,41,0,1.025,102.5,0,2,-2,RED,11,2,0
2026-06-17 12:00:00,Emergency,Emergency Department (ED),50,50,0,1.0,100.0,2,3,-1,RED,12,2,0
2026-06-17 12:00:00,ICU,Intensive Care Unit (ICU),30,24,6,0.8,80.0,0,2,-2,AMBER,12,2,0
2026-06-17 12:00:00,General Medicine,General Medicine Ward,120,117,3,0.975,97.5,3,5,-2,RED,12,2,0
2026-06-17 12:00:00,Surgical Ward,Surgical & Post-Op Ward,80,81,0,1.0125,101.2,5,5,0,RED,12,2,0
2026-06-17 12:00:00,Pediatrics,Pediatric Ward,40,43,0,1.075,107.5,2,0,2,RED,12,2,0
2026-06-17 13:00:00,Emergency,Emergency Department (ED),50,49,1,0.98,98.0,3,4,-1,RED,13,2,0
2026-06-17 13:00:00,ICU,Intensive Care Unit (ICU),30,24,6,0.8,80.0,1,1,0,AMBER,13,2,0
2026-06-17 13:00:00,General Medicine,General Medicine Ward,120,118,2,0.9833,98.3,8,7,1,RED,13,2,0
2026-06-17 13:00:00,Surgical Ward,Surgical & Post-Op Ward,80,82,0,1.025,102.5,5,4,1,RED,13,2,0
2026-06-17 13:00:00,Pediatrics,Pediatric Ward,40,42,0,1.05,105.0,0,1,-1,RED,13,2,0
2026-06-17 14:00:00,Emergency,Emergency Department (ED),50,48,2,0.96,96.0,3,4,-1,RED,14,2,0
2026-06-17 14:00:00,ICU,Intensive Care Unit (ICU),30,23,7,0.7667,76.7,0,1,-1,GREEN,14,2,0
2026-06-17 14:00:00,General Medicine,General Medicine Ward,120,119,1,0.9917,99.2,5,4,1,RED,14,2,0
2026-06-17 14:00:00,Surgical Ward,Surgical & Post-Op Ward,80,82,0,1.025,102.5,5,5,0,RED,14,2,0
2026-06-17 14:00:00,Pediatrics,Pediatric Ward,40,43,0,1.075,107.5,3,2,1,RED,14,2,0
2026-06-17 15:00:00,Emergency,Emergency Department (ED),50,48,2,0.96,96.0,4,4,0,RED,15,2,0
2026-06-17 15:00:00,ICU,Intensive Care Unit (ICU),30,22,8,0.7333,73.3,0,1,-1,GREEN,15,2,0
2026-06-17 15:00:00,General Medicine,General Medicine Ward,120,121,0,1.0083,100.8,4,2,2,RED,15,2,0
2026-06-17 15:00:00,Surgical Ward,Surgical & Post-Op Ward,80,86,0,1.075,107.5,6,2,4,RED,15,2,0
2026-06-17 15:00:00,Pediatrics,Pediatric Ward,40,42,0,1.05,105.0,1,2,-1,RED,15,2,0
2026-06-17 16:00:00,Emergency,Emergency Department (ED),50,53,0,1.06,106.0,5,0,5,RED,16,2,0
2026-06-17 16:00:00,ICU,Intensive Care Unit (ICU),30,23,7,0.7667,76.7,1,0,1,GREEN,16,2,0
2026-06-17 16:00:00,General Medicine,General Medicine Ward,120,123,0,1.025,102.5,5,3,2,RED,16,2,0
2026-06-17 16:00:00,Surgical Ward,Surgical & Post-Op Ward,80,86,0,1.075,107.5,3,2,1,RED,16,2,0
2026-06-17 16:00:00,Pediatrics,Pediatric Ward,40,41,0,1.025,102.5,0,1,-1,RED,16,2,0
2026-06-17 17:00:00,Emergency,Emergency Department (ED),50,54,0,1.08,108.0,9,0,9,RED,17,2,0
2026-06-17 17:00:00,ICU,Intensive Care Unit (ICU),30,23,7,0.7667,76.7,0,0,0,GREEN,17,2,0
2026-06-17 17:00:00,General Medicine,General Medicine Ward,120,124,0,1.0333,103.3,1,0,1,RED,17,2,0
2026-06-17 17:00:00,Surgical Ward,Surgical & Post-Op Ward,80,83,0,1.0375,103.8,1,4,-3,RED,17,2,0
2026-06-17 17:00:00,Pediatrics,Pediatric Ward,40,42,0,1.05,105.0,1,0,1,RED,17,2,0
2026-06-17 18:00:00,Emergency,Emergency Department (ED),50,54,0,1.08,108.0,4,3,1,RED,18,2,0
2026-06-17 18:00:00,ICU,Intensive Care Unit (ICU),30,24,6,0.8,80.0,1,0,1,AMBER,18,2,0
2026-06-17 18:00:00,General Medicine,General Medicine Ward,120,129,0,1.075,107.5,10,4,6,RED,18,2,0
2026-06-17 18:00:00,Surgical Ward,Surgical & Post-Op Ward,80,85,0,1.0625,106.2,3,1,2,RED,18,2,0
2026-06-17 18:00:00,Pediatrics,Pediatric Ward,40,42,0,1.05,105.0,0,0,0,RED,18,2,0
2026-06-17 19:00:00,Emergency,Emergency Department (ED),50,53,0,1.06,106.0,2,3,-1,RED,19,2,0
2026-06-17 19:00:00,ICU,Intensive Care Unit (ICU),30,25,5,0.8333,83.3,1,0,1,AMBER,19,2,0
2026-06-17 19:00:00,General Medicine,General Medicine Ward,120,127,0,1.0583,105.8,3,5,-2,RED,19,2,0
2026-06-17 19:00:00,Surgical Ward,Surgical & Post-Op Ward,80,85,0,1.0625,106.2,2,2,0,RED,19,2,0
2026-06-17 19:00:00,Pediatrics,Pediatric Ward,40,42,0,1.05,105.0,1,1,0,RED,19,2,0
2026-06-17 20:00:00,Emergency,Emergency Department (ED),50,54,0,1.08,108.0,3,0,3,RED,20,2,0
2026-06-17 20:00:00,ICU,Intensive Care Unit (ICU),30,25,5,0.8333,83.3,0,0,0,AMBER,20,2,0
2026-06-17 20:00:00,General Medicine,General Medicine Ward,120,128,0,1.0667,106.7,3,2,1,RED,20,2,0
2026-06-17 20:00:00,Surgical Ward,Surgical & Post-Op Ward,80,84,0,1.05,105.0,0,1,-1,RED,20,2,0
2026-06-17 20:00:00,Pediatrics,Pediatric Ward,40,42,0,1.05,105.0,1,1,0,RED,20,2,0
2026-06-17 21:00:00,Emergency,Emergency Department (ED),50,54,0,1.08,108.0,2,0,2,RED,21,2,0
2026-06-17 21:00:00,ICU,Intensive Care Unit (ICU),30,27,3,0.9,90.0,2,0,2,RED,21,2,0
2026-06-17 21:00:00,General Medicine,General Medicine Ward,120,129,0,1.075,107.5,4,1,3,RED,21,2,0
2026-06-17 21:00:00,Surgical Ward,Surgical & Post-Op Ward,80,84,0,1.05,105.0,1,1,0,RED,21,2,0
2026-06-17 21:00:00,Pediatrics,Pediatric Ward,40,41,0,1.025,102.5,0,1,-1,RED,21,2,0
2026-06-17 22:00:00,Emergency,Emergency Department (ED),50,54,0,1.08,108.0,2,1,1,RED,22,2,0
2026-06-17 22:00:00,ICU,Intensive Care Unit (ICU),30,27,3,0.9,90.0,0,0,0,RED,22,2,0
2026-06-17 22:00:00,General Medicine,General Medicine Ward,120,127,0,1.0583,105.8,1,3,-2,RED,22,2,0
2026-06-17 22:00:00,Surgical Ward,Surgical & Post-Op Ward,80,83,0,1.0375,103.8,1,2,-1,RED,22,2,0
2026-06-17 22:00:00,Pediatrics,Pediatric Ward,40,41,0,1.025,102.5,1,1,0,RED,22,2,0
2026-06-17 23:00:00,Emergency,Emergency Department (ED),50,54,0,1.08,108.0,5,1,4,RED,23,2,0
2026-06-17 23:00:00,ICU,Intensive Care Unit (ICU),30,27,3,0.9,90.0,0,0,0,RED,23,2,0
2026-06-17 23:00:00,General Medicine,General Medicine Ward,120,129,0,1.075,107.5,6,2,4,RED,23,2,0
2026-06-17 23:00:00,Surgical Ward,Surgical & Post-Op Ward,80,83,0,1.0375,103.8,2,2,0,RED,23,2,0
2026-06-17 23:00:00,Pediatrics,Pediatric Ward,40,41,0,1.025,102.5,1,1,0,RED,23,2,0
2026-06-18 00:00:00,Emergency,Emergency Department (ED),50,54,0,1.08,108.0,3,3,0,RED,0,3,0
2026-06-18 00:00:00,ICU,Intensive Care Unit (ICU),30,26,4,0.8667,86.7,1,2,-1,AMBER,0,3,0
2026-06-18 00:00:00,General Medicine,General Medicine Ward,120,126,0,1.05,105.0,2,5,-3,RED,0,3,0
2026-06-18 00:00:00,Surgical Ward,Surgical & Post-Op Ward,80,84,0,1.05,105.0,1,0,1,RED,0,3,0
2026-06-18 00:00:00,Pediatrics,Pediatric Ward,40,42,0,1.05,105.0,2,1,1,RED,0,3,0
2026-06-18 01:00:00,Emergency,Emergency Department (ED),50,54,0,1.08,108.0,2,0,2,RED,1,3,0
2026-06-18 01:00:00,ICU,Intensive Care Unit (ICU),30,27,3,0.9,90.0,1,0,1,RED,1,3,0
2026-06-18 01:00:00,General Medicine,General Medicine Ward,120,127,0,1.0583,105.8,1,0,1,RED,1,3,0
2026-06-18 01:00:00,Surgical Ward,Surgical & Post-Op Ward,80,85,0,1.0625,106.2,1,0,1,RED,1,3,0
2026-06-18 01:00:00,Pediatrics,Pediatric Ward,40,42,0,1.05,105.0,0,0,0,RED,1,3,0
2026-06-18 02:00:00,Emergency,Emergency Department (ED),50,54,0,1.08,108.0,1,0,1,RED,2,3,0
2026-06-18 02:00:00,ICU,Intensive Care Unit (ICU),30,27,3,0.9,90.0,1,1,0,RED,2,3,0
2026-06-18 02:00:00,General Medicine,General Medicine Ward,120,128,0,1.0667,106.7,1,0,1,RED,2,3,0
2026-06-18 02:00:00,Surgical Ward,Surgical & Post-Op Ward,80,84,0,1.05,105.0,0,1,-1,RED,2,3,0
2026-06-18 02:00:00,Pediatrics,Pediatric Ward,40,42,0,1.05,105.0,0,0,0,RED,2,3,0
2026-06-18 03:00:00,Emergency,Emergency Department (ED),50,54,0,1.08,108.0,1,0,1,RED,3,3,0
2026-06-18 03:00:00,ICU,Intensive Care Unit (ICU),30,27,3,0.9,90.0,0,0,0,RED,3,3,0
2026-06-18 03:00:00,General Medicine,General Medicine Ward,120,129,0,1.075,107.5,2,1,1,RED,3,3,0
2026-06-18 03:00:00,Surgical Ward,Surgical & Post-Op Ward,80,85,0,1.0625,106.2,1,0,1,RED,3,3,0
2026-06-18 03:00:00,Pediatrics,Pediatric Ward,40,43,0,1.075,107.5,1,0,1,RED,3,3,0
2026-06-18 04:00:00,Emergency,Emergency Department (ED),50,54,0,1.08,108.0,0,0,0,RED,4,3,0
2026-06-18 04:00:00,ICU,Intensive Care Unit (ICU),30,27,3,0.9,90.0,0,0,0,RED,4,3,0
2026-06-18 04:00:00,General Medicine,General Medicine Ward,120,129,0,1.075,107.5,1,1,0,RED,4,3,0
2026-06-18 04:00:00,Surgical Ward,Surgical & Post-Op Ward,80,86,0,1.075,107.5,3,0,3,RED,4,3,0
2026-06-18 04:00:00,Pediatrics,Pediatric Ward,40,43,0,1.075,107.5,0,0,0,RED,4,3,0
2026-06-18 05:00:00,Emergency,Emergency Department (ED),50,54,0,1.08,108.0,0,0,0,RED,5,3,0
2026-06-18 05:00:00,ICU,Intensive Care Unit (ICU),30,27,3,0.9,90.0,0,0,0,RED,5,3,0
2026-06-18 05:00:00,General Medicine,General Medicine Ward,120,129,0,1.075,107.5,2,0,2,RED,5,3,0
2026-06-18 05:00:00,Surgical Ward,Surgical & Post-Op Ward,80,83,0,1.0375,103.8,0,3,-3,RED,5,3,0
2026-06-18 05:00:00,Pediatrics,Pediatric Ward,40,43,0,1.075,107.5,0,0,0,RED,5,3,0
2026-06-18 06:00:00,Emergency,Emergency Department (ED),50,54,0,1.08,108.0,0,0,0,RED,6,3,0
2026-06-18 06:00:00,ICU,Intensive Care Unit (ICU),30,29,1,0.9667,96.7,2,0,2,RED,6,3,0
2026-06-18 06:00:00,General Medicine,General Medicine Ward,120,129,0,1.075,107.5,5,3,2,RED,6,3,0
2026-06-18 06:00:00,Surgical Ward,Surgical & Post-Op Ward,80,83,0,1.0375,103.8,0,0,0,RED,6,3,0
2026-06-18 06:00:00,Pediatrics,Pediatric Ward,40,43,0,1.075,107.5,2,0,2,RED,6,3,0
2026-06-18 07:00:00,Emergency,Emergency Department (ED),50,53,0,1.06,106.0,3,4,-1,RED,7,3,0
2026-06-18 07:00:00,ICU,Intensive Care Unit (ICU),30,29,1,0.9667,96.7,0,0,0,RED,7,3,0
2026-06-18 07:00:00,General Medicine,General Medicine Ward,120,129,0,1.075,107.5,6,5,1,RED,7,3,0
2026-06-18 07:00:00,Surgical Ward,Surgical & Post-Op Ward,80,82,0,1.025,102.5,2,3,-1,RED,7,3,0
2026-06-18 07:00:00,Pediatrics,Pediatric Ward,40,43,0,1.075,107.5,2,0,2,RED,7,3,0
2026-06-18 08:00:00,Emergency,Emergency Department (ED),50,49,1,0.98,98.0,0,4,-4,RED,8,3,0
2026-06-18 08:00:00,ICU,Intensive Care Unit (ICU),30,27,3,0.9,90.0,0,2,-2,RED,8,3,0
2026-06-18 08:00:00,General Medicine,General Medicine Ward,120,127,0,1.0583,105.8,3,5,-2,RED,8,3,0
2026-06-18 08:00:00,Surgical Ward,Surgical & Post-Op Ward,80,86,0,1.075,107.5,6,2,4,RED,8,3,0
2026-06-18 08:00:00,Pediatrics,Pediatric Ward,40,43,0,1.075,107.5,1,0,1,RED,8,3,0
2026-06-18 09:00:00,Emergency,Emergency Department (ED),50,50,0,1.0,100.0,3,2,1,RED,9,3,0
2026-06-18 09:00:00,ICU,Intensive Care Unit (ICU),30,27,3,0.9,90.0,0,0,0,RED,9,3,0
2026-06-18 09:00:00,General Medicine,General Medicine Ward,120,126,0,1.05,105.0,5,6,-1,RED,9,3,0
2026-06-18 09:00:00,Surgical Ward,Surgical & Post-Op Ward,80,84,0,1.05,105.0,2,4,-2,RED,9,3,0
2026-06-18 09:00:00,Pediatrics,Pediatric Ward,40,42,0,1.05,105.0,0,1,-1,RED,9,3,0
2026-06-18 10:00:00,Emergency,Emergency Department (ED),50,52,0,1.04,104.0,4,2,2,RED,10,3,0
2026-06-18 10:00:00,ICU,Intensive Care Unit (ICU),30,27,3,0.9,90.0,1,1,0,RED,10,3,0
2026-06-18 10:00:00,General Medicine,General Medicine Ward,120,129,0,1.075,107.5,8,5,3,RED,10,3,0
2026-06-18 10:00:00,Surgical Ward,Surgical & Post-Op Ward,80,86,0,1.075,107.5,5,3,2,RED,10,3,0
2026-06-18 10:00:00,Pediatrics,Pediatric Ward,40,37,3,0.925,92.5,0,5,-5,RED,10,3,0
2026-06-18 11:00:00,Emergency,Emergency Department (ED),50,52,0,1.04,104.0,4,4,0,RED,11,3,0
2026-06-18 11:00:00,ICU,Intensive Care Unit (ICU),30,28,2,0.9333,93.3,1,0,1,RED,11,3,0
2026-06-18 11:00:00,General Medicine,General Medicine Ward,120,129,0,1.075,107.5,1,1,0,RED,11,3,0
2026-06-18 11:00:00,Surgical Ward,Surgical & Post-Op Ward,80,86,0,1.075,107.5,7,4,3,RED,11,3,0
2026-06-18 11:00:00,Pediatrics,Pediatric Ward,40,38,2,0.95,95.0,1,0,1,RED,11,3,0
2026-06-18 12:00:00,Emergency,Emergency Department (ED),50,51,0,1.02,102.0,2,3,-1,RED,12,3,0
2026-06-18 12:00:00,ICU,Intensive Care Unit (ICU),30,26,4,0.8667,86.7,0,2,-2,AMBER,12,3,0
2026-06-18 12:00:00,General Medicine,General Medicine Ward,120,127,0,1.0583,105.8,2,4,-2,RED,12,3,0
2026-06-18 12:00:00,Surgical Ward,Surgical & Post-Op Ward,80,86,0,1.075,107.5,2,0,2,RED,12,3,0
2026-06-18 12:00:00,Pediatrics,Pediatric Ward,40,39,1,0.975,97.5,2,1,1,RED,12,3,0
2026-06-18 13:00:00,Emergency,Emergency Department (ED),50,48,2,0.96,96.0,0,3,-3,RED,13,3,0
2026-06-18 13:00:00,ICU,Intensive Care Unit (ICU),30,26,4,0.8667,86.7,0,0,0,AMBER,13,3,0
2026-06-18 13:00:00,General Medicine,General Medicine Ward,120,126,0,1.05,105.0,7,8,-1,RED,13,3,0
2026-06-18 13:00:00,Surgical Ward,Surgical & Post-Op Ward,80,86,0,1.075,107.5,3,0,3,RED,13,3,0
2026-06-18 13:00:00,Pediatrics,Pediatric Ward,40,39,1,0.975,97.5,0,0,0,RED,13,3,0
2026-06-18 14:00:00,Emergency,Emergency Department (ED),50,50,0,1.0,100.0,4,2,2,RED,14,3,0
2026-06-18 14:00:00,ICU,Intensive Care Unit (ICU),30,25,5,0.8333,83.3,1,2,-1,AMBER,14,3,0
2026-06-18 14:00:00,General Medicine,General Medicine Ward,120,128,0,1.0667,106.7,8,6,2,RED,14,3,0
2026-06-18 14:00:00,Surgical Ward,Surgical & Post-Op Ward,80,86,0,1.075,107.5,3,0,3,RED,14,3,0
2026-06-18 14:00:00,Pediatrics,Pediatric Ward,40,39,1,0.975,97.5,4,4,0,RED,14,3,0
2026-06-18 15:00:00,Emergency,Emergency Department (ED),50,52,0,1.04,104.0,5,3,2,RED,15,3,0
2026-06-18 15:00:00,ICU,Intensive Care Unit (ICU),30,25,5,0.8333,83.3,0,0,0,AMBER,15,3,0
2026-06-18 15:00:00,General Medicine,General Medicine Ward,120,129,0,1.075,107.5,6,2,4,RED,15,3,0
2026-06-18 15:00:00,Surgical Ward,Surgical & Post-Op Ward,80,86,0,1.075,107.5,6,3,3,RED,15,3,0
2026-06-18 15:00:00,Pediatrics,Pediatric Ward,40,38,2,0.95,95.0,0,1,-1,RED,15,3,0
2026-06-18 16:00:00,Emergency,Emergency Department (ED),50,54,0,1.08,108.0,5,0,5,RED,16,3,0
2026-06-18 16:00:00,ICU,Intensive Care Unit (ICU),30,26,4,0.8667,86.7,1,0,1,AMBER,16,3,0
2026-06-18 16:00:00,General Medicine,General Medicine Ward,120,129,0,1.075,107.5,8,3,5,RED,16,3,0
2026-06-18 16:00:00,Surgical Ward,Surgical & Post-Op Ward,80,86,0,1.075,107.5,1,1,0,RED,16,3,0
2026-06-18 16:00:00,Pediatrics,Pediatric Ward,40,41,0,1.025,102.5,4,1,3,RED,16,3,0
2026-06-18 17:00:00,Emergency,Emergency Department (ED),50,54,0,1.08,108.0,6,3,3,RED,17,3,0
2026-06-18 17:00:00,ICU,Intensive Care Unit (ICU),30,26,4,0.8667,86.7,0,0,0,AMBER,17,3,0
2026-06-18 17:00:00,General Medicine,General Medicine Ward,120,129,0,1.075,107.5,10,2,8,RED,17,3,0
2026-06-18 17:00:00,Surgical Ward,Surgical & Post-Op Ward,80,86,0,1.075,107.5,5,2,3,RED,17,3,0
2026-06-18 17:00:00,Pediatrics,Pediatric Ward,40,43,0,1.075,107.5,3,0,3,RED,17,3,0
2026-06-18 18:00:00,Emergency,Emergency Department (ED),50,54,0,1.08,108.0,2,2,0,RED,18,3,0
2026-06-18 18:00:00,ICU,Intensive Care Unit (ICU),30,25,5,0.8333,83.3,0,1,-1,AMBER,18,3,0
2026-06-18 18:00:00,General Medicine,General Medicine Ward,120,129,0,1.075,107.5,5,0,5,RED,18,3,0
2026-06-18 18:00:00,Surgical Ward,Surgical & Post-Op Ward,80,86,0,1.075,107.5,1,0,1,RED,18,3,0
2026-06-18 18:00:00,Pediatrics,Pediatric Ward,40,43,0,1.075,107.5,1,1,0,RED,18,3,0
2026-06-18 19:00:00,Emergency,Emergency Department (ED),50,53,0,1.06,106.0,3,4,-1,RED,19,3,0
2026-06-18 19:00:00,ICU,Intensive Care Unit (ICU),30,26,4,0.8667,86.7,1,0,1,AMBER,19,3,0
2026-06-18 19:00:00,General Medicine,General Medicine Ward,120,129,0,1.075,107.5,7,5,2,RED,19,3,0
2026-06-18 19:00:00,Surgical Ward,Surgical & Post-Op Ward,80,86,0,1.075,107.5,3,1,2,RED,19,3,0
2026-06-18 19:00:00,Pediatrics,Pediatric Ward,40,43,0,1.075,107.5,4,2,2,RED,19,3,0
2026-06-18 20:00:00,Emergency,Emergency Department (ED),50,52,0,1.04,104.0,2,3,-1,RED,20,3,0
2026-06-18 20:00:00,ICU,Intensive Care Unit (ICU),30,25,5,0.8333,83.3,0,1,-1,AMBER,20,3,0
2026-06-18 20:00:00,General Medicine,General Medicine Ward,120,129,0,1.075,107.5,2,2,0,RED,20,3,0
2026-06-18 20:00:00,Surgical Ward,Surgical & Post-Op Ward,80,84,0,1.05,105.0,1,3,-2,RED,20,3,0
2026-06-18 20:00:00,Pediatrics,Pediatric Ward,40,42,0,1.05,105.0,0,1,-1,RED,20,3,0
2026-06-18 21:00:00,Emergency,Emergency Department (ED),50,48,2,0.96,96.0,0,4,-4,RED,21,3,0
2026-06-18 21:00:00,ICU,Intensive Care Unit (ICU),30,25,5,0.8333,83.3,0,0,0,AMBER,21,3,0
2026-06-18 21:00:00,General Medicine,General Medicine Ward,120,129,0,1.075,107.5,5,2,3,RED,21,3,0
2026-06-18 21:00:00,Surgical Ward,Surgical & Post-Op Ward,80,84,0,1.05,105.0,4,4,0,RED,21,3,0
2026-06-18 21:00:00,Pediatrics,Pediatric Ward,40,42,0,1.05,105.0,2,2,0,RED,21,3,0
2026-06-18 22:00:00,Emergency,Emergency Department (ED),50,52,0,1.04,104.0,6,2,4,RED,22,3,0
2026-06-18 22:00:00,ICU,Intensive Care Unit (ICU),30,25,5,0.8333,83.3,1,1,0,AMBER,22,3,0
2026-06-18 22:00:00,General Medicine,General Medicine Ward,120,129,0,1.075,107.5,4,0,4,RED,22,3,0
2026-06-18 22:00:00,Surgical Ward,Surgical & Post-Op Ward,80,79,1,0.9875,98.8,0,5,-5,RED,22,3,0
2026-06-18 22:00:00,Pediatrics,Pediatric Ward,40,42,0,1.05,105.0,0,0,0,RED,22,3,0
2026-06-18 23:00:00,Emergency,Emergency Department (ED),50,53,0,1.06,106.0,5,4,1,RED,23,3,0
2026-06-18 23:00:00,ICU,Intensive Care Unit (ICU),30,26,4,0.8667,86.7,1,0,1,AMBER,23,3,0
2026-06-18 23:00:00,General Medicine,General Medicine Ward,120,122,0,1.0167,101.7,0,7,-7,RED,23,3,0
2026-06-18 23:00:00,Surgical Ward,Surgical & Post-Op Ward,80,78,2,0.975,97.5,2,3,-1,RED,23,3,0
2026-06-18 23:00:00,Pediatrics,Pediatric Ward,40,43,0,1.075,107.5,1,0,1,RED,23,3,0
2026-06-19 00:00:00,Emergency,Emergency Department (ED),50,54,0,1.08,108.0,3,2,1,RED,0,4,0
2026-06-19 00:00:00,ICU,Intensive Care Unit (ICU),30,28,2,0.9333,93.3,2,0,2,RED,0,4,0
2026-06-19 00:00:00,General Medicine,General Medicine Ward,120,121,0,1.0083,100.8,5,6,-1,RED,0,4,0
2026-06-19 00:00:00,Surgical Ward,Surgical & Post-Op Ward,80,78,2,0.975,97.5,0,0,0,RED,0,4,0
2026-06-19 00:00:00,Pediatrics,Pediatric Ward,40,40,0,1.0,100.0,0,3,-3,RED,0,4,0
2026-06-19 01:00:00,Emergency,Emergency Department (ED),50,51,0,1.02,102.0,1,4,-3,RED,1,4,0
2026-06-19 01:00:00,ICU,Intensive Care Unit (ICU),30,28,2,0.9333,93.3,0,0,0,RED,1,4,0
2026-06-19 01:00:00,General Medicine,General Medicine Ward,120,122,0,1.0167,101.7,1,0,1,RED,1,4,0
2026-06-19 01:00:00,Surgical Ward,Surgical & Post-Op Ward,80,78,2,0.975,97.5,0,0,0,RED,1,4,0
2026-06-19 01:00:00,Pediatrics,Pediatric Ward,40,41,0,1.025,102.5,1,0,1,RED,1,4,0
2026-06-19 02:00:00,Emergency,Emergency Department (ED),50,51,0,1.02,102.0,0,0,0,RED,2,4,0
2026-06-19 02:00:00,ICU,Intensive Care Unit (ICU),30,27,3,0.9,90.0,0,1,-1,RED,2,4,0
2026-06-19 02:00:00,General Medicine,General Medicine Ward,120,121,0,1.0083,100.8,0,1,-1,RED,2,4,0
2026-06-19 02:00:00,Surgical Ward,Surgical & Post-Op Ward,80,78,2,0.975,97.5,0,0,0,RED,2,4,0
2026-06-19 02:00:00,Pediatrics,Pediatric Ward,40,41,0,1.025,102.5,0,0,0,RED,2,4,0
2026-06-19 03:00:00,Emergency,Emergency Department (ED),50,51,0,1.02,102.0,0,0,0,RED,3,4,0
2026-06-19 03:00:00,ICU,Intensive Care Unit (ICU),30,28,2,0.9333,93.3,1,0,1,RED,3,4,0
2026-06-19 03:00:00,General Medicine,General Medicine Ward,120,121,0,1.0083,100.8,0,0,0,RED,3,4,0
2026-06-19 03:00:00,Surgical Ward,Surgical & Post-Op Ward,80,78,2,0.975,97.5,0,0,0,RED,3,4,0
2026-06-19 03:00:00,Pediatrics,Pediatric Ward,40,41,0,1.025,102.5,0,0,0,RED,3,4,0
2026-06-19 04:00:00,Emergency,Emergency Department (ED),50,51,0,1.02,102.0,0,0,0,RED,4,4,0
2026-06-19 04:00:00,ICU,Intensive Care Unit (ICU),30,28,2,0.9333,93.3,0,0,0,RED,4,4,0
2026-06-19 04:00:00,General Medicine,General Medicine Ward,120,121,0,1.0083,100.8,0,0,0,RED,4,4,0
2026-06-19 04:00:00,Surgical Ward,Surgical & Post-Op Ward,80,80,0,1.0,100.0,2,0,2,RED,4,4,0
2026-06-19 04:00:00,Pediatrics,Pediatric Ward,40,41,0,1.025,102.5,0,0,0,RED,4,4,0
2026-06-19 05:00:00,Emergency,Emergency Department (ED),50,52,0,1.04,104.0,1,0,1,RED,5,4,0
2026-06-19 05:00:00,ICU,Intensive Care Unit (ICU),30,28,2,0.9333,93.3,0,0,0,RED,5,4,0
2026-06-19 05:00:00,General Medicine,General Medicine Ward,120,124,0,1.0333,103.3,3,0,3,RED,5,4,0
2026-06-19 05:00:00,Surgical Ward,Surgical & Post-Op Ward,80,79,1,0.9875,98.8,3,4,-1,RED,5,4,0
2026-06-19 05:00:00,Pediatrics,Pediatric Ward,40,42,0,1.05,105.0,1,0,1,RED,5,4,0
2026-06-19 06:00:00,Emergency,Emergency Department (ED),50,53,0,1.06,106.0,1,0,1,RED,6,4,0
2026-06-19 06:00:00,ICU,Intensive Care Unit (ICU),30,28,2,0.9333,93.3,0,0,0,RED,6,4,0
2026-06-19 06:00:00,General Medicine,General Medicine Ward,120,125,0,1.0417,104.2,4,3,1,RED,6,4,0
2026-06-19 06:00:00,Surgical Ward,Surgical & Post-Op Ward,80,78,2,0.975,97.5,1,2,-1,RED,6,4,0
2026-06-19 06:00:00,Pediatrics,Pediatric Ward,40,43,0,1.075,107.5,2,0,2,RED,6,4,0
2026-06-19 07:00:00,Emergency,Emergency Department (ED),50,53,0,1.06,106.0,3,3,0,RED,7,4,0
2026-06-19 07:00:00,ICU,Intensive Care Unit (ICU),30,29,1,0.9667,96.7,1,0,1,RED,7,4,0
2026-06-19 07:00:00,General Medicine,General Medicine Ward,120,126,0,1.05,105.0,5,4,1,RED,7,4,0
2026-06-19 07:00:00,Surgical Ward,Surgical & Post-Op Ward,80,79,1,0.9875,98.8,4,3,1,RED,7,4,0
2026-06-19 07:00:00,Pediatrics,Pediatric Ward,40,42,0,1.05,105.0,0,1,-1,RED,7,4,0
2026-06-19 08:00:00,Emergency,Emergency Department (ED),50,54,0,1.08,108.0,2,1,1,RED,8,4,0
2026-06-19 08:00:00,ICU,Intensive Care Unit (ICU),30,30,0,1.0,100.0,1,0,1,RED,8,4,0
2026-06-19 08:00:00,General Medicine,General Medicine Ward,120,125,0,1.0417,104.2,3,4,-1,RED,8,4,0
2026-06-19 08:00:00,Surgical Ward,Surgical & Post-Op Ward,80,80,0,1.0,100.0,3,2,1,RED,8,4,0
2026-06-19 08:00:00,Pediatrics,Pediatric Ward,40,40,0,1.0,100.0,0,2,-2,RED,8,4,0
2026-06-19 09:00:00,Emergency,Emergency Department (ED),50,54,0,1.08,108.0,4,3,1,RED,9,4,0
2026-06-19 09:00:00,ICU,Intensive Care Unit (ICU),30,30,0,1.0,100.0,0,0,0,RED,9,4,0
2026-06-19 09:00:00,General Medicine,General Medicine Ward,120,122,0,1.0167,101.7,0,3,-3,RED,9,4,0
2026-06-19 09:00:00,Surgical Ward,Surgical & Post-Op Ward,80,80,0,1.0,100.0,4,4,0,RED,9,4,0
2026-06-19 09:00:00,Pediatrics,Pediatric Ward,40,41,0,1.025,102.5,2,1,1,RED,9,4,0
2026-06-19 10:00:00,Emergency,Emergency Department (ED),50,50,0,1.0,100.0,1,5,-4,RED,10,4,0
2026-06-19 10:00:00,ICU,Intensive Care Unit (ICU),30,29,1,0.9667,96.7,0,1,-1,RED,10,4,0
2026-06-19 10:00:00,General Medicine,General Medicine Ward,120,124,0,1.0333,103.3,5,3,2,RED,10,4,0
2026-06-19 10:00:00,Surgical Ward,Surgical & Post-Op Ward,80,85,0,1.0625,106.2,8,3,5,RED,10,4,0
2026-06-19 10:00:00,Pediatrics,Pediatric Ward,40,40,0,1.0,100.0,2,3,-1,RED,10,4,0
2026-06-19 11:00:00,Emergency,Emergency Department (ED),50,52,0,1.04,104.0,4,2,2,RED,11,4,0
2026-06-19 11:00:00,ICU,Intensive Care Unit (ICU),30,28,2,0.9333,93.3,0,1,-1,RED,11,4,0
2026-06-19 11:00:00,General Medicine,General Medicine Ward,120,124,0,1.0333,103.3,3,3,0,RED,11,4,0
2026-06-19 11:00:00,Surgical Ward,Surgical & Post-Op Ward,80,86,0,1.075,107.5,6,3,3,RED,11,4,0
2026-06-19 11:00:00,Pediatrics,Pediatric Ward,40,43,0,1.075,107.5,5,1,4,RED,11,4,0
2026-06-19 12:00:00,Emergency,Emergency Department (ED),50,50,0,1.0,100.0,1,3,-2,RED,12,4,0
2026-06-19 12:00:00,ICU,Intensive Care Unit (ICU),30,30,0,1.0,100.0,2,0,2,RED,12,4,0
2026-06-19 12:00:00,General Medicine,General Medicine Ward,120,126,0,1.05,105.0,6,4,2,RED,12,4,0
2026-06-19 12:00:00,Surgical Ward,Surgical & Post-Op Ward,80,86,0,1.075,107.5,3,1,2,RED,12,4,0
2026-06-19 12:00:00,Pediatrics,Pediatric Ward,40,43,0,1.075,107.5,1,1,0,RED,12,4,0
2026-06-19 13:00:00,Emergency,Emergency Department (ED),50,52,0,1.04,104.0,5,3,2,RED,13,4,0
2026-06-19 13:00:00,ICU,Intensive Care Unit (ICU),30,30,0,1.0,100.0,0,0,0,RED,13,4,0
2026-06-19 13:00:00,General Medicine,General Medicine Ward,120,123,0,1.025,102.5,4,7,-3,RED,13,4,0
2026-06-19 13:00:00,Surgical Ward,Surgical & Post-Op Ward,80,86,0,1.075,107.5,1,1,0,RED,13,4,0
2026-06-19 13:00:00,Pediatrics,Pediatric Ward,40,43,0,1.075,107.5,1,1,0,RED,13,4,0
2026-06-19 14:00:00,Emergency,Emergency Department (ED),50,54,0,1.08,108.0,3,1,2,RED,14,4,0
2026-06-19 14:00:00,ICU,Intensive Care Unit (ICU),30,28,2,0.9333,93.3,0,2,-2,RED,14,4,0
2026-06-19 14:00:00,General Medicine,General Medicine Ward,120,124,0,1.0333,103.3,7,6,1,RED,14,4,0
2026-06-19 14:00:00,Surgical Ward,Surgical & Post-Op Ward,80,85,0,1.0625,106.2,2,3,-1,RED,14,4,0
2026-06-19 14:00:00,Pediatrics,Pediatric Ward,40,41,0,1.025,102.5,0,2,-2,RED,14,4,0
2026-06-19 15:00:00,Emergency,Emergency Department (ED),50,54,0,1.08,108.0,7,2,5,RED,15,4,0
2026-06-19 15:00:00,ICU,Intensive Care Unit (ICU),30,28,2,0.9333,93.3,0,0,0,RED,15,4,0
2026-06-19 15:00:00,General Medicine,General Medicine Ward,120,124,0,1.0333,103.3,6,6,0,RED,15,4,0
2026-06-19 15:00:00,Surgical Ward,Surgical & Post-Op Ward,80,83,0,1.0375,103.8,1,3,-2,RED,15,4,0
2026-06-19 15:00:00,Pediatrics,Pediatric Ward,40,42,0,1.05,105.0,2,1,1,RED,15,4,0
2026-06-19 16:00:00,Emergency,Emergency Department (ED),50,53,0,1.06,106.0,2,3,-1,RED,16,4,0
2026-06-19 16:00:00,ICU,Intensive Care Unit (ICU),30,30,0,1.0,100.0,2,0,2,RED,16,4,0
2026-06-19 16:00:00,General Medicine,General Medicine Ward,120,127,0,1.0583,105.8,6,3,3,RED,16,4,0
2026-06-19 16:00:00,Surgical Ward,Surgical & Post-Op Ward,80,81,0,1.0125,101.2,0,2,-2,RED,16,4,0
2026-06-19 16:00:00,Pediatrics,Pediatric Ward,40,43,0,1.075,107.5,1,0,1,RED,16,4,0
2026-06-19 17:00:00,Emergency,Emergency Department (ED),50,54,0,1.08,108.0,8,1,7,RED,17,4,0
2026-06-19 17:00:00,ICU,Intensive Care Unit (ICU),30,30,0,1.0,100.0,0,0,0,RED,17,4,0
2026-06-19 17:00:00,General Medicine,General Medicine Ward,120,129,0,1.075,107.5,7,0,7,RED,17,4,0
2026-06-19 17:00:00,Surgical Ward,Surgical & Post-Op Ward,80,82,0,1.025,102.5,3,2,1,RED,17,4,0
2026-06-19 17:00:00,Pediatrics,Pediatric Ward,40,43,0,1.075,107.5,3,0,3,RED,17,4,0
2026-06-19 18:00:00,Emergency,Emergency Department (ED),50,54,0,1.08,108.0,4,1,3,RED,18,4,0
2026-06-19 18:00:00,ICU,Intensive Care Unit (ICU),30,32,0,1.0667,106.7,2,0,2,RED,18,4,0
2026-06-19 18:00:00,General Medicine,General Medicine Ward,120,128,0,1.0667,106.7,3,4,-1,RED,18,4,0
2026-06-19 18:00:00,Surgical Ward,Surgical & Post-Op Ward,80,85,0,1.0625,106.2,3,0,3,RED,18,4,0
2026-06-19 18:00:00,Pediatrics,Pediatric Ward,40,43,0,1.075,107.5,3,1,2,RED,18,4,0
2026-06-19 19:00:00,Emergency,Emergency Department (ED),50,54,0,1.08,108.0,7,2,5,RED,19,4,0
2026-06-19 19:00:00,ICU,Intensive Care Unit (ICU),30,32,0,1.0667,106.7,0,0,0,RED,19,4,0
2026-06-19 19:00:00,General Medicine,General Medicine Ward,120,124,0,1.0333,103.3,3,7,-4,RED,19,4,0
2026-06-19 19:00:00,Surgical Ward,Surgical & Post-Op Ward,80,85,0,1.0625,106.2,2,2,0,RED,19,4,0
2026-06-19 19:00:00,Pediatrics,Pediatric Ward,40,43,0,1.075,107.5,0,0,0,RED,19,4,0
2026-06-19 20:00:00,Emergency,Emergency Department (ED),50,54,0,1.08,108.0,4,1,3,RED,20,4,0
2026-06-19 20:00:00,ICU,Intensive Care Unit (ICU),30,32,0,1.0667,106.7,0,0,0,RED,20,4,0
2026-06-19 20:00:00,General Medicine,General Medicine Ward,120,120,0,1.0,100.0,3,7,-4,RED,20,4,0
2026-06-19 20:00:00,Surgical Ward,Surgical & Post-Op Ward,80,86,0,1.075,107.5,2,1,1,RED,20,4,0
2026-06-19 20:00:00,Pediatrics,Pediatric Ward,40,42,0,1.05,105.0,2,3,-1,RED,20,4,0
2026-06-19 21:00:00,Emergency,Emergency Department (ED),50,51,0,1.02,102.0,1,4,-3,RED,21,4,0
2026-06-19 21:00:00,ICU,Intensive Care Unit (ICU),30,32,0,1.0667,106.7,0,0,0,RED,21,4,0
2026-06-19 21:00:00,General Medicine,General Medicine Ward,120,119,1,0.9917,99.2,1,2,-1,RED,21,4,0
2026-06-19 21:00:00,Surgical Ward,Surgical & Post-Op Ward,80,85,0,1.0625,106.2,0,1,-1,RED,21,4,0
2026-06-19 21:00:00,Pediatrics,Pediatric Ward,40,42,0,1.05,105.0,1,1,0,RED,21,4,0
2026-06-19 22:00:00,Emergency,Emergency Department (ED),50,54,0,1.08,108.0,6,3,3,RED,22,4,0
2026-06-19 22:00:00,ICU,Intensive Care Unit (ICU),30,31,0,1.0333,103.3,0,1,-1,RED,22,4,0
2026-06-19 22:00:00,General Medicine,General Medicine Ward,120,118,2,0.9833,98.3,4,5,-1,RED,22,4,0
2026-06-19 22:00:00,Surgical Ward,Surgical & Post-Op Ward,80,86,0,1.075,107.5,3,1,2,RED,22,4,0
2026-06-19 22:00:00,Pediatrics,Pediatric Ward,40,42,0,1.05,105.0,0,0,0,RED,22,4,0
2026-06-19 23:00:00,Emergency,Emergency Department (ED),50,54,0,1.08,108.0,2,0,2,RED,23,4,0
2026-06-19 23:00:00,ICU,Intensive Care Unit (ICU),30,30,0,1.0,100.0,0,1,-1,RED,23,4,0
2026-06-19 23:00:00,General Medicine,General Medicine Ward,120,114,6,0.95,95.0,0,4,-4,RED,23,4,0
2026-06-19 23:00:00,Surgical Ward,Surgical & Post-Op Ward,80,86,0,1.075,107.5,0,0,0,RED,23,4,0
2026-06-19 23:00:00,Pediatrics,Pediatric Ward,40,43,0,1.075,107.5,4,2,2,RED,23,4,0
2026-06-20 00:00:00,Emergency,Emergency Department (ED),50,49,1,0.98,98.0,0,5,-5,RED,0,5,1
2026-06-20 00:00:00,ICU,Intensive Care Unit (ICU),30,29,1,0.9667,96.7,0,1,-1,RED,0,5,1
2026-06-20 00:00:00,General Medicine,General Medicine Ward,120,112,8,0.9333,93.3,1,3,-2,RED,0,5,1
2026-06-20 00:00:00,Surgical Ward,Surgical & Post-Op Ward,80,86,0,1.075,107.5,0,0,0,RED,0,5,1
2026-06-20 00:00:00,Pediatrics,Pediatric Ward,40,42,0,1.05,105.0,1,2,-1,RED,0,5,1
2026-06-20 01:00:00,Emergency,Emergency Department (ED),50,48,2,0.96,96.0,2,3,-1,RED,1,5,1
2026-06-20 01:00:00,ICU,Intensive Care Unit (ICU),30,30,0,1.0,100.0,1,0,1,RED,1,5,1
2026-06-20 01:00:00,General Medicine,General Medicine Ward,120,113,7,0.9417,94.2,2,1,1,RED,1,5,1
2026-06-20 01:00:00,Surgical Ward,Surgical & Post-Op Ward,80,86,0,1.075,107.5,1,0,1,RED,1,5,1
2026-06-20 01:00:00,Pediatrics,Pediatric Ward,40,43,0,1.075,107.5,3,1,2,RED,1,5,1
2026-06-20 02:00:00,Emergency,Emergency Department (ED),50,50,0,1.0,100.0,2,0,2,RED,2,5,1
2026-06-20 02:00:00,ICU,Intensive Care Unit (ICU),30,30,0,1.0,100.0,1,1,0,RED,2,5,1
2026-06-20 02:00:00,General Medicine,General Medicine Ward,120,113,7,0.9417,94.2,0,0,0,RED,2,5,1
2026-06-20 02:00:00,Surgical Ward,Surgical & Post-Op Ward,80,86,0,1.075,107.5,0,0,0,RED,2,5,1
2026-06-20 02:00:00,Pediatrics,Pediatric Ward,40,43,0,1.075,107.5,0,0,0,RED,2,5,1
2026-06-20 03:00:00,Emergency,Emergency Department (ED),50,49,1,0.98,98.0,0,1,-1,RED,3,5,1
2026-06-20 03:00:00,ICU,Intensive Care Unit (ICU),30,30,0,1.0,100.0,0,0,0,RED,3,5,1
2026-06-20 03:00:00,General Medicine,General Medicine Ward,120,113,7,0.9417,94.2,0,0,0,RED,3,5,1
2026-06-20 03:00:00,Surgical Ward,Surgical & Post-Op Ward,80,85,0,1.0625,106.2,0,1,-1,RED,3,5,1
2026-06-20 03:00:00,Pediatrics,Pediatric Ward,40,43,0,1.075,107.5,1,0,1,RED,3,5,1
2026-06-20 04:00:00,Emergency,Emergency Department (ED),50,49,1,0.98,98.0,0,0,0,RED,4,5,1
2026-06-20 04:00:00,ICU,Intensive Care Unit (ICU),30,30,0,1.0,100.0,0,0,0,RED,4,5,1
2026-06-20 04:00:00,General Medicine,General Medicine Ward,120,114,6,0.95,95.0,1,0,1,RED,4,5,1
2026-06-20 04:00:00,Surgical Ward,Surgical & Post-Op Ward,80,86,0,1.075,107.5,1,0,1,RED,4,5,1
2026-06-20 04:00:00,Pediatrics,Pediatric Ward,40,43,0,1.075,107.5,0,0,0,RED,4,5,1
2026-06-20 05:00:00,Emergency,Emergency Department (ED),50,51,0,1.02,102.0,3,1,2,RED,5,5,1
2026-06-20 05:00:00,ICU,Intensive Care Unit (ICU),30,30,0,1.0,100.0,0,0,0,RED,5,5,1
2026-06-20 05:00:00,General Medicine,General Medicine Ward,120,114,6,0.95,95.0,0,0,0,RED,5,5,1
2026-06-20 05:00:00,Surgical Ward,Surgical & Post-Op Ward,80,86,0,1.075,107.5,0,0,0,RED,5,5,1
2026-06-20 05:00:00,Pediatrics,Pediatric Ward,40,43,0,1.075,107.5,0,0,0,RED,5,5,1
2026-06-20 06:00:00,Emergency,Emergency Department (ED),50,53,0,1.06,106.0,3,1,2,RED,6,5,1
2026-06-20 06:00:00,ICU,Intensive Care Unit (ICU),30,30,0,1.0,100.0,1,1,0,RED,6,5,1
2026-06-20 06:00:00,General Medicine,General Medicine Ward,120,114,6,0.95,95.0,3,3,0,RED,6,5,1
2026-06-20 06:00:00,Surgical Ward,Surgical & Post-Op Ward,80,82,0,1.025,102.5,0,4,-4,RED,6,5,1
2026-06-20 06:00:00,Pediatrics,Pediatric Ward,40,43,0,1.075,107.5,2,0,2,RED,6,5,1
2026-06-20 07:00:00,Emergency,Emergency Department (ED),50,48,2,0.96,96.0,1,6,-5,RED,7,5,1
2026-06-20 07:00:00,ICU,Intensive Care Unit (ICU),30,31,0,1.0333,103.3,1,0,1,RED,7,5,1
2026-06-20 07:00:00,General Medicine,General Medicine Ward,120,112,8,0.9333,93.3,2,4,-2,RED,7,5,1
2026-06-20 07:00:00,Surgical Ward,Surgical & Post-Op Ward,80,81,0,1.0125,101.2,2,3,-1,RED,7,5,1
2026-06-20 07:00:00,Pediatrics,Pediatric Ward,40,43,0,1.075,107.5,3,1,2,RED,7,5,1
2026-06-20 08:00:00,Emergency,Emergency Department (ED),50,47,3,0.94,94.0,4,5,-1,RED,8,5,1
2026-06-20 08:00:00,ICU,Intensive Care Unit (ICU),30,31,0,1.0333,103.3,0,0,0,RED,8,5,1
2026-06-20 08:00:00,General Medicine,General Medicine Ward,120,108,12,0.9,90.0,0,4,-4,RED,8,5,1
2026-06-20 08:00:00,Surgical Ward,Surgical & Post-Op Ward,80,79,1,0.9875,98.8,0,2,-2,RED,8,5,1
2026-06-20 08:00:00,Pediatrics,Pediatric Ward,40,43,0,1.075,107.5,1,0,1,RED,8,5,1
2026-06-20 09:00:00,Emergency,Emergency Department (ED),50,46,4,0.92,92.0,3,4,-1,RED,9,5,1
2026-06-20 09:00:00,ICU,Intensive Care Unit (ICU),30,32,0,1.0667,106.7,2,0,2,RED,9,5,1
2026-06-20 09:00:00,General Medicine,General Medicine Ward,120,102,18,0.85,85.0,1,7,-6,AMBER,9,5,1
2026-06-20 09:00:00,Surgical Ward,Surgical & Post-Op Ward,80,78,2,0.975,97.5,1,2,-1,RED,9,5,1
2026-06-20 09:00:00,Pediatrics,Pediatric Ward,40,42,0,1.05,105.0,1,2,-1,RED,9,5,1
2026-06-20 10:00:00,Emergency,Emergency Department (ED),50,45,5,0.9,90.0,3,4,-1,RED,10,5,1
2026-06-20 10:00:00,ICU,Intensive Care Unit (ICU),30,32,0,1.0667,106.7,0,0,0,RED,10,5,1
2026-06-20 10:00:00,General Medicine,General Medicine Ward,120,102,18,0.85,85.0,5,5,0,AMBER,10,5,1
2026-06-20 10:00:00,Surgical Ward,Surgical & Post-Op Ward,80,81,0,1.0125,101.2,3,0,3,RED,10,5,1
2026-06-20 10:00:00,Pediatrics,Pediatric Ward,40,41,0,1.025,102.5,1,2,-1,RED,10,5,1
2026-06-20 11:00:00,Emergency,Emergency Department (ED),50,42,8,0.84,84.0,5,8,-3,AMBER,11,5,1
2026-06-20 11:00:00,ICU,Intensive Care Unit (ICU),30,32,0,1.0667,106.7,1,0,1,RED,11,5,1
2026-06-20 11:00:00,General Medicine,General Medicine Ward,120,102,18,0.85,85.0,1,1,0,AMBER,11,5,1
2026-06-20 11:00:00,Surgical Ward,Surgical & Post-Op Ward,80,81,0,1.0125,101.2,3,3,0,RED,11,5,1
2026-06-20 11:00:00,Pediatrics,Pediatric Ward,40,39,1,0.975,97.5,1,3,-2,RED,11,5,1
2026-06-20 12:00:00,Emergency,Emergency Department (ED),50,45,5,0.9,90.0,6,3,3,RED,12,5,1
2026-06-20 12:00:00,ICU,Intensive Care Unit (ICU),30,31,0,1.0333,103.3,0,1,-1,RED,12,5,1
2026-06-20 12:00:00,General Medicine,General Medicine Ward,120,97,23,0.8083,80.8,0,5,-5,AMBER,12,5,1
2026-06-20 12:00:00,Surgical Ward,Surgical & Post-Op Ward,80,79,1,0.9875,98.8,1,3,-2,RED,12,5,1
2026-06-20 12:00:00,Pediatrics,Pediatric Ward,40,40,0,1.0,100.0,2,1,1,RED,12,5,1
2026-06-20 13:00:00,Emergency,Emergency Department (ED),50,43,7,0.86,86.0,4,6,-2,AMBER,13,5,1
2026-06-20 13:00:00,ICU,Intensive Care Unit (ICU),30,30,0,1.0,100.0,1,2,-1,RED,13,5,1
2026-06-20 13:00:00,General Medicine,General Medicine Ward,120,98,22,0.8167,81.7,6,5,1,AMBER,13,5,1
2026-06-20 13:00:00,Surgical Ward,Surgical & Post-Op Ward,80,79,1,0.9875,98.8,1,1,0,RED,13,5,1
2026-06-20 13:00:00,Pediatrics,Pediatric Ward,40,38,2,0.95,95.0,3,5,-2,RED,13,5,1
2026-06-20 14:00:00,Emergency,Emergency Department (ED),50,42,8,0.84,84.0,3,4,-1,AMBER,14,5,1
2026-06-20 14:00:00,ICU,Intensive Care Unit (ICU),30,30,0,1.0,100.0,1,1,0,RED,14,5,1
2026-06-20 14:00:00,General Medicine,General Medicine Ward,120,95,25,0.7917,79.2,4,7,-3,AMBER,14,5,1
2026-06-20 14:00:00,Surgical Ward,Surgical & Post-Op Ward,80,77,3,0.9625,96.2,0,2,-2,RED,14,5,1
2026-06-20 14:00:00,Pediatrics,Pediatric Ward,40,38,2,0.95,95.0,1,1,0,RED,14,5,1
2026-06-20 15:00:00,Emergency,Emergency Department (ED),50,45,5,0.9,90.0,6,3,3,RED,15,5,1
2026-06-20 15:00:00,ICU,Intensive Care Unit (ICU),30,32,0,1.0667,106.7,2,0,2,RED,15,5,1
2026-06-20 15:00:00,General Medicine,General Medicine Ward,120,93,27,0.775,77.5,3,5,-2,AMBER,15,5,1
2026-06-20 15:00:00,Surgical Ward,Surgical & Post-Op Ward,80,75,5,0.9375,93.8,1,3,-2,RED,15,5,1
2026-06-20 15:00:00,Pediatrics,Pediatric Ward,40,41,0,1.025,102.5,3,0,3,RED,15,5,1
2026-06-20 16:00:00,Emergency,Emergency Department (ED),50,51,0,1.02,102.0,9,3,6,RED,16,5,1
2026-06-20 16:00:00,ICU,Intensive Care Unit (ICU),30,31,0,1.0333,103.3,0,1,-1,RED,16,5,1
2026-06-20 16:00:00,General Medicine,General Medicine Ward,120,95,25,0.7917,79.2,8,6,2,AMBER,16,5,1
2026-06-20 16:00:00,Surgical Ward,Surgical & Post-Op Ward,80,72,8,0.9,90.0,0,3,-3,RED,16,5,1
2026-06-20 16:00:00,Pediatrics,Pediatric Ward,40,43,0,1.075,107.5,3,0,3,RED,16,5,1
2026-06-20 17:00:00,Emergency,Emergency Department (ED),50,54,0,1.08,108.0,11,1,10,RED,17,5,1
2026-06-20 17:00:00,ICU,Intensive Care Unit (ICU),30,32,0,1.0667,106.7,2,0,2,RED,17,5,1
2026-06-20 17:00:00,General Medicine,General Medicine Ward,120,97,23,0.8083,80.8,4,2,2,AMBER,17,5,1
2026-06-20 17:00:00,Surgical Ward,Surgical & Post-Op Ward,80,69,11,0.8625,86.2,2,5,-3,AMBER,17,5,1
2026-06-20 17:00:00,Pediatrics,Pediatric Ward,40,43,0,1.075,107.5,2,0,2,RED,17,5,1
2026-06-20 18:00:00,Emergency,Emergency Department (ED),50,54,0,1.08,108.0,3,3,0,RED,18,5,1
2026-06-20 18:00:00,ICU,Intensive Care Unit (ICU),30,32,0,1.0667,106.7,0,0,0,RED,18,5,1
2026-06-20 18:00:00,General Medicine,General Medicine Ward,120,96,24,0.8,80.0,3,4,-1,AMBER,18,5,1
2026-06-20 18:00:00,Surgical Ward,Surgical & Post-Op Ward,80,68,12,0.85,85.0,0,1,-1,AMBER,18,5,1
2026-06-20 18:00:00,Pediatrics,Pediatric Ward,40,43,0,1.075,107.5,0,0,0,RED,18,5,1
2026-06-20 19:00:00,Emergency,Emergency Department (ED),50,54,0,1.08,108.0,5,3,2,RED,19,5,1
2026-06-20 19:00:00,ICU,Intensive Care Unit (ICU),30,32,0,1.0667,106.7,1,0,1,RED,19,5,1
2026-06-20 19:00:00,General Medicine,General Medicine Ward,120,102,18,0.85,85.0,6,0,6,AMBER,19,5,1
2026-06-20 19:00:00,Surgical Ward,Surgical & Post-Op Ward,80,68,12,0.85,85.0,1,1,0,AMBER,19,5,1
2026-06-20 19:00:00,Pediatrics,Pediatric Ward,40,43,0,1.075,107.5,2,1,1,RED,19,5,1
2026-06-20 20:00:00,Emergency,Emergency Department (ED),50,54,0,1.08,108.0,5,2,3,RED,20,5,1
2026-06-20 20:00:00,ICU,Intensive Care Unit (ICU),30,32,0,1.0667,106.7,0,0,0,RED,20,5,1
2026-06-20 20:00:00,General Medicine,General Medicine Ward,120,102,18,0.85,85.0,1,1,0,AMBER,20,5,1
2026-06-20 20:00:00,Surgical Ward,Surgical & Post-Op Ward,80,66,14,0.825,82.5,0,2,-2,AMBER,20,5,1
2026-06-20 20:00:00,Pediatrics,Pediatric Ward,40,42,0,1.05,105.0,1,2,-1,RED,20,5,1
2026-06-20 21:00:00,Emergency,Emergency Department (ED),50,54,0,1.08,108.0,4,0,4,RED,21,5,1
2026-06-20 21:00:00,ICU,Intensive Care Unit (ICU),30,32,0,1.0667,106.7,0,0,0,RED,21,5,1
2026-06-20 21:00:00,General Medicine,General Medicine Ward,120,97,23,0.8083,80.8,0,5,-5,AMBER,21,5,1
2026-06-20 21:00:00,Surgical Ward,Surgical & Post-Op Ward,80,64,16,0.8,80.0,0,2,-2,AMBER,21,5,1
2026-06-20 21:00:00,Pediatrics,Pediatric Ward,40,42,0,1.05,105.0,1,1,0,RED,21,5,1
2026-06-20 22:00:00,Emergency,Emergency Department (ED),50,54,0,1.08,108.0,7,1,6,RED,22,5,1
2026-06-20 22:00:00,ICU,Intensive Care Unit (ICU),30,30,0,1.0,100.0,0,2,-2,RED,22,5,1
2026-06-20 22:00:00,General Medicine,General Medicine Ward,120,96,24,0.8,80.0,0,1,-1,AMBER,22,5,1
2026-06-20 22:00:00,Surgical Ward,Surgical & Post-Op Ward,80,61,19,0.7625,76.2,0,3,-3,AMBER,22,5,1
2026-06-20 22:00:00,Pediatrics,Pediatric Ward,40,43,0,1.075,107.5,2,1,1,RED,22,5,1
2026-06-20 23:00:00,Emergency,Emergency Department (ED),50,53,0,1.06,106.0,2,3,-1,RED,23,5,1
2026-06-20 23:00:00,ICU,Intensive Care Unit (ICU),30,30,0,1.0,100.0,0,0,0,RED,23,5,1
2026-06-20 23:00:00,General Medicine,General Medicine Ward,120,95,25,0.7917,79.2,1,2,-1,AMBER,23,5,1
2026-06-20 23:00:00,Surgical Ward,Surgical & Post-Op Ward,80,59,21,0.7375,73.8,0,2,-2,GREEN,23,5,1
2026-06-20 23:00:00,Pediatrics,Pediatric Ward,40,43,0,1.075,107.5,2,0,2,RED,23,5,1
2026-06-21 00:00:00,Emergency,Emergency Department (ED),50,53,0,1.06,106.0,3,3,0,RED,0,6,1
2026-06-21 00:00:00,ICU,Intensive Care Unit (ICU),30,30,0,1.0,100.0,1,1,0,RED,0,6,1
2026-06-21 00:00:00,General Medicine,General Medicine Ward,120,93,27,0.775,77.5,2,4,-2,AMBER,0,6,1
2026-06-21 00:00:00,Surgical Ward,Surgical & Post-Op Ward,80,59,21,0.7375,73.8,0,0,0,GREEN,0,6,1
2026-06-21 00:00:00,Pediatrics,Pediatric Ward,40,43,0,1.075,107.5,0,0,0,RED,0,6,1
2026-06-21 01:00:00,Emergency,Emergency Department (ED),50,54,0,1.08,108.0,4,2,2,RED,1,6,1
2026-06-21 01:00:00,ICU,Intensive Care Unit (ICU),30,31,0,1.0333,103.3,1,0,1,RED,1,6,1
2026-06-21 01:00:00,General Medicine,General Medicine Ward,120,93,27,0.775,77.5,1,1,0,AMBER,1,6,1
2026-06-21 01:00:00,Surgical Ward,Surgical & Post-Op Ward,80,59,21,0.7375,73.8,0,0,0,GREEN,1,6,1
2026-06-21 01:00:00,Pediatrics,Pediatric Ward,40,43,0,1.075,107.5,2,0,2,RED,1,6,1
2026-06-21 02:00:00,Emergency,Emergency Department (ED),50,54,0,1.08,108.0,1,1,0,RED,2,6,1
2026-06-21 02:00:00,ICU,Intensive Care Unit (ICU),30,32,0,1.0667,106.7,4,0,4,RED,2,6,1
2026-06-21 02:00:00,General Medicine,General Medicine Ward,120,94,26,0.7833,78.3,1,0,1,AMBER,2,6,1
2026-06-21 02:00:00,Surgical Ward,Surgical & Post-Op Ward,80,59,21,0.7375,73.8,0,0,0,GREEN,2,6,1
2026-06-21 02:00:00,Pediatrics,Pediatric Ward,40,42,0,1.05,105.0,0,1,-1,RED,2,6,1
2026-06-21 03:00:00,Emergency,Emergency Department (ED),50,54,0,1.08,108.0,1,0,1,RED,3,6,1
2026-06-21 03:00:00,ICU,Intensive Care Unit (ICU),30,32,0,1.0667,106.7,0,0,0,RED,3,6,1
2026-06-21 03:00:00,General Medicine,General Medicine Ward,120,94,26,0.7833,78.3,0,0,0,AMBER,3,6,1
2026-06-21 03:00:00,Surgical Ward,Surgical & Post-Op Ward,80,59,21,0.7375,73.8,0,0,0,GREEN,3,6,1
2026-06-21 03:00:00,Pediatrics,Pediatric Ward,40,43,0,1.075,107.5,1,0,1,RED,3,6,1
2026-06-21 04:00:00,Emergency,Emergency Department (ED),50,54,0,1.08,108.0,1,1,0,RED,4,6,1
2026-06-21 04:00:00,ICU,Intensive Care Unit (ICU),30,32,0,1.0667,106.7,0,0,0,RED,4,6,1
2026-06-21 04:00:00,General Medicine,General Medicine Ward,120,95,25,0.7917,79.2,1,0,1,AMBER,4,6,1
2026-06-21 04:00:00,Surgical Ward,Surgical & Post-Op Ward,80,59,21,0.7375,73.8,0,0,0,GREEN,4,6,1
2026-06-21 04:00:00,Pediatrics,Pediatric Ward,40,43,0,1.075,107.5,0,0,0,RED,4,6,1
2026-06-21 05:00:00,Emergency,Emergency Department (ED),50,54,0,1.08,108.0,2,1,1,RED,5,6,1
2026-06-21 05:00:00,ICU,Intensive Care Unit (ICU),30,32,0,1.0667,106.7,0,0,0,RED,5,6,1
2026-06-21 05:00:00,General Medicine,General Medicine Ward,120,95,25,0.7917,79.2,0,0,0,AMBER,5,6,1
2026-06-21 05:00:00,Surgical Ward,Surgical & Post-Op Ward,80,56,24,0.7,70.0,0,3,-3,GREEN,5,6,1
2026-06-21 05:00:00,Pediatrics,Pediatric Ward,40,43,0,1.075,107.5,1,1,0,RED,5,6,1
2026-06-21 06:00:00,Emergency,Emergency Department (ED),50,54,0,1.08,108.0,3,0,3,RED,6,6,1
2026-06-21 06:00:00,ICU,Intensive Care Unit (ICU),30,32,0,1.0667,106.7,1,0,1,RED,6,6,1
2026-06-21 06:00:00,General Medicine,General Medicine Ward,120,91,29,0.7583,75.8,0,4,-4,AMBER,6,6,1
2026-06-21 06:00:00,Surgical Ward,Surgical & Post-Op Ward,80,53,27,0.6625,66.2,0,3,-3,GREEN,6,6,1
2026-06-21 06:00:00,Pediatrics,Pediatric Ward,40,43,0,1.075,107.5,0,0,0,RED,6,6,1
2026-06-21 07:00:00,Emergency,Emergency Department (ED),50,54,0,1.08,108.0,7,3,4,RED,7,6,1
2026-06-21 07:00:00,ICU,Intensive Care Unit (ICU),30,32,0,1.0667,106.7,1,0,1,RED,7,6,1
2026-06-21 07:00:00,General Medicine,General Medicine Ward,120,92,28,0.7667,76.7,4,3,1,AMBER,7,6,1
2026-06-21 07:00:00,Surgical Ward,Surgical & Post-Op Ward,80,53,27,0.6625,66.2,0,0,0,GREEN,7,6,1
2026-06-21 07:00:00,Pediatrics,Pediatric Ward,40,43,0,1.075,107.5,0,0,0,RED,7,6,1
2026-06-21 08:00:00,Emergency,Emergency Department (ED),50,54,0,1.08,108.0,5,2,3,RED,8,6,1
2026-06-21 08:00:00,ICU,Intensive Care Unit (ICU),30,31,0,1.0333,103.3,0,1,-1,RED,8,6,1
2026-06-21 08:00:00,General Medicine,General Medicine Ward,120,91,29,0.7583,75.8,3,4,-1,AMBER,8,6,1
2026-06-21 08:00:00,Surgical Ward,Surgical & Post-Op Ward,80,52,28,0.65,65.0,0,1,-1,GREEN,8,6,1
2026-06-21 08:00:00,Pediatrics,Pediatric Ward,40,43,0,1.075,107.5,2,0,2,RED,8,6,1
2026-06-21 09:00:00,Emergency,Emergency Department (ED),50,54,0,1.08,108.0,5,4,1,RED,9,6,1
2026-06-21 09:00:00,ICU,Intensive Care Unit (ICU),30,32,0,1.0667,106.7,2,0,2,RED,9,6,1
2026-06-21 09:00:00,General Medicine,General Medicine Ward,120,90,30,0.75,75.0,2,3,-1,AMBER,9,6,1
2026-06-21 09:00:00,Surgical Ward,Surgical & Post-Op Ward,80,51,29,0.6375,63.7,5,6,-1,GREEN,9,6,1
2026-06-21 09:00:00,Pediatrics,Pediatric Ward,40,43,0,1.075,107.5,1,1,0,RED,9,6,1
2026-06-21 10:00:00,Emergency,Emergency Department (ED),50,54,0,1.08,108.0,3,3,0,RED,10,6,1
2026-06-21 10:00:00,ICU,Intensive Care Unit (ICU),30,32,0,1.0667,106.7,2,1,1,RED,10,6,1
2026-06-21 10:00:00,General Medicine,General Medicine Ward,120,86,34,0.7167,71.7,4,8,-4,GREEN,10,6,1
2026-06-21 10:00:00,Surgical Ward,Surgical & Post-Op Ward,80,48,32,0.6,60.0,1,4,-3,GREEN,10,6,1
2026-06-21 10:00:00,Pediatrics,Pediatric Ward,40,43,0,1.075,107.5,4,3,1,RED,10,6,1
2026-06-21 11:00:00,Emergency,Emergency Department (ED),50,53,0,1.06,106.0,3,4,-1,RED,11,6,1
2026-06-21 11:00:00,ICU,Intensive Care Unit (ICU),30,32,0,1.0667,106.7,3,0,3,RED,11,6,1
2026-06-21 11:00:00,General Medicine,General Medicine Ward,120,85,35,0.7083,70.8,4,5,-1,GREEN,11,6,1
2026-06-21 11:00:00,Surgical Ward,Surgical & Post-Op Ward,80,43,37,0.5375,53.8,0,5,-5,GREEN,11,6,1
2026-06-21 11:00:00,Pediatrics,Pediatric Ward,40,41,0,1.025,102.5,0,2,-2,RED,11,6,1
2026-06-21 12:00:00,Emergency,Emergency Department (ED),50,54,0,1.08,108.0,6,3,3,RED,12,6,1
2026-06-21 12:00:00,ICU,Intensive Care Unit (ICU),30,31,0,1.0333,103.3,0,1,-1,RED,12,6,1
2026-06-21 12:00:00,General Medicine,General Medicine Ward,120,83,37,0.6917,69.2,3,5,-2,GREEN,12,6,1
2026-06-21 12:00:00,Surgical Ward,Surgical & Post-Op Ward,80,41,39,0.5125,51.2,1,3,-2,GREEN,12,6,1
2026-06-21 12:00:00,Pediatrics,Pediatric Ward,40,38,2,0.95,95.0,0,3,-3,RED,12,6,1
2026-06-21 13:00:00,Emergency,Emergency Department (ED),50,51,0,1.02,102.0,0,3,-3,RED,13,6,1
2026-06-21 13:00:00,ICU,Intensive Care Unit (ICU),30,32,0,1.0667,106.7,1,0,1,RED,13,6,1
2026-06-21 13:00:00,General Medicine,General Medicine Ward,120,80,40,0.6667,66.7,1,4,-3,GREEN,13,6,1
2026-06-21 13:00:00,Surgical Ward,Surgical & Post-Op Ward,80,35,45,0.4375,43.8,0,6,-6,GREEN,13,6,1
2026-06-21 13:00:00,Pediatrics,Pediatric Ward,40,36,4,0.9,90.0,0,2,-2,RED,13,6,1
2026-06-21 14:00:00,Emergency,Emergency Department (ED),50,52,0,1.04,104.0,3,2,1,RED,14,6,1
2026-06-21 14:00:00,ICU,Intensive Care Unit (ICU),30,32,0,1.0667,106.7,0,0,0,RED,14,6,1
2026-06-21 14:00:00,General Medicine,General Medicine Ward,120,78,42,0.65,65.0,5,7,-2,GREEN,14,6,1
2026-06-21 14:00:00,Surgical Ward,Surgical & Post-Op Ward,80,36,44,0.45,45.0,3,2,1,GREEN,14,6,1
2026-06-21 14:00:00,Pediatrics,Pediatric Ward,40,34,6,0.85,85.0,0,2,-2,AMBER,14,6,1
2026-06-21 15:00:00,Emergency,Emergency Department (ED),50,54,0,1.08,108.0,6,4,2,RED,15,6,1
2026-06-21 15:00:00,ICU,Intensive Care Unit (ICU),30,30,0,1.0,100.0,0,2,-2,RED,15,6,1
2026-06-21 15:00:00,General Medicine,General Medicine Ward,120,76,44,0.6333,63.3,4,6,-2,GREEN,15,6,1
2026-06-21 15:00:00,Surgical Ward,Surgical & Post-Op Ward,80,31,49,0.3875,38.8,0,5,-5,GREEN,15,6,1
2026-06-21 15:00:00,Pediatrics,Pediatric Ward,40,30,10,0.75,75.0,0,4,-4,AMBER,15,6,1
2026-06-21 16:00:00,Emergency,Emergency Department (ED),50,54,0,1.08,108.0,4,0,4,RED,16,6,1
2026-06-21 16:00:00,ICU,Intensive Care Unit (ICU),30,30,0,1.0,100.0,1,1,0,RED,16,6,1
2026-06-21 16:00:00,General Medicine,General Medicine Ward,120,80,40,0.6667,66.7,7,3,4,GREEN,16,6,1
2026-06-21 16:00:00,Surgical Ward,Surgical & Post-Op Ward,80,30,50,0.375,37.5,1,2,-1,GREEN,16,6,1
2026-06-21 16:00:00,Pediatrics,Pediatric Ward,40,32,8,0.8,80.0,4,2,2,AMBER,16,6,1
2026-06-21 17:00:00,Emergency,Emergency Department (ED),50,54,0,1.08,108.0,4,4,0,RED,17,6,1
2026-06-21 17:00:00,ICU,Intensive Care Unit (ICU),30,29,1,0.9667,96.7,0,1,-1,RED,17,6,1
2026-06-21 17:00:00,General Medicine,General Medicine Ward,120,80,40,0.6667,66.7,3,3,0,GREEN,17,6,1
2026-06-21 17:00:00,Surgical Ward,Surgical & Post-Op Ward,80,30,50,0.375,37.5,0,0,0,GREEN,17,6,1
2026-06-21 17:00:00,Pediatrics,Pediatric Ward,40,30,10,0.75,75.0,0,2,-2,AMBER,17,6,1
2026-06-21 18:00:00,Emergency,Emergency Department (ED),50,54,0,1.08,108.0,6,1,5,RED,18,6,1
2026-06-21 18:00:00,ICU,Intensive Care Unit (ICU),30,30,0,1.0,100.0,1,0,1,RED,18,6,1
2026-06-21 18:00:00,General Medicine,General Medicine Ward,120,82,38,0.6833,68.3,4,2,2,GREEN,18,6,1
2026-06-21 18:00:00,Surgical Ward,Surgical & Post-Op Ward,80,31,49,0.3875,38.8,1,0,1,GREEN,18,6,1
2026-06-21 18:00:00,Pediatrics,Pediatric Ward,40,33,7,0.825,82.5,4,1,3,AMBER,18,6,1
2026-06-21 19:00:00,Emergency,Emergency Department (ED),50,53,0,1.06,106.0,5,6,-1,RED,19,6,1
2026-06-21 19:00:00,ICU,Intensive Care Unit (ICU),30,31,0,1.0333,103.3,2,1,1,RED,19,6,1
2026-06-21 19:00:00,General Medicine,General Medicine Ward,120,83,37,0.6917,69.2,3,2,1,GREEN,19,6,1
2026-06-21 19:00:00,Surgical Ward,Surgical & Post-Op Ward,80,30,50,0.375,37.5,1,2,-1,GREEN,19,6,1
2026-06-21 19:00:00,Pediatrics,Pediatric Ward,40,32,8,0.8,80.0,1,2,-1,AMBER,19,6,1
2026-06-21 20:00:00,Emergency,Emergency Department (ED),50,54,0,1.08,108.0,4,3,1,RED,20,6,1
2026-06-21 20:00:00,ICU,Intensive Care Unit (ICU),30,32,0,1.0667,106.7,1,0,1,RED,20,6,1
2026-06-21 20:00:00,General Medicine,General Medicine Ward,120,83,37,0.6917,69.2,4,4,0,GREEN,20,6,1
2026-06-21 20:00:00,Surgical Ward,Surgical & Post-Op Ward,80,29,51,0.3625,36.2,1,2,-1,GREEN,20,6,1
2026-06-21 20:00:00,Pediatrics,Pediatric Ward,40,33,7,0.825,82.5,1,0,1,AMBER,20,6,1
2026-06-21 21:00:00,Emergency,Emergency Department (ED),50,54,0,1.08,108.0,4,0,4,RED,21,6,1
2026-06-21 21:00:00,ICU,Intensive Care Unit (ICU),30,32,0,1.0667,106.7,1,0,1,RED,21,6,1
2026-06-21 21:00:00,General Medicine,General Medicine Ward,120,85,35,0.7083,70.8,2,0,2,GREEN,21,6,1
2026-06-21 21:00:00,Surgical Ward,Surgical & Post-Op Ward,80,26,54,0.325,32.5,0,3,-3,GREEN,21,6,1
2026-06-21 21:00:00,Pediatrics,Pediatric Ward,40,33,7,0.825,82.5,1,1,0,AMBER,21,6,1
2026-06-21 22:00:00,Emergency,Emergency Department (ED),50,54,0,1.08,108.0,6,0,6,RED,22,6,1
2026-06-21 22:00:00,ICU,Intensive Care Unit (ICU),30,32,0,1.0667,106.7,1,0,1,RED,22,6,1
2026-06-21 22:00:00,General Medicine,General Medicine Ward,120,84,36,0.7,70.0,3,4,-1,GREEN,22,6,1
2026-06-21 22:00:00,Surgical Ward,Surgical & Post-Op Ward,80,22,58,0.275,27.5,0,4,-4,GREEN,22,6,1
2026-06-21 22:00:00,Pediatrics,Pediatric Ward,40,33,7,0.825,82.5,1,1,0,AMBER,22,6,1
2026-06-21 23:00:00,Emergency,Emergency Department (ED),50,54,0,1.08,108.0,3,1,2,RED,23,6,1
2026-06-21 23:00:00,ICU,Intensive Care Unit (ICU),30,32,0,1.0667,106.7,2,0,2,RED,23,6,1
2026-06-21 23:00:00,General Medicine,General Medicine Ward,120,85,35,0.7083,70.8,3,2,1,GREEN,23,6,1
2026-06-21 23:00:00,Surgical Ward,Surgical & Post-Op Ward,80,20,60,0.25,25.0,1,3,-2,GREEN,23,6,1
2026-06-21 23:00:00,Pediatrics,Pediatric Ward,40,34,6,0.85,85.0,2,1,1,AMBER,23,6,1
2026-06-22 00:00:00,Emergency,Emergency Department (ED),50,54,0,1.08,108.0,2,2,0,RED,0,0,0
2026-06-22 00:00:00,ICU,Intensive Care Unit (ICU),30,32,0,1.0667,106.7,1,1,0,RED,0,0,0
2026-06-22 00:00:00,General Medicine,General Medicine Ward,120,87,33,0.725,72.5,5,3,2,GREEN,0,0,0
2026-06-22 00:00:00,Surgical Ward,Surgical & Post-Op Ward,80,20,60,0.25,25.0,1,1,0,GREEN,0,0,0
2026-06-22 00:00:00,Pediatrics,Pediatric Ward,40,34,6,0.85,85.0,2,2,0,AMBER,0,0,0
2026-06-22 01:00:00,Emergency,Emergency Department (ED),50,53,0,1.06,106.0,3,4,-1,RED,1,0,0
2026-06-22 01:00:00,ICU,Intensive Care Unit (ICU),30,32,0,1.0667,106.7,0,0,0,RED,1,0,0
2026-06-22 01:00:00,General Medicine,General Medicine Ward,120,89,31,0.7417,74.2,2,0,2,GREEN,1,0,0
2026-06-22 01:00:00,Surgical Ward,Surgical & Post-Op Ward,80,20,60,0.25,25.0,0,0,0,GREEN,1,0,0
2026-06-22 01:00:00,Pediatrics,Pediatric Ward,40,33,7,0.825,82.5,1,2,-1,AMBER,1,0,0
2026-06-22 02:00:00,Emergency,Emergency Department (ED),50,53,0,1.06,106.0,0,0,0,RED,2,0,0
2026-06-22 02:00:00,ICU,Intensive Care Unit (ICU),30,32,0,1.0667,106.7,1,1,0,RED,2,0,0
2026-06-22 02:00:00,General Medicine,General Medicine Ward,120,93,27,0.775,77.5,4,0,4,AMBER,2,0,0
2026-06-22 02:00:00,Surgical Ward,Surgical & Post-Op Ward,80,20,60,0.25,25.0,2,2,0,GREEN,2,0,0
2026-06-22 02:00:00,Pediatrics,Pediatric Ward,40,33,7,0.825,82.5,0,0,0,AMBER,2,0,0
2026-06-22 03:00:00,Emergency,Emergency Department (ED),50,53,0,1.06,106.0,0,0,0,RED,3,0,0
2026-06-22 03:00:00,ICU,Intensive Care Unit (ICU),30,32,0,1.0667,106.7,1,0,1,RED,3,0,0
2026-06-22 03:00:00,General Medicine,General Medicine Ward,120,92,28,0.7667,76.7,0,1,-1,AMBER,3,0,0
2026-06-22 03:00:00,Surgical Ward,Surgical & Post-Op Ward,80,21,59,0.2625,26.2,1,0,1,GREEN,3,0,0
2026-06-22 03:00:00,Pediatrics,Pediatric Ward,40,34,6,0.85,85.0,1,0,1,AMBER,3,0,0
2026-06-22 04:00:00,Emergency,Emergency Department (ED),50,52,0,1.04,104.0,0,1,-1,RED,4,0,0
2026-06-22 04:00:00,ICU,Intensive Care Unit (ICU),30,32,0,1.0667,106.7,0,0,0,RED,4,0,0
2026-06-22 04:00:00,General Medicine,General Medicine Ward,120,93,27,0.775,77.5,1,0,1,AMBER,4,0,0
2026-06-22 04:00:00,Surgical Ward,Surgical & Post-Op Ward,80,21,59,0.2625,26.2,0,0,0,GREEN,4,0,0
2026-06-22 04:00:00,Pediatrics,Pediatric Ward,40,33,7,0.825,82.5,0,1,-1,AMBER,4,0,0
2026-06-22 05:00:00,Emergency,Emergency Department (ED),50,54,0,1.08,108.0,2,0,2,RED,5,0,0
2026-06-22 05:00:00,ICU,Intensive Care Unit (ICU),30,32,0,1.0667,106.7,0,0,0,RED,5,0,0
2026-06-22 05:00:00,General Medicine,General Medicine Ward,120,94,26,0.7833,78.3,1,0,1,AMBER,5,0,0
2026-06-22 05:00:00,Surgical Ward,Surgical & Post-Op Ward,80,19,61,0.2375,23.8,1,3,-2,GREEN,5,0,0
2026-06-22 05:00:00,Pediatrics,Pediatric Ward,40,33,7,0.825,82.5,0,0,0,AMBER,5,0,0
2026-06-22 06:00:00,Emergency,Emergency Department (ED),50,54,0,1.08,108.0,3,0,3,RED,6,0,0
2026-06-22 06:00:00,ICU,Intensive Care Unit (ICU),30,32,0,1.0667,106.7,0,0,0,RED,6,0,0
2026-06-22 06:00:00,General Medicine,General Medicine Ward,120,97,23,0.8083,80.8,4,1,3,AMBER,6,0,0
2026-06-22 06:00:00,Surgical Ward,Surgical & Post-Op Ward,80,17,63,0.2125,21.2,2,4,-2,GREEN,6,0,0
2026-06-22 06:00:00,Pediatrics,Pediatric Ward,40,34,6,0.85,85.0,1,0,1,AMBER,6,0,0
2026-06-22 07:00:00,Emergency,Emergency Department (ED),50,54,0,1.08,108.0,6,2,4,RED,7,0,0
2026-06-22 07:00:00,ICU,Intensive Care Unit (ICU),30,32,0,1.0667,106.7,0,0,0,RED,7,0,0
2026-06-22 07:00:00,General Medicine,General Medicine Ward,120,100,20,0.8333,83.3,5,2,3,AMBER,7,0,0
2026-06-22 07:00:00,Surgical Ward,Surgical & Post-Op Ward,80,16,64,0.2,20.0,3,4,-1,GREEN,7,0,0
2026-06-22 07:00:00,Pediatrics,Pediatric Ward,40,37,3,0.925,92.5,3,0,3,RED,7,0,0
2026-06-22 08:00:00,Emergency,Emergency Department (ED),50,52,0,1.04,104.0,3,5,-2,RED,8,0,0
2026-06-22 08:00:00,ICU,Intensive Care Unit (ICU),30,32,0,1.0667,106.7,0,0,0,RED,8,0,0
2026-06-22 08:00:00,General Medicine,General Medicine Ward,120,99,21,0.825,82.5,3,4,-1,AMBER,8,0,0
2026-06-22 08:00:00,Surgical Ward,Surgical & Post-Op Ward,80,18,62,0.225,22.5,4,2,2,GREEN,8,0,0
2026-06-22 08:00:00,Pediatrics,Pediatric Ward,40,38,2,0.95,95.0,1,0,1,RED,8,0,0
2026-06-22 09:00:00,Emergency,Emergency Department (ED),50,51,0,1.02,102.0,4,5,-1,RED,9,0,0
2026-06-22 09:00:00,ICU,Intensive Care Unit (ICU),30,32,0,1.0667,106.7,1,1,0,RED,9,0,0
2026-06-22 09:00:00,General Medicine,General Medicine Ward,120,101,19,0.8417,84.2,6,4,2,AMBER,9,0,0
2026-06-22 09:00:00,Surgical Ward,Surgical & Post-Op Ward,80,25,55,0.3125,31.2,7,0,7,GREEN,9,0,0
2026-06-22 09:00:00,Pediatrics,Pediatric Ward,40,38,2,0.95,95.0,1,1,0,RED,9,0,0
2026-06-22 10:00:00,Emergency,Emergency Department (ED),50,52,0,1.04,104.0,3,2,1,RED,10,0,0
2026-06-22 10:00:00,ICU,Intensive Care Unit (ICU),30,32,0,1.0667,106.7,0,0,0,RED,10,0,0
2026-06-22 10:00:00,General Medicine,General Medicine Ward,120,100,20,0.8333,83.3,5,6,-1,AMBER,10,0,0
2026-06-22 10:00:00,Surgical Ward,Surgical & Post-Op Ward,80,23,57,0.2875,28.7,4,6,-2,GREEN,10,0,0
2026-06-22 10:00:00,Pediatrics,Pediatric Ward,40,38,2,0.95,95.0,1,1,0,RED,10,0,0
2026-06-22 11:00:00,Emergency,Emergency Department (ED),50,52,0,1.04,104.0,3,3,0,RED,11,0,0
2026-06-22 11:00:00,ICU,Intensive Care Unit (ICU),30,32,0,1.0667,106.7,2,0,2,RED,11,0,0
2026-06-22 11:00:00,General Medicine,General Medicine Ward,120,99,21,0.825,82.5,5,6,-1,AMBER,11,0,0
2026-06-22 11:00:00,Surgical Ward,Surgical & Post-Op Ward,80,21,59,0.2625,26.2,1,3,-2,GREEN,11,0,0
2026-06-22 11:00:00,Pediatrics,Pediatric Ward,40,40,0,1.0,100.0,2,0,2,RED,11,0,0
2026-06-22 12:00:00,Emergency,Emergency Department (ED),50,52,0,1.04,104.0,3,3,0,RED,12,0,0
2026-06-22 12:00:00,ICU,Intensive Care Unit (ICU),30,30,0,1.0,100.0,0,2,-2,RED,12,0,0
2026-06-22 12:00:00,General Medicine,General Medicine Ward,120,103,17,0.8583,85.8,4,0,4,AMBER,12,0,0
2026-06-22 12:00:00,Surgical Ward,Surgical & Post-Op Ward,80,21,59,0.2625,26.2,2,2,0,GREEN,12,0,0
2026-06-22 12:00:00,Pediatrics,Pediatric Ward,40,41,0,1.025,102.5,1,0,1,RED,12,0,0
2026-06-22 13:00:00,Emergency,Emergency Department (ED),50,49,1,0.98,98.0,1,4,-3,RED,13,0,0
2026-06-22 13:00:00,ICU,Intensive Care Unit (ICU),30,29,1,0.9667,96.7,0,1,-1,RED,13,0,0
2026-06-22 13:00:00,General Medicine,General Medicine Ward,120,104,16,0.8667,86.7,7,6,1,AMBER,13,0,0
2026-06-22 13:00:00,Surgical Ward,Surgical & Post-Op Ward,80,20,60,0.25,25.0,2,3,-1,GREEN,13,0,0
2026-06-22 13:00:00,Pediatrics,Pediatric Ward,40,41,0,1.025,102.5,1,1,0,RED,13,0,0
2026-06-22 14:00:00,Emergency,Emergency Department (ED),50,45,5,0.9,90.0,0,4,-4,RED,14,0,0
2026-06-22 14:00:00,ICU,Intensive Care Unit (ICU),30,28,2,0.9333,93.3,0,1,-1,RED,14,0,0
2026-06-22 14:00:00,General Medicine,General Medicine Ward,120,113,7,0.9417,94.2,12,3,9,RED,14,0,0
2026-06-22 14:00:00,Surgical Ward,Surgical & Post-Op Ward,80,17,63,0.2125,21.2,2,5,-3,GREEN,14,0,0
2026-06-22 14:00:00,Pediatrics,Pediatric Ward,40,41,0,1.025,102.5,0,0,0,RED,14,0,0
2026-06-22 15:00:00,Emergency,Emergency Department (ED),50,46,4,0.92,92.0,4,3,1,RED,15,0,0
2026-06-22 15:00:00,ICU,Intensive Care Unit (ICU),30,29,1,0.9667,96.7,1,0,1,RED,15,0,0
2026-06-22 15:00:00,General Medicine,General Medicine Ward,120,115,5,0.9583,95.8,4,2,2,RED,15,0,0
2026-06-22 15:00:00,Surgical Ward,Surgical & Post-Op Ward,80,15,65,0.1875,18.8,1,3,-2,GREEN,15,0,0
2026-06-22 15:00:00,Pediatrics,Pediatric Ward,40,43,0,1.075,107.5,3,0,3,RED,15,0,0
2026-06-22 16:00:00,Emergency,Emergency Department (ED),50,46,4,0.92,92.0,2,2,0,RED,16,0,0
2026-06-22 16:00:00,ICU,Intensive Care Unit (ICU),30,29,1,0.9667,96.7,0,0,0,RED,16,0,0
2026-06-22 16:00:00,General Medicine,General Medicine Ward,120,117,3,0.975,97.5,2,0,2,RED,16,0,0
2026-06-22 16:00:00,Surgical Ward,Surgical & Post-Op Ward,80,16,64,0.2,20.0,2,1,1,GREEN,16,0,0
2026-06-22 16:00:00,Pediatrics,Pediatric Ward,40,43,0,1.075,107.5,4,1,3,RED,16,0,0
2026-06-22 17:00:00,Emergency,Emergency Department (ED),50,48,2,0.96,96.0,2,0,2,RED,17,0,0
2026-06-22 17:00:00,ICU,Intensive Care Unit (ICU),30,29,1,0.9667,96.7,0,0,0,RED,17,0,0
2026-06-22 17:00:00,General Medicine,General Medicine Ward,120,117,3,0.975,97.5,5,5,0,RED,17,0,0
2026-06-22 17:00:00,Surgical Ward,Surgical & Post-Op Ward,80,17,63,0.2125,21.2,2,1,1,GREEN,17,0,0
2026-06-22 17:00:00,Pediatrics,Pediatric Ward,40,43,0,1.075,107.5,0,0,0,RED,17,0,0
2026-06-22 18:00:00,Emergency,Emergency Department (ED),50,51,0,1.02,102.0,5,2,3,RED,18,0,0
2026-06-22 18:00:00,ICU,Intensive Care Unit (ICU),30,30,0,1.0,100.0,1,0,1,RED,18,0,0
2026-06-22 18:00:00,General Medicine,General Medicine Ward,120,121,0,1.0083,100.8,6,2,4,RED,18,0,0
2026-06-22 18:00:00,Surgical Ward,Surgical & Post-Op Ward,80,17,63,0.2125,21.2,0,0,0,GREEN,18,0,0
2026-06-22 18:00:00,Pediatrics,Pediatric Ward,40,43,0,1.075,107.5,1,1,0,RED,18,0,0
2026-06-22 19:00:00,Emergency,Emergency Department (ED),50,48,2,0.96,96.0,1,4,-3,RED,19,0,0
2026-06-22 19:00:00,ICU,Intensive Care Unit (ICU),30,29,1,0.9667,96.7,0,1,-1,RED,19,0,0
2026-06-22 19:00:00,General Medicine,General Medicine Ward,120,126,0,1.05,105.0,7,2,5,RED,19,0,0
2026-06-22 19:00:00,Surgical Ward,Surgical & Post-Op Ward,80,15,65,0.1875,18.8,1,3,-2,GREEN,19,0,0
2026-06-22 19:00:00,Pediatrics,Pediatric Ward,40,41,0,1.025,102.5,0,2,-2,RED,19,0,0
2026-06-22 20:00:00,Emergency,Emergency Department (ED),50,51,0,1.02,102.0,5,2,3,RED,20,0,0
2026-06-22 20:00:00,ICU,Intensive Care Unit (ICU),30,29,1,0.9667,96.7,0,0,0,RED,20,0,0
2026-06-22 20:00:00,General Medicine,General Medicine Ward,120,125,0,1.0417,104.2,3,4,-1,RED,20,0,0
2026-06-22 20:00:00,Surgical Ward,Surgical & Post-Op Ward,80,17,63,0.2125,21.2,2,0,2,GREEN,20,0,0
2026-06-22 20:00:00,Pediatrics,Pediatric Ward,40,40,0,1.0,100.0,0,1,-1,RED,20,0,0
2026-06-22 21:00:00,Emergency,Emergency Department (ED),50,54,0,1.08,108.0,9,2,7,RED,21,0,0
2026-06-22 21:00:00,ICU,Intensive Care Unit (ICU),30,30,0,1.0,100.0,1,0,1,RED,21,0,0
2026-06-22 21:00:00,General Medicine,General Medicine Ward,120,127,0,1.0583,105.8,3,1,2,RED,21,0,0
2026-06-22 21:00:00,Surgical Ward,Surgical & Post-Op Ward,80,18,62,0.225,22.5,1,0,1,GREEN,21,0,0
2026-06-22 21:00:00,Pediatrics,Pediatric Ward,40,40,0,1.0,100.0,2,2,0,RED,21,0,0
2026-06-22 22:00:00,Emergency,Emergency Department (ED),50,54,0,1.08,108.0,5,1,4,RED,22,0,0
2026-06-22 22:00:00,ICU,Intensive Care Unit (ICU),30,29,1,0.9667,96.7,1,2,-1,RED,22,0,0
2026-06-22 22:00:00,General Medicine,General Medicine Ward,120,123,0,1.025,102.5,0,4,-4,RED,22,0,0
2026-06-22 22:00:00,Surgical Ward,Surgical & Post-Op Ward,80,19,61,0.2375,23.8,3,2,1,GREEN,22,0,0
2026-06-22 22:00:00,Pediatrics,Pediatric Ward,40,40,0,1.0,100.0,2,2,0,RED,22,0,0
2026-06-22 23:00:00,Emergency,Emergency Department (ED),50,51,0,1.02,102.0,3,6,-3,RED,23,0,0
2026-06-22 23:00:00,ICU,Intensive Care Unit (ICU),30,28,2,0.9333,93.3,0,1,-1,RED,23,0,0
2026-06-22 23:00:00,General Medicine,General Medicine Ward,120,124,0,1.0333,103.3,1,0,1,RED,23,0,0
2026-06-22 23:00:00,Surgical Ward,Surgical & Post-Op Ward,80,19,61,0.2375,23.8,3,3,0,GREEN,23,0,0
2026-06-22 23:00:00,Pediatrics,Pediatric Ward,40,39,1,0.975,97.5,0,1,-1,RED,23,0,0
2026-06-23 00:00:00,Emergency,Emergency Department (ED),50,49,1,0.98,98.0,2,4,-2,RED,0,1,0
2026-06-23 00:00:00,ICU,Intensive Care Unit (ICU),30,28,2,0.9333,93.3,0,0,0,RED,0,1,0
2026-06-23 00:00:00,General Medicine,General Medicine Ward,120,126,0,1.05,105.0,5,3,2,RED,0,1,0
2026-06-23 00:00:00,Surgical Ward,Surgical & Post-Op Ward,80,20,60,0.25,25.0,1,0,1,GREEN,0,1,0
2026-06-23 00:00:00,Pediatrics,Pediatric Ward,40,39,1,0.975,97.5,0,0,0,RED,0,1,0
2026-06-23 01:00:00,Emergency,Emergency Department (ED),50,50,0,1.0,100.0,5,4,1,RED,1,1,0
2026-06-23 01:00:00,ICU,Intensive Care Unit (ICU),30,30,0,1.0,100.0,2,0,2,RED,1,1,0
2026-06-23 01:00:00,General Medicine,General Medicine Ward,120,129,0,1.075,107.5,3,0,3,RED,1,1,0
2026-06-23 01:00:00,Surgical Ward,Surgical & Post-Op Ward,80,22,58,0.275,27.5,2,0,2,GREEN,1,1,0
2026-06-23 01:00:00,Pediatrics,Pediatric Ward,40,37,3,0.925,92.5,0,2,-2,RED,1,1,0
2026-06-23 02:00:00,Emergency,Emergency Department (ED),50,49,1,0.98,98.0,0,1,-1,RED,2,1,0
2026-06-23 02:00:00,ICU,Intensive Care Unit (ICU),30,32,0,1.0667,106.7,2,0,2,RED,2,1,0
2026-06-23 02:00:00,General Medicine,General Medicine Ward,120,129,0,1.075,107.5,3,0,3,RED,2,1,0
2026-06-23 02:00:00,Surgical Ward,Surgical & Post-Op Ward,80,22,58,0.275,27.5,0,0,0,GREEN,2,1,0
2026-06-23 02:00:00,Pediatrics,Pediatric Ward,40,37,3,0.925,92.5,0,0,0,RED,2,1,0
2026-06-23 03:00:00,Emergency,Emergency Department (ED),50,50,0,1.0,100.0,2,1,1,RED,3,1,0
2026-06-23 03:00:00,ICU,Intensive Care Unit (ICU),30,32,0,1.0667,106.7,0,0,0,RED,3,1,0
2026-06-23 03:00:00,General Medicine,General Medicine Ward,120,129,0,1.075,107.5,2,0,2,RED,3,1,0
2026-06-23 03:00:00,Surgical Ward,Surgical & Post-Op Ward,80,22,58,0.275,27.5,0,0,0,GREEN,3,1,0
2026-06-23 03:00:00,Pediatrics,Pediatric Ward,40,36,4,0.9,90.0,0,1,-1,RED,3,1,0
2026-06-23 04:00:00,Emergency,Emergency Department (ED),50,51,0,1.02,102.0,1,0,1,RED,4,1,0
2026-06-23 04:00:00,ICU,Intensive Care Unit (ICU),30,32,0,1.0667,106.7,0,0,0,RED,4,1,0
2026-06-23 04:00:00,General Medicine,General Medicine Ward,120,129,0,1.075,107.5,0,0,0,RED,4,1,0
2026-06-23 04:00:00,Surgical Ward,Surgical & Post-Op Ward,80,22,58,0.275,27.5,2,2,0,GREEN,4,1,0
2026-06-23 04:00:00,Pediatrics,Pediatric Ward,40,37,3,0.925,92.5,1,0,1,RED,4,1,0
2026-06-23 05:00:00,Emergency,Emergency Department (ED),50,53,0,1.06,106.0,2,0,2,RED,5,1,0
2026-06-23 05:00:00,ICU,Intensive Care Unit (ICU),30,32,0,1.0667,106.7,1,0,1,RED,5,1,0
2026-06-23 05:00:00,General Medicine,General Medicine Ward,120,129,0,1.075,107.5,1,1,0,RED,5,1,0
2026-06-23 05:00:00,Surgical Ward,Surgical & Post-Op Ward,80,22,58,0.275,27.5,1,1,0,GREEN,5,1,0
2026-06-23 05:00:00,Pediatrics,Pediatric Ward,40,37,3,0.925,92.5,0,0,0,RED,5,1,0
2026-06-23 06:00:00,Emergency,Emergency Department (ED),50,52,0,1.04,104.0,0,1,-1,RED,6,1,0
2026-06-23 06:00:00,ICU,Intensive Care Unit (ICU),30,32,0,1.0667,106.7,3,0,3,RED,6,1,0
2026-06-23 06:00:00,General Medicine,General Medicine Ward,120,129,0,1.075,107.5,7,0,7,RED,6,1,0
2026-06-23 06:00:00,Surgical Ward,Surgical & Post-Op Ward,80,23,57,0.2875,28.7,2,1,1,GREEN,6,1,0
2026-06-23 06:00:00,Pediatrics,Pediatric Ward,40,37,3,0.925,92.5,1,1,0,RED,6,1,0
2026-06-23 07:00:00,Emergency,Emergency Department (ED),50,51,0,1.02,102.0,1,2,-1,RED,7,1,0
2026-06-23 07:00:00,ICU,Intensive Care Unit (ICU),30,32,0,1.0667,106.7,1,0,1,RED,7,1,0
2026-06-23 07:00:00,General Medicine,General Medicine Ward,120,129,0,1.075,107.5,7,5,2,RED,7,1,0
2026-06-23 07:00:00,Surgical Ward,Surgical & Post-Op Ward,80,21,59,0.2625,26.2,2,4,-2,GREEN,7,1,0
2026-06-23 07:00:00,Pediatrics,Pediatric Ward,40,37,3,0.925,92.5,0,0,0,RED,7,1,0
2026-06-23 08:00:00,Emergency,Emergency Department (ED),50,51,0,1.02,102.0,4,4,0,RED,8,1,0
2026-06-23 08:00:00,ICU,Intensive Care Unit (ICU),30,32,0,1.0667,106.7,1,1,0,RED,8,1,0
2026-06-23 08:00:00,General Medicine,General Medicine Ward,120,129,0,1.075,107.5,4,4,0,RED,8,1,0
2026-06-23 08:00:00,Surgical Ward,Surgical & Post-Op Ward,80,26,54,0.325,32.5,5,0,5,GREEN,8,1,0
2026-06-23 08:00:00,Pediatrics,Pediatric Ward,40,38,2,0.95,95.0,2,1,1,RED,8,1,0
2026-06-23 09:00:00,Emergency,Emergency Department (ED),50,53,0,1.06,106.0,3,1,2,RED,9,1,0
2026-06-23 09:00:00,ICU,Intensive Care Unit (ICU),30,32,0,1.0667,106.7,2,0,2,RED,9,1,0
2026-06-23 09:00:00,General Medicine,General Medicine Ward,120,129,0,1.075,107.5,4,2,2,RED,9,1,0
2026-06-23 09:00:00,Surgical Ward,Surgical & Post-Op Ward,80,24,56,0.3,30.0,4,6,-2,GREEN,9,1,0
2026-06-23 09:00:00,Pediatrics,Pediatric Ward,40,40,0,1.0,100.0,2,0,2,RED,9,1,0
2026-06-23 10:00:00,Emergency,Emergency Department (ED),50,53,0,1.06,106.0,5,5,0,RED,10,1,0
2026-06-23 10:00:00,ICU,Intensive Care Unit (ICU),30,32,0,1.0667,106.7,0,0,0,RED,10,1,0
2026-06-23 10:00:00,General Medicine,General Medicine Ward,120,129,0,1.075,107.5,2,0,2,RED,10,1,0
2026-06-23 10:00:00,Surgical Ward,Surgical & Post-Op Ward,80,30,50,0.375,37.5,8,2,6,GREEN,10,1,0
2026-06-23 10:00:00,Pediatrics,Pediatric Ward,40,40,0,1.0,100.0,0,0,0,RED,10,1,0
2026-06-23 11:00:00,Emergency,Emergency Department (ED),50,48,2,0.96,96.0,1,6,-5,RED,11,1,0
2026-06-23 11:00:00,ICU,Intensive Care Unit (ICU),30,32,0,1.0667,106.7,1,0,1,RED,11,1,0
2026-06-23 11:00:00,General Medicine,General Medicine Ward,120,129,0,1.075,107.5,2,2,0,RED,11,1,0
2026-06-23 11:00:00,Surgical Ward,Surgical & Post-Op Ward,80,36,44,0.45,45.0,7,1,6,GREEN,11,1,0
2026-06-23 11:00:00,Pediatrics,Pediatric Ward,40,40,0,1.0,100.0,2,2,0,RED,11,1,0
2026-06-23 12:00:00,Emergency,Emergency Department (ED),50,48,2,0.96,96.0,4,4,0,RED,12,1,0
2026-06-23 12:00:00,ICU,Intensive Care Unit (ICU),30,32,0,1.0667,106.7,1,0,1,RED,12,1,0
2026-06-23 12:00:00,General Medicine,General Medicine Ward,120,129,0,1.075,107.5,4,3,1,RED,12,1,0
2026-06-23 12:00:00,Surgical Ward,Surgical & Post-Op Ward,80,31,49,0.3875,38.8,0,5,-5,GREEN,12,1,0
2026-06-23 12:00:00,Pediatrics,Pediatric Ward,40,42,0,1.05,105.0,3,1,2,RED,12,1,0
2026-06-23 13:00:00,Emergency,Emergency Department (ED),50,48,2,0.96,96.0,4,4,0,RED,13,1,0
2026-06-23 13:00:00,ICU,Intensive Care Unit (ICU),30,32,0,1.0667,106.7,0,0,0,RED,13,1,0
2026-06-23 13:00:00,General Medicine,General Medicine Ward,120,129,0,1.075,107.5,8,5,3,RED,13,1,0
2026-06-23 13:00:00,Surgical Ward,Surgical & Post-Op Ward,80,27,53,0.3375,33.8,1,5,-4,GREEN,13,1,0
2026-06-23 13:00:00,Pediatrics,Pediatric Ward,40,43,0,1.075,107.5,2,0,2,RED,13,1,0
2026-06-23 14:00:00,Emergency,Emergency Department (ED),50,47,3,0.94,94.0,2,3,-1,RED,14,1,0
2026-06-23 14:00:00,ICU,Intensive Care Unit (ICU),30,31,0,1.0333,103.3,0,1,-1,RED,14,1,0
2026-06-23 14:00:00,General Medicine,General Medicine Ward,120,128,0,1.0667,106.7,5,6,-1,RED,14,1,0
2026-06-23 14:00:00,Surgical Ward,Surgical & Post-Op Ward,80,33,47,0.4125,41.2,8,2,6,GREEN,14,1,0
2026-06-23 14:00:00,Pediatrics,Pediatric Ward,40,42,0,1.05,105.0,0,1,-1,RED,14,1,0
2026-06-23 15:00:00,Emergency,Emergency Department (ED),50,49,1,0.98,98.0,4,2,2,RED,15,1,0
2026-06-23 15:00:00,ICU,Intensive Care Unit (ICU),30,31,0,1.0333,103.3,0,0,0,RED,15,1,0
2026-06-23 15:00:00,General Medicine,General Medicine Ward,120,129,0,1.075,107.5,5,0,5,RED,15,1,0
2026-06-23 15:00:00,Surgical Ward,Surgical & Post-Op Ward,80,26,54,0.325,32.5,1,8,-7,GREEN,15,1,0
2026-06-23 15:00:00,Pediatrics,Pediatric Ward,40,42,0,1.05,105.0,4,4,0,RED,15,1,0
2026-06-23 16:00:00,Emergency,Emergency Department (ED),50,53,0,1.06,106.0,4,0,4,RED,16,1,0
2026-06-23 16:00:00,ICU,Intensive Care Unit (ICU),30,32,0,1.0667,106.7,1,0,1,RED,16,1,0
2026-06-23 16:00:00,General Medicine,General Medicine Ward,120,129,0,1.075,107.5,5,1,4,RED,16,1,0
2026-06-23 16:00:00,Surgical Ward,Surgical & Post-Op Ward,80,28,52,0.35,35.0,4,2,2,GREEN,16,1,0
2026-06-23 16:00:00,Pediatrics,Pediatric Ward,40,43,0,1.075,107.5,2,0,2,RED,16,1,0
2026-06-23 17:00:00,Emergency,Emergency Department (ED),50,54,0,1.08,108.0,4,0,4,RED,17,1,0
2026-06-23 17:00:00,ICU,Intensive Care Unit (ICU),30,32,0,1.0667,106.7,0,0,0,RED,17,1,0
2026-06-23 17:00:00,General Medicine,General Medicine Ward,120,129,0,1.075,107.5,7,2,5,RED,17,1,0
2026-06-23 17:00:00,Surgical Ward,Surgical & Post-Op Ward,80,27,53,0.3375,33.8,1,2,-1,GREEN,17,1,0
2026-06-23 17:00:00,Pediatrics,Pediatric Ward,40,43,0,1.075,107.5,4,0,4,RED,17,1,0
2026-06-23 18:00:00,Emergency,Emergency Department (ED),50,54,0,1.08,108.0,9,0,9,RED,18,1,0
2026-06-23 18:00:00,ICU,Intensive Care Unit (ICU),30,32,0,1.0667,106.7,0,0,0,RED,18,1,0
2026-06-23 18:00:00,General Medicine,General Medicine Ward,120,129,0,1.075,107.5,1,0,1,RED,18,1,0
2026-06-23 18:00:00,Surgical Ward,Surgical & Post-Op Ward,80,30,50,0.375,37.5,3,0,3,GREEN,18,1,0
2026-06-23 18:00:00,Pediatrics,Pediatric Ward,40,43,0,1.075,107.5,0,0,0,RED,18,1,0
2026-06-23 19:00:00,Emergency,Emergency Department (ED),50,54,0,1.08,108.0,4,1,3,RED,19,1,0
2026-06-23 19:00:00,ICU,Intensive Care Unit (ICU),30,32,0,1.0667,106.7,1,0,1,RED,19,1,0
2026-06-23 19:00:00,General Medicine,General Medicine Ward,120,129,0,1.075,107.5,6,5,1,RED,19,1,0
2026-06-23 19:00:00,Surgical Ward,Surgical & Post-Op Ward,80,30,50,0.375,37.5,0,0,0,GREEN,19,1,0
2026-06-23 19:00:00,Pediatrics,Pediatric Ward,40,43,0,1.075,107.5,2,0,2,RED,19,1,0
2026-06-23 20:00:00,Emergency,Emergency Department (ED),50,54,0,1.08,108.0,3,3,0,RED,20,1,0
2026-06-23 20:00:00,ICU,Intensive Care Unit (ICU),30,32,0,1.0667,106.7,2,1,1,RED,20,1,0
2026-06-23 20:00:00,General Medicine,General Medicine Ward,120,129,0,1.075,107.5,4,4,0,RED,20,1,0
2026-06-23 20:00:00,Surgical Ward,Surgical & Post-Op Ward,80,29,51,0.3625,36.2,3,4,-1,GREEN,20,1,0
2026-06-23 20:00:00,Pediatrics,Pediatric Ward,40,43,0,1.075,107.5,1,1,0,RED,20,1,0
2026-06-23 21:00:00,Emergency,Emergency Department (ED),50,54,0,1.08,108.0,4,0,4,RED,21,1,0
2026-06-23 21:00:00,ICU,Intensive Care Unit (ICU),30,32,0,1.0667,106.7,0,0,0,RED,21,1,0
2026-06-23 21:00:00,General Medicine,General Medicine Ward,120,129,0,1.075,107.5,7,7,0,RED,21,1,0
2026-06-23 21:00:00,Surgical Ward,Surgical & Post-Op Ward,80,26,54,0.325,32.5,0,3,-3,GREEN,21,1,0
2026-06-23 21:00:00,Pediatrics,Pediatric Ward,40,43,0,1.075,107.5,2,0,2,RED,21,1,0
2026-06-23 22:00:00,Emergency,Emergency Department (ED),50,54,0,1.08,108.0,6,2,4,RED,22,1,0
2026-06-23 22:00:00,ICU,Intensive Care Unit (ICU),30,32,0,1.0667,106.7,3,1,2,RED,22,1,0
2026-06-23 22:00:00,General Medicine,General Medicine Ward,120,129,0,1.075,107.5,2,1,1,RED,22,1,0
2026-06-23 22:00:00,Surgical Ward,Surgical & Post-Op Ward,80,30,50,0.375,37.5,5,1,4,GREEN,22,1,0
2026-06-23 22:00:00,Pediatrics,Pediatric Ward,40,43,0,1.075,107.5,1,1,0,RED,22,1,0
2026-06-23 23:00:00,Emergency,Emergency Department (ED),50,53,0,1.06,106.0,3,4,-1,RED,23,1,0
2026-06-23 23:00:00,ICU,Intensive Care Unit (ICU),30,32,0,1.0667,106.7,0,0,0,RED,23,1,0
2026-06-23 23:00:00,General Medicine,General Medicine Ward,120,129,0,1.075,107.5,3,2,1,RED,23,1,0
2026-06-23 23:00:00,Surgical Ward,Surgical & Post-Op Ward,80,31,49,0.3875,38.8,1,0,1,GREEN,23,1,0
2026-06-23 23:00:00,Pediatrics,Pediatric Ward,40,43,0,1.075,107.5,0,0,0,RED,23,1,0
2026-06-24 00:00:00,Emergency,Emergency Department (ED),50,54,0,1.08,108.0,5,1,4,RED,0,2,0
2026-06-24 00:00:00,ICU,Intensive Care Unit (ICU),30,31,0,1.0333,103.3,0,1,-1,RED,0,2,0
2026-06-24 00:00:00,General Medicine,General Medicine Ward,120,128,0,1.0667,106.7,3,4,-1,RED,0,2,0
2026-06-24 00:00:00,Surgical Ward,Surgical & Post-Op Ward,80,33,47,0.4125,41.2,2,0,2,GREEN,0,2,0
2026-06-24 00:00:00,Pediatrics,Pediatric Ward,40,43,0,1.075,107.5,0,0,0,RED,0,2,0
2026-06-24 01:00:00,Emergency,Emergency Department (ED),50,54,0,1.08,108.0,6,3,3,RED,1,2,0
2026-06-24 01:00:00,ICU,Intensive Care Unit (ICU),30,31,0,1.0333,103.3,0,0,0,RED,1,2,0
2026-06-24 01:00:00,General Medicine,General Medicine Ward,120,129,0,1.075,107.5,1,0,1,RED,1,2,0
2026-06-24 01:00:00,Surgical Ward,Surgical & Post-Op Ward,80,33,47,0.4125,41.2,1,1,0,GREEN,1,2,0
2026-06-24 01:00:00,Pediatrics,Pediatric Ward,40,43,0,1.075,107.5,0,0,0,RED,1,2,0
2026-06-24 02:00:00,Emergency,Emergency Department (ED),50,54,0,1.08,108.0,0,0,0,RED,2,2,0
2026-06-24 02:00:00,ICU,Intensive Care Unit (ICU),30,32,0,1.0667,106.7,2,1,1,RED,2,2,0
2026-06-24 02:00:00,General Medicine,General Medicine Ward,120,129,0,1.075,107.5,1,0,1,RED,2,2,0
2026-06-24 02:00:00,Surgical Ward,Surgical & Post-Op Ward,80,34,46,0.425,42.5,1,0,1,GREEN,2,2,0
2026-06-24 02:00:00,Pediatrics,Pediatric Ward,40,43,0,1.075,107.5,0,0,0,RED,2,2,0
2026-06-24 03:00:00,Emergency,Emergency Department (ED),50,54,0,1.08,108.0,1,0,1,RED,3,2,0
2026-06-24 03:00:00,ICU,Intensive Care Unit (ICU),30,32,0,1.0667,106.7,0,0,0,RED,3,2,0
2026-06-24 03:00:00,General Medicine,General Medicine Ward,120,129,0,1.075,107.5,1,0,1,RED,3,2,0
2026-06-24 03:00:00,Surgical Ward,Surgical & Post-Op Ward,80,35,45,0.4375,43.8,2,1,1,GREEN,3,2,0
2026-06-24 03:00:00,Pediatrics,Pediatric Ward,40,43,0,1.075,107.5,2,0,2,RED,3,2,0
2026-06-24 04:00:00,Emergency,Emergency Department (ED),50,54,0,1.08,108.0,2,1,1,RED,4,2,0
2026-06-24 04:00:00,ICU,Intensive Care Unit (ICU),30,32,0,1.0667,106.7,0,0,0,RED,4,2,0
2026-06-24 04:00:00,General Medicine,General Medicine Ward,120,129,0,1.075,107.5,1,0,1,RED,4,2,0
2026-06-24 04:00:00,Surgical Ward,Surgical & Post-Op Ward,80,36,44,0.45,45.0,1,0,1,GREEN,4,2,0
2026-06-24 04:00:00,Pediatrics,Pediatric Ward,40,43,0,1.075,107.5,1,0,1,RED,4,2,0
2026-06-24 05:00:00,Emergency,Emergency Department (ED),50,54,0,1.08,108.0,1,0,1,RED,5,2,0
2026-06-24 05:00:00,ICU,Intensive Care Unit (ICU),30,32,0,1.0667,106.7,1,0,1,RED,5,2,0
2026-06-24 05:00:00,General Medicine,General Medicine Ward,120,128,0,1.0667,106.7,0,1,-1,RED,5,2,0
2026-06-24 05:00:00,Surgical Ward,Surgical & Post-Op Ward,80,32,48,0.4,40.0,0,4,-4,GREEN,5,2,0
2026-06-24 05:00:00,Pediatrics,Pediatric Ward,40,43,0,1.075,107.5,1,0,1,RED,5,2,0
2026-06-24 06:00:00,Emergency,Emergency Department (ED),50,54,0,1.08,108.0,2,0,2,RED,6,2,0
2026-06-24 06:00:00,ICU,Intensive Care Unit (ICU),30,32,0,1.0667,106.7,1,0,1,RED,6,2,0
2026-06-24 06:00:00,General Medicine,General Medicine Ward,120,125,0,1.0417,104.2,1,4,-3,RED,6,2,0
2026-06-24 06:00:00,Surgical Ward,Surgical & Post-Op Ward,80,34,46,0.425,42.5,2,0,2,GREEN,6,2,0
2026-06-24 06:00:00,Pediatrics,Pediatric Ward,40,43,0,1.075,107.5,2,1,1,RED,6,2,0
2026-06-24 07:00:00,Emergency,Emergency Department (ED),50,54,0,1.08,108.0,2,2,0,RED,7,2,0
2026-06-24 07:00:00,ICU,Intensive Care Unit (ICU),30,32,0,1.0667,106.7,2,1,1,RED,7,2,0
2026-06-24 07:00:00,General Medicine,General Medicine Ward,120,125,0,1.0417,104.2,4,4,0,RED,7,2,0
2026-06-24 07:00:00,Surgical Ward,Surgical & Post-Op Ward,80,30,50,0.375,37.5,1,5,-4,GREEN,7,2,0
2026-06-24 07:00:00,Pediatrics,Pediatric Ward,40,43,0,1.075,107.5,3,0,3,RED,7,2,0
2026-06-24 08:00:00,Emergency,Emergency Department (ED),50,54,0,1.08,108.0,4,4,0,RED,8,2,0
2026-06-24 08:00:00,ICU,Intensive Care Unit (ICU),30,32,0,1.0667,106.7,1,1,0,RED,8,2,0
2026-06-24 08:00:00,General Medicine,General Medicine Ward,120,126,0,1.05,105.0,5,4,1,RED,8,2,0
2026-06-24 08:00:00,Surgical Ward,Surgical & Post-Op Ward,80,27,53,0.3375,33.8,1,4,-3,GREEN,8,2,0
2026-06-24 08:00:00,Pediatrics,Pediatric Ward,40,43,0,1.075,107.5,1,1,0,RED,8,2,0
2026-06-24 09:00:00,Emergency,Emergency Department (ED),50,53,0,1.06,106.0,3,4,-1,RED,9,2,0
2026-06-24 09:00:00,ICU,Intensive Care Unit (ICU),30,32,0,1.0667,106.7,0,0,0,RED,9,2,0
2026-06-24 09:00:00,General Medicine,General Medicine Ward,120,129,0,1.075,107.5,7,4,3,RED,9,2,0
2026-06-24 09:00:00,Surgical Ward,Surgical & Post-Op Ward,80,32,48,0.4,40.0,8,3,5,GREEN,9,2,0
2026-06-24 09:00:00,Pediatrics,Pediatric Ward,40,43,0,1.075,107.5,2,2,0,RED,9,2,0
2026-06-24 10:00:00,Emergency,Emergency Department (ED),50,54,0,1.08,108.0,1,0,1,RED,10,2,0
2026-06-24 10:00:00,ICU,Intensive Care Unit (ICU),30,32,0,1.0667,106.7,0,0,0,RED,10,2,0
2026-06-24 10:00:00,General Medicine,General Medicine Ward,120,127,0,1.0583,105.8,8,10,-2,RED,10,2,0
2026-06-24 10:00:00,Surgical Ward,Surgical & Post-Op Ward,80,32,48,0.4,40.0,4,4,0,GREEN,10,2,0
2026-06-24 10:00:00,Pediatrics,Pediatric Ward,40,43,0,1.075,107.5,2,1,1,RED,10,2,0
2026-06-24 11:00:00,Emergency,Emergency Department (ED),50,54,0,1.08,108.0,4,4,0,RED,11,2,0
2026-06-24 11:00:00,ICU,Intensive Care Unit (ICU),30,31,0,1.0333,103.3,0,1,-1,RED,11,2,0
2026-06-24 11:00:00,General Medicine,General Medicine Ward,120,127,0,1.0583,105.8,3,3,0,RED,11,2,0
2026-06-24 11:00:00,Surgical Ward,Surgical & Post-Op Ward,80,30,50,0.375,37.5,3,5,-2,GREEN,11,2,0
2026-06-24 11:00:00,Pediatrics,Pediatric Ward,40,43,0,1.075,107.5,3,1,2,RED,11,2,0
2026-06-24 12:00:00,Emergency,Emergency Department (ED),50,54,0,1.08,108.0,5,4,1,RED,12,2,0
2026-06-24 12:00:00,ICU,Intensive Care Unit (ICU),30,32,0,1.0667,106.7,2,0,2,RED,12,2,0
2026-06-24 12:00:00,General Medicine,General Medicine Ward,120,128,0,1.0667,106.7,8,7,1,RED,12,2,0
2026-06-24 12:00:00,Surgical Ward,Surgical & Post-Op Ward,80,29,51,0.3625,36.2,4,5,-1,GREEN,12,2,0
2026-06-24 12:00:00,Pediatrics,Pediatric Ward,40,40,0,1.0,100.0,0,3,-3,RED,12,2,0
2026-06-24 13:00:00,Emergency,Emergency Department (ED),50,51,0,1.02,102.0,1,4,-3,RED,13,2,0
2026-06-24 13:00:00,ICU,Intensive Care Unit (ICU),30,32,0,1.0667,106.7,0,0,0,RED,13,2,0
2026-06-24 13:00:00,General Medicine,General Medicine Ward,120,127,0,1.0583,105.8,3,4,-1,RED,13,2,0
2026-06-24 13:00:00,Surgical Ward,Surgical & Post-Op Ward,80,30,50,0.375,37.5,3,2,1,GREEN,13,2,0
2026-06-24 13:00:00,Pediatrics,Pediatric Ward,40,41,0,1.025,102.5,2,1,1,RED,13,2,0
2026-06-24 14:00:00,Emergency,Emergency Department (ED),50,46,4,0.92,92.0,1,6,-5,RED,14,2,0
2026-06-24 14:00:00,ICU,Intensive Care Unit (ICU),30,32,0,1.0667,106.7,2,0,2,RED,14,2,0
2026-06-24 14:00:00,General Medicine,General Medicine Ward,120,126,0,1.05,105.0,2,3,-1,RED,14,2,0
2026-06-24 14:00:00,Surgical Ward,Surgical & Post-Op Ward,80,29,51,0.3625,36.2,3,4,-1,GREEN,14,2,0
2026-06-24 14:00:00,Pediatrics,Pediatric Ward,40,43,0,1.075,107.5,3,1,2,RED,14,2,0
2026-06-24 15:00:00,Emergency,Emergency Department (ED),50,49,1,0.98,98.0,6,3,3,RED,15,2,0
2026-06-24 15:00:00,ICU,Intensive Care Unit (ICU),30,30,0,1.0,100.0,0,2,-2,RED,15,2,0
2026-06-24 15:00:00,General Medicine,General Medicine Ward,120,129,0,1.075,107.5,10,4,6,RED,15,2,0
2026-06-24 15:00:00,Surgical Ward,Surgical & Post-Op Ward,80,32,48,0.4,40.0,5,2,3,GREEN,15,2,0
2026-06-24 15:00:00,Pediatrics,Pediatric Ward,40,41,0,1.025,102.5,1,3,-2,RED,15,2,0
2026-06-24 16:00:00,Emergency,Emergency Department (ED),50,52,0,1.04,104.0,4,1,3,RED,16,2,0
2026-06-24 16:00:00,ICU,Intensive Care Unit (ICU),30,32,0,1.0667,106.7,2,0,2,RED,16,2,0
2026-06-24 16:00:00,General Medicine,General Medicine Ward,120,129,0,1.075,107.5,4,3,1,RED,16,2,0
2026-06-24 16:00:00,Surgical Ward,Surgical & Post-Op Ward,80,29,51,0.3625,36.2,0,3,-3,GREEN,16,2,0
2026-06-24 16:00:00,Pediatrics,Pediatric Ward,40,43,0,1.075,107.5,4,0,4,RED,16,2,0
2026-06-24 17:00:00,Emergency,Emergency Department (ED),50,50,0,1.0,100.0,3,5,-2,RED,17,2,0
2026-06-24 17:00:00,ICU,Intensive Care Unit (ICU),30,32,0,1.0667,106.7,1,0,1,RED,17,2,0
2026-06-24 17:00:00,General Medicine,General Medicine Ward,120,129,0,1.075,107.5,5,4,1,RED,17,2,0
2026-06-24 17:00:00,Surgical Ward,Surgical & Post-Op Ward,80,31,49,0.3875,38.8,5,3,2,GREEN,17,2,0
2026-06-24 17:00:00,Pediatrics,Pediatric Ward,40,43,0,1.075,107.5,3,0,3,RED,17,2,0
2026-06-24 18:00:00,Emergency,Emergency Department (ED),50,54,0,1.08,108.0,8,3,5,RED,18,2,0
2026-06-24 18:00:00,ICU,Intensive Care Unit (ICU),30,32,0,1.0667,106.7,0,0,0,RED,18,2,0
2026-06-24 18:00:00,General Medicine,General Medicine Ward,120,129,0,1.075,107.5,8,0,8,RED,18,2,0
2026-06-24 18:00:00,Surgical Ward,Surgical & Post-Op Ward,80,29,51,0.3625,36.2,1,3,-2,GREEN,18,2,0
2026-06-24 18:00:00,Pediatrics,Pediatric Ward,40,43,0,1.075,107.5,1,0,1,RED,18,2,0
2026-06-24 19:00:00,Emergency,Emergency Department (ED),50,52,0,1.04,104.0,0,2,-2,RED,19,2,0
2026-06-24 19:00:00,ICU,Intensive Care Unit (ICU),30,32,0,1.0667,106.7,2,0,2,RED,19,2,0
2026-06-24 19:00:00,General Medicine,General Medicine Ward,120,127,0,1.0583,105.8,2,4,-2,RED,19,2,0
2026-06-24 19:00:00,Surgical Ward,Surgical & Post-Op Ward,80,34,46,0.425,42.5,5,0,5,GREEN,19,2,0
2026-06-24 19:00:00,Pediatrics,Pediatric Ward,40,43,0,1.075,107.5,1,0,1,RED,19,2,0
2026-06-24 20:00:00,Emergency,Emergency Department (ED),50,54,0,1.08,108.0,5,1,4,RED,20,2,0
2026-06-24 20:00:00,ICU,Intensive Care Unit (ICU),30,32,0,1.0667,106.7,1,0,1,RED,20,2,0
2026-06-24 20:00:00,General Medicine,General Medicine Ward,120,129,0,1.075,107.5,6,0,6,RED,20,2,0
2026-06-24 20:00:00,Surgical Ward,Surgical & Post-Op Ward,80,33,47,0.4125,41.2,0,1,-1,GREEN,20,2,0
2026-06-24 20:00:00,Pediatrics,Pediatric Ward,40,43,0,1.075,107.5,0,0,0,RED,20,2,0
2026-06-24 21:00:00,Emergency,Emergency Department (ED),50,54,0,1.08,108.0,3,0,3,RED,21,2,0
2026-06-24 21:00:00,ICU,Intensive Care Unit (ICU),30,32,0,1.0667,106.7,0,0,0,RED,21,2,0
2026-06-24 21:00:00,General Medicine,General Medicine Ward,120,129,0,1.075,107.5,8,5,3,RED,21,2,0
2026-06-24 21:00:00,Surgical Ward,Surgical & Post-Op Ward,80,32,48,0.4,40.0,0,1,-1,GREEN,21,2,0
2026-06-24 21:00:00,Pediatrics,Pediatric Ward,40,42,0,1.05,105.0,0,1,-1,RED,21,2,0
2026-06-24 22:00:00,Emergency,Emergency Department (ED),50,54,0,1.08,108.0,4,3,1,RED,22,2,0
2026-06-24 22:00:00,ICU,Intensive Care Unit (ICU),30,32,0,1.0667,106.7,1,0,1,RED,22,2,0
2026-06-24 22:00:00,General Medicine,General Medicine Ward,120,127,0,1.0583,105.8,0,2,-2,RED,22,2,0
2026-06-24 22:00:00,Surgical Ward,Surgical & Post-Op Ward,80,33,47,0.4125,41.2,4,3,1,GREEN,22,2,0
2026-06-24 22:00:00,Pediatrics,Pediatric Ward,40,42,0,1.05,105.0,1,1,0,RED,22,2,0
2026-06-24 23:00:00,Emergency,Emergency Department (ED),50,54,0,1.08,108.0,3,0,3,RED,23,2,0
2026-06-24 23:00:00,ICU,Intensive Care Unit (ICU),30,32,0,1.0667,106.7,1,1,0,RED,23,2,0
2026-06-24 23:00:00,General Medicine,General Medicine Ward,120,129,0,1.075,107.5,7,2,5,RED,23,2,0
2026-06-24 23:00:00,Surgical Ward,Surgical & Post-Op Ward,80,35,45,0.4375,43.8,3,1,2,GREEN,23,2,0
2026-06-24 23:00:00,Pediatrics,Pediatric Ward,40,41,0,1.025,102.5,0,1,-1,RED,23,2,0
2026-06-25 00:00:00,Emergency,Emergency Department (ED),50,52,0,1.04,104.0,1,3,-2,RED,0,3,0
2026-06-25 00:00:00,ICU,Intensive Care Unit (ICU),30,32,0,1.0667,106.7,0,0,0,RED,0,3,0
2026-06-25 00:00:00,General Medicine,General Medicine Ward,120,129,0,1.075,107.5,4,3,1,RED,0,3,0
2026-06-25 00:00:00,Surgical Ward,Surgical & Post-Op Ward,80,36,44,0.45,45.0,1,0,1,GREEN,0,3,0
2026-06-25 00:00:00,Pediatrics,Pediatric Ward,40,41,0,1.025,102.5,1,1,0,RED,0,3,0
2026-06-25 01:00:00,Emergency,Emergency Department (ED),50,52,0,1.04,104.0,2,2,0,RED,1,3,0
2026-06-25 01:00:00,ICU,Intensive Care Unit (ICU),30,32,0,1.0667,106.7,0,0,0,RED,1,3,0
2026-06-25 01:00:00,General Medicine,General Medicine Ward,120,129,0,1.075,107.5,2,1,1,RED,1,3,0
2026-06-25 01:00:00,Surgical Ward,Surgical & Post-Op Ward,80,36,44,0.45,45.0,1,1,0,GREEN,1,3,0
2026-06-25 01:00:00,Pediatrics,Pediatric Ward,40,40,0,1.0,100.0,1,2,-1,RED,1,3,0
2026-06-25 02:00:00,Emergency,Emergency Department (ED),50,52,0,1.04,104.0,1,1,0,RED,2,3,0
2026-06-25 02:00:00,ICU,Intensive Care Unit (ICU),30,31,0,1.0333,103.3,1,2,-1,RED,2,3,0
2026-06-25 02:00:00,General Medicine,General Medicine Ward,120,129,0,1.075,107.5,2,1,1,RED,2,3,0
2026-06-25 02:00:00,Surgical Ward,Surgical & Post-Op Ward,80,37,43,0.4625,46.2,1,0,1,GREEN,2,3,0
2026-06-25 02:00:00,Pediatrics,Pediatric Ward,40,40,0,1.0,100.0,0,0,0,RED,2,3,0
2026-06-25 03:00:00,Emergency,Emergency Department (ED),50,51,0,1.02,102.0,0,1,-1,RED,3,3,0
2026-06-25 03:00:00,ICU,Intensive Care Unit (ICU),30,31,0,1.0333,103.3,0,0,0,RED,3,3,0
2026-06-25 03:00:00,General Medicine,General Medicine Ward,120,129,0,1.075,107.5,2,0,2,RED,3,3,0
2026-06-25 03:00:00,Surgical Ward,Surgical & Post-Op Ward,80,38,42,0.475,47.5,1,0,1,GREEN,3,3,0
2026-06-25 03:00:00,Pediatrics,Pediatric Ward,40,40,0,1.0,100.0,0,0,0,RED,3,3,0
2026-06-25 04:00:00,Emergency,Emergency Department (ED),50,51,0,1.02,102.0,0,0,0,RED,4,3,0
2026-06-25 04:00:00,ICU,Intensive Care Unit (ICU),30,31,0,1.0333,103.3,0,0,0,RED,4,3,0
2026-06-25 04:00:00,General Medicine,General Medicine Ward,120,129,0,1.075,107.5,0,0,0,RED,4,3,0
2026-06-25 04:00:00,Surgical Ward,Surgical & Post-Op Ward,80,38,42,0.475,47.5,0,0,0,GREEN,4,3,0
2026-06-25 04:00:00,Pediatrics,Pediatric Ward,40,40,0,1.0,100.0,0,0,0,RED,4,3,0
2026-06-25 05:00:00,Emergency,Emergency Department (ED),50,51,0,1.02,102.0,0,0,0,RED,5,3,0
2026-06-25 05:00:00,ICU,Intensive Care Unit (ICU),30,31,0,1.0333,103.3,0,0,0,RED,5,3,0
2026-06-25 05:00:00,General Medicine,General Medicine Ward,120,129,0,1.075,107.5,2,0,2,RED,5,3,0
2026-06-25 05:00:00,Surgical Ward,Surgical & Post-Op Ward,80,39,41,0.4875,48.8,3,2,1,GREEN,5,3,0
2026-06-25 05:00:00,Pediatrics,Pediatric Ward,40,40,0,1.0,100.0,0,0,0,RED,5,3,0
2026-06-25 06:00:00,Emergency,Emergency Department (ED),50,51,0,1.02,102.0,1,1,0,RED,6,3,0
2026-06-25 06:00:00,ICU,Intensive Care Unit (ICU),30,29,1,0.9667,96.7,0,2,-2,RED,6,3,0
2026-06-25 06:00:00,General Medicine,General Medicine Ward,120,129,0,1.075,107.5,4,1,3,RED,6,3,0
2026-06-25 06:00:00,Surgical Ward,Surgical & Post-Op Ward,80,37,43,0.4625,46.2,2,4,-2,GREEN,6,3,0
2026-06-25 06:00:00,Pediatrics,Pediatric Ward,40,41,0,1.025,102.5,1,0,1,RED,6,3,0
2026-06-25 07:00:00,Emergency,Emergency Department (ED),50,52,0,1.04,104.0,5,4,1,RED,7,3,0
2026-06-25 07:00:00,ICU,Intensive Care Unit (ICU),30,27,3,0.9,90.0,0,2,-2,RED,7,3,0
2026-06-25 07:00:00,General Medicine,General Medicine Ward,120,129,0,1.075,107.5,8,0,8,RED,7,3,0
2026-06-25 07:00:00,Surgical Ward,Surgical & Post-Op Ward,80,35,45,0.4375,43.8,3,5,-2,GREEN,7,3,0
2026-06-25 07:00:00,Pediatrics,Pediatric Ward,40,41,0,1.025,102.5,2,2,0,RED,7,3,0
2026-06-25 08:00:00,Emergency,Emergency Department (ED),50,54,0,1.08,108.0,4,0,4,RED,8,3,0
2026-06-25 08:00:00,ICU,Intensive Care Unit (ICU),30,27,3,0.9,90.0,0,0,0,RED,8,3,0
2026-06-25 08:00:00,General Medicine,General Medicine Ward,120,129,0,1.075,107.5,7,3,4,RED,8,3,0
2026-06-25 08:00:00,Surgical Ward,Surgical & Post-Op Ward,80,37,43,0.4625,46.2,3,1,2,GREEN,8,3,0
2026-06-25 08:00:00,Pediatrics,Pediatric Ward,40,41,0,1.025,102.5,1,1,0,RED,8,3,0
2026-06-25 09:00:00,Emergency,Emergency Department (ED),50,54,0,1.08,108.0,8,2,6,RED,9,3,0
2026-06-25 09:00:00,ICU,Intensive Care Unit (ICU),30,26,4,0.8667,86.7,0,1,-1,AMBER,9,3,0
2026-06-25 09:00:00,General Medicine,General Medicine Ward,120,129,0,1.075,107.5,5,3,2,RED,9,3,0
2026-06-25 09:00:00,Surgical Ward,Surgical & Post-Op Ward,80,36,44,0.45,45.0,3,4,-1,GREEN,9,3,0
2026-06-25 09:00:00,Pediatrics,Pediatric Ward,40,41,0,1.025,102.5,0,0,0,RED,9,3,0
2026-06-25 10:00:00,Emergency,Emergency Department (ED),50,50,0,1.0,100.0,2,6,-4,RED,10,3,0
2026-06-25 10:00:00,ICU,Intensive Care Unit (ICU),30,26,4,0.8667,86.7,0,0,0,AMBER,10,3,0
2026-06-25 10:00:00,General Medicine,General Medicine Ward,120,126,0,1.05,105.0,3,6,-3,RED,10,3,0
2026-06-25 10:00:00,Surgical Ward,Surgical & Post-Op Ward,80,35,45,0.4375,43.8,4,5,-1,GREEN,10,3,0
2026-06-25 10:00:00,Pediatrics,Pediatric Ward,40,40,0,1.0,100.0,1,2,-1,RED,10,3,0
2026-06-25 11:00:00,Emergency,Emergency Department (ED),50,50,0,1.0,100.0,4,4,0,RED,11,3,0
2026-06-25 11:00:00,ICU,Intensive Care Unit (ICU),30,28,2,0.9333,93.3,3,1,2,RED,11,3,0
2026-06-25 11:00:00,General Medicine,General Medicine Ward,120,124,0,1.0333,103.3,5,7,-2,RED,11,3,0
2026-06-25 11:00:00,Surgical Ward,Surgical & Post-Op Ward,80,37,43,0.4625,46.2,5,3,2,GREEN,11,3,0
2026-06-25 11:00:00,Pediatrics,Pediatric Ward,40,39,1,0.975,97.5,4,5,-1,RED,11,3,0
2026-06-25 12:00:00,Emergency,Emergency Department (ED),50,47,3,0.94,94.0,2,5,-3,RED,12,3,0
2026-06-25 12:00:00,ICU,Intensive Care Unit (ICU),30,28,2,0.9333,93.3,1,1,0,RED,12,3,0
2026-06-25 12:00:00,General Medicine,General Medicine Ward,120,121,0,1.0083,100.8,0,3,-3,RED,12,3,0
2026-06-25 12:00:00,Surgical Ward,Surgical & Post-Op Ward,80,33,47,0.4125,41.2,1,5,-4,GREEN,12,3,0
2026-06-25 12:00:00,Pediatrics,Pediatric Ward,40,36,4,0.9,90.0,0,3,-3,RED,12,3,0
2026-06-25 13:00:00,Emergency,Emergency Department (ED),50,45,5,0.9,90.0,1,3,-2,RED,13,3,0
2026-06-25 13:00:00,ICU,Intensive Care Unit (ICU),30,28,2,0.9333,93.3,0,0,0,RED,13,3,0
2026-06-25 13:00:00,General Medicine,General Medicine Ward,120,114,6,0.95,95.0,2,9,-7,RED,13,3,0
2026-06-25 13:00:00,Surgical Ward,Surgical & Post-Op Ward,80,32,48,0.4,40.0,4,5,-1,GREEN,13,3,0
2026-06-25 13:00:00,Pediatrics,Pediatric Ward,40,36,4,0.9,90.0,2,2,0,RED,13,3,0
2026-06-25 14:00:00,Emergency,Emergency Department (ED),50,49,1,0.98,98.0,6,2,4,RED,14,3,0
2026-06-25 14:00:00,ICU,Intensive Care Unit (ICU),30,27,3,0.9,90.0,1,2,-1,RED,14,3,0
2026-06-25 14:00:00,General Medicine,General Medicine Ward,120,116,4,0.9667,96.7,7,5,2,RED,14,3,0
2026-06-25 14:00:00,Surgical Ward,Surgical & Post-Op Ward,80,31,49,0.3875,38.8,2,3,-1,GREEN,14,3,0
2026-06-25 14:00:00,Pediatrics,Pediatric Ward,40,37,3,0.925,92.5,1,0,1,RED,14,3,0
2026-06-25 15:00:00,Emergency,Emergency Department (ED),50,50,0,1.0,100.0,6,5,1,RED,15,3,0
2026-06-25 15:00:00,ICU,Intensive Care Unit (ICU),30,27,3,0.9,90.0,1,1,0,RED,15,3,0
2026-06-25 15:00:00,General Medicine,General Medicine Ward,120,118,2,0.9833,98.3,4,2,2,RED,15,3,0
2026-06-25 15:00:00,Surgical Ward,Surgical & Post-Op Ward,80,36,44,0.45,45.0,5,0,5,GREEN,15,3,0
2026-06-25 15:00:00,Pediatrics,Pediatric Ward,40,41,0,1.025,102.5,4,0,4,RED,15,3,0
2026-06-25 16:00:00,Emergency,Emergency Department (ED),50,54,0,1.08,108.0,7,1,6,RED,16,3,0
2026-06-25 16:00:00,ICU,Intensive Care Unit (ICU),30,27,3,0.9,90.0,0,0,0,RED,16,3,0
2026-06-25 16:00:00,General Medicine,General Medicine Ward,120,122,0,1.0167,101.7,8,4,4,RED,16,3,0
2026-06-25 16:00:00,Surgical Ward,Surgical & Post-Op Ward,80,39,41,0.4875,48.8,4,1,3,GREEN,16,3,0
2026-06-25 16:00:00,Pediatrics,Pediatric Ward,40,43,0,1.075,107.5,4,1,3,RED,16,3,0
2026-06-25 17:00:00,Emergency,Emergency Department (ED),50,54,0,1.08,108.0,4,1,3,RED,17,3,0
2026-06-25 17:00:00,ICU,Intensive Care Unit (ICU),30,29,1,0.9667,96.7,2,0,2,RED,17,3,0
2026-06-25 17:00:00,General Medicine,General Medicine Ward,120,129,0,1.075,107.5,7,0,7,RED,17,3,0
2026-06-25 17:00:00,Surgical Ward,Surgical & Post-Op Ward,80,41,39,0.5125,51.2,2,0,2,GREEN,17,3,0
2026-06-25 17:00:00,Pediatrics,Pediatric Ward,40,43,0,1.075,107.5,0,0,0,RED,17,3,0
2026-06-25 18:00:00,Emergency,Emergency Department (ED),50,54,0,1.08,108.0,6,2,4,RED,18,3,0
2026-06-25 18:00:00,ICU,Intensive Care Unit (ICU),30,30,0,1.0,100.0,1,0,1,RED,18,3,0
2026-06-25 18:00:00,General Medicine,General Medicine Ward,120,129,0,1.075,107.5,4,1,3,RED,18,3,0
2026-06-25 18:00:00,Surgical Ward,Surgical & Post-Op Ward,80,40,40,0.5,50.0,2,3,-1,GREEN,18,3,0
2026-06-25 18:00:00,Pediatrics,Pediatric Ward,40,43,0,1.075,107.5,2,1,1,RED,18,3,0
2026-06-25 19:00:00,Emergency,Emergency Department (ED),50,54,0,1.08,108.0,3,0,3,RED,19,3,0
2026-06-25 19:00:00,ICU,Intensive Care Unit (ICU),30,31,0,1.0333,103.3,1,0,1,RED,19,3,0
2026-06-25 19:00:00,General Medicine,General Medicine Ward,120,129,0,1.075,107.5,3,1,2,RED,19,3,0
2026-06-25 19:00:00,Surgical Ward,Surgical & Post-Op Ward,80,39,41,0.4875,48.8,2,3,-1,GREEN,19,3,0
2026-06-25 19:00:00,Pediatrics,Pediatric Ward,40,43,0,1.075,107.5,1,0,1,RED,19,3,0
2026-06-25 20:00:00,Emergency,Emergency Department (ED),50,54,0,1.08,108.0,5,3,2,RED,20,3,0
2026-06-25 20:00:00,ICU,Intensive Care Unit (ICU),30,32,0,1.0667,106.7,1,0,1,RED,20,3,0
2026-06-25 20:00:00,General Medicine,General Medicine Ward,120,129,0,1.075,107.5,7,6,1,RED,20,3,0
2026-06-25 20:00:00,Surgical Ward,Surgical & Post-Op Ward,80,42,38,0.525,52.5,4,1,3,GREEN,20,3,0
2026-06-25 20:00:00,Pediatrics,Pediatric Ward,40,43,0,1.075,107.5,2,0,2,RED,20,3,0
2026-06-25 21:00:00,Emergency,Emergency Department (ED),50,54,0,1.08,108.0,5,5,0,RED,21,3,0
2026-06-25 21:00:00,ICU,Intensive Care Unit (ICU),30,32,0,1.0667,106.7,0,0,0,RED,21,3,0
2026-06-25 21:00:00,General Medicine,General Medicine Ward,120,126,0,1.05,105.0,2,5,-3,RED,21,3,0
2026-06-25 21:00:00,Surgical Ward,Surgical & Post-Op Ward,80,42,38,0.525,52.5,2,2,0,GREEN,21,3,0
2026-06-25 21:00:00,Pediatrics,Pediatric Ward,40,43,0,1.075,107.5,1,0,1,RED,21,3,0
2026-06-25 22:00:00,Emergency,Emergency Department (ED),50,54,0,1.08,108.0,5,1,4,RED,22,3,0
2026-06-25 22:00:00,ICU,Intensive Care Unit (ICU),30,32,0,1.0667,106.7,0,0,0,RED,22,3,0
2026-06-25 22:00:00,General Medicine,General Medicine Ward,120,129,0,1.075,107.5,8,4,4,RED,22,3,0
2026-06-25 22:00:00,Surgical Ward,Surgical & Post-Op Ward,80,44,36,0.55,55.0,3,1,2,GREEN,22,3,0
2026-06-25 22:00:00,Pediatrics,Pediatric Ward,40,43,0,1.075,107.5,2,1,1,RED,22,3,0
2026-06-25 23:00:00,Emergency,Emergency Department (ED),50,54,0,1.08,108.0,6,2,4,RED,23,3,0
2026-06-25 23:00:00,ICU,Intensive Care Unit (ICU),30,32,0,1.0667,106.7,2,0,2,RED,23,3,0
2026-06-25 23:00:00,General Medicine,General Medicine Ward,120,129,0,1.075,107.5,4,2,2,RED,23,3,0
2026-06-25 23:00:00,Surgical Ward,Surgical & Post-Op Ward,80,46,34,0.575,57.5,2,0,2,GREEN,23,3,0
2026-06-25 23:00:00,Pediatrics,Pediatric Ward,40,43,0,1.075,107.5,0,0,0,RED,23,3,0
2026-06-26 00:00:00,Emergency,Emergency Department (ED),50,54,0,1.08,108.0,2,1,1,RED,0,4,0
2026-06-26 00:00:00,ICU,Intensive Care Unit (ICU),30,32,0,1.0667,106.7,1,0,1,RED,0,4,0
2026-06-26 00:00:00,General Medicine,General Medicine Ward,120,128,0,1.0667,106.7,4,5,-1,RED,0,4,0
2026-06-26 00:00:00,Surgical Ward,Surgical & Post-Op Ward,80,47,33,0.5875,58.8,1,0,1,GREEN,0,4,0
2026-06-26 00:00:00,Pediatrics,Pediatric Ward,40,43,0,1.075,107.5,2,1,1,RED,0,4,0
2026-06-26 01:00:00,Emergency,Emergency Department (ED),50,54,0,1.08,108.0,3,1,2,RED,1,4,0
2026-06-26 01:00:00,ICU,Intensive Care Unit (ICU),30,32,0,1.0667,106.7,1,0,1,RED,1,4,0
2026-06-26 01:00:00,General Medicine,General Medicine Ward,120,128,0,1.0667,106.7,1,1,0,RED,1,4,0
2026-06-26 01:00:00,Surgical Ward,Surgical & Post-Op Ward,80,48,32,0.6,60.0,1,0,1,GREEN,1,4,0
2026-06-26 01:00:00,Pediatrics,Pediatric Ward,40,42,0,1.05,105.0,0,1,-1,RED,1,4,0
2026-06-26 02:00:00,Emergency,Emergency Department (ED),50,54,0,1.08,108.0,1,0,1,RED,2,4,0
2026-06-26 02:00:00,ICU,Intensive Care Unit (ICU),30,32,0,1.0667,106.7,1,1,0,RED,2,4,0
2026-06-26 02:00:00,General Medicine,General Medicine Ward,120,127,0,1.0583,105.8,0,1,-1,RED,2,4,0
2026-06-26 02:00:00,Surgical Ward,Surgical & Post-Op Ward,80,49,31,0.6125,61.3,1,0,1,GREEN,2,4,0
2026-06-26 02:00:00,Pediatrics,Pediatric Ward,40,41,0,1.025,102.5,0,1,-1,RED,2,4,0
2026-06-26 03:00:00,Emergency,Emergency Department (ED),50,54,0,1.08,108.0,1,0,1,RED,3,4,0
2026-06-26 03:00:00,ICU,Intensive Care Unit (ICU),30,32,0,1.0667,106.7,0,0,0,RED,3,4,0
2026-06-26 03:00:00,General Medicine,General Medicine Ward,120,129,0,1.075,107.5,2,0,2,RED,3,4,0
2026-06-26 03:00:00,Surgical Ward,Surgical & Post-Op Ward,80,49,31,0.6125,61.3,0,0,0,GREEN,3,4,0
2026-06-26 03:00:00,Pediatrics,Pediatric Ward,40,42,0,1.05,105.0,1,0,1,RED,3,4,0
2026-06-26 04:00:00,Emergency,Emergency Department (ED),50,54,0,1.08,108.0,1,0,1,RED,4,4,0
2026-06-26 04:00:00,ICU,Intensive Care Unit (ICU),30,32,0,1.0667,106.7,0,0,0,RED,4,4,0
2026-06-26 04:00:00,General Medicine,General Medicine Ward,120,129,0,1.075,107.5,2,1,1,RED,4,4,0
2026-06-26 04:00:00,Surgical Ward,Surgical & Post-Op Ward,80,52,28,0.65,65.0,3,0,3,GREEN,4,4,0
2026-06-26 04:00:00,Pediatrics,Pediatric Ward,40,42,0,1.05,105.0,0,0,0,RED,4,4,0
2026-06-26 05:00:00,Emergency,Emergency Department (ED),50,54,0,1.08,108.0,1,0,1,RED,5,4,0
2026-06-26 05:00:00,ICU,Intensive Care Unit (ICU),30,32,0,1.0667,106.7,0,0,0,RED,5,4,0
2026-06-26 05:00:00,General Medicine,General Medicine Ward,120,129,0,1.075,107.5,0,0,0,RED,5,4,0
2026-06-26 05:00:00,Surgical Ward,Surgical & Post-Op Ward,80,52,28,0.65,65.0,2,2,0,GREEN,5,4,0
2026-06-26 05:00:00,Pediatrics,Pediatric Ward,40,42,0,1.05,105.0,0,0,0,RED,5,4,0
2026-06-26 06:00:00,Emergency,Emergency Department (ED),50,54,0,1.08,108.0,3,0,3,RED,6,4,0
2026-06-26 06:00:00,ICU,Intensive Care Unit (ICU),30,32,0,1.0667,106.7,0,0,0,RED,6,4,0
2026-06-26 06:00:00,General Medicine,General Medicine Ward,120,129,0,1.075,107.5,4,2,2,RED,6,4,0
2026-06-26 06:00:00,Surgical Ward,Surgical & Post-Op Ward,80,50,30,0.625,62.5,2,4,-2,GREEN,6,4,0
2026-06-26 06:00:00,Pediatrics,Pediatric Ward,40,43,0,1.075,107.5,1,0,1,RED,6,4,0
2026-06-26 07:00:00,Emergency,Emergency Department (ED),50,54,0,1.08,108.0,4,2,2,RED,7,4,0
2026-06-26 07:00:00,ICU,Intensive Care Unit (ICU),30,32,0,1.0667,106.7,0,0,0,RED,7,4,0
2026-06-26 07:00:00,General Medicine,General Medicine Ward,120,129,0,1.075,107.5,3,2,1,RED,7,4,0
2026-06-26 07:00:00,Surgical Ward,Surgical & Post-Op Ward,80,53,27,0.6625,66.2,4,1,3,GREEN,7,4,0
2026-06-26 07:00:00,Pediatrics,Pediatric Ward,40,43,0,1.075,107.5,3,0,3,RED,7,4,0
2026-06-26 08:00:00,Emergency,Emergency Department (ED),50,54,0,1.08,108.0,4,3,1,RED,8,4,0
2026-06-26 08:00:00,ICU,Intensive Care Unit (ICU),30,32,0,1.0667,106.7,1,0,1,RED,8,4,0
2026-06-26 08:00:00,General Medicine,General Medicine Ward,120,129,0,1.075,107.5,6,3,3,RED,8,4,0
2026-06-26 08:00:00,Surgical Ward,Surgical & Post-Op Ward,80,56,24,0.7,70.0,4,1,3,GREEN,8,4,0
2026-06-26 08:00:00,Pediatrics,Pediatric Ward,40,43,0,1.075,107.5,4,0,4,RED,8,4,0
2026-06-26 09:00:00,Emergency,Emergency Department (ED),50,54,0,1.08,108.0,5,1,4,RED,9,4,0
2026-06-26 09:00:00,ICU,Intensive Care Unit (ICU),30,32,0,1.0667,106.7,1,1,0,RED,9,4,0
2026-06-26 09:00:00,General Medicine,General Medicine Ward,120,129,0,1.075,107.5,1,1,0,RED,9,4,0
2026-06-26 09:00:00,Surgical Ward,Surgical & Post-Op Ward,80,56,24,0.7,70.0,6,6,0,GREEN,9,4,0
2026-06-26 09:00:00,Pediatrics,Pediatric Ward,40,40,0,1.0,100.0,0,3,-3,RED,9,4,0
2026-06-26 10:00:00,Emergency,Emergency Department (ED),50,53,0,1.06,106.0,3,4,-1,RED,10,4,0
2026-06-26 10:00:00,ICU,Intensive Care Unit (ICU),30,32,0,1.0667,106.7,2,0,2,RED,10,4,0
2026-06-26 10:00:00,General Medicine,General Medicine Ward,120,129,0,1.075,107.5,8,3,5,RED,10,4,0
2026-06-26 10:00:00,Surgical Ward,Surgical & Post-Op Ward,80,57,23,0.7125,71.2,4,3,1,GREEN,10,4,0
2026-06-26 10:00:00,Pediatrics,Pediatric Ward,40,43,0,1.075,107.5,6,2,4,RED,10,4,0
2026-06-26 11:00:00,Emergency,Emergency Department (ED),50,52,0,1.04,104.0,5,6,-1,RED,11,4,0
2026-06-26 11:00:00,ICU,Intensive Care Unit (ICU),30,30,0,1.0,100.0,0,2,-2,RED,11,4,0
2026-06-26 11:00:00,General Medicine,General Medicine Ward,120,129,0,1.075,107.5,3,1,2,RED,11,4,0
2026-06-26 11:00:00,Surgical Ward,Surgical & Post-Op Ward,80,56,24,0.7,70.0,3,4,-1,GREEN,11,4,0
2026-06-26 11:00:00,Pediatrics,Pediatric Ward,40,43,0,1.075,107.5,0,0,0,RED,11,4,0
2026-06-26 12:00:00,Emergency,Emergency Department (ED),50,51,0,1.02,102.0,3,4,-1,RED,12,4,0
2026-06-26 12:00:00,ICU,Intensive Care Unit (ICU),30,31,0,1.0333,103.3,2,1,1,RED,12,4,0
2026-06-26 12:00:00,General Medicine,General Medicine Ward,120,126,0,1.05,105.0,3,6,-3,RED,12,4,0
2026-06-26 12:00:00,Surgical Ward,Surgical & Post-Op Ward,80,52,28,0.65,65.0,0,4,-4,GREEN,12,4,0
2026-06-26 12:00:00,Pediatrics,Pediatric Ward,40,41,0,1.025,102.5,0,2,-2,RED,12,4,0
2026-06-26 13:00:00,Emergency,Emergency Department (ED),50,46,4,0.92,92.0,2,7,-5,RED,13,4,0
2026-06-26 13:00:00,ICU,Intensive Care Unit (ICU),30,31,0,1.0333,103.3,0,0,0,RED,13,4,0
2026-06-26 13:00:00,General Medicine,General Medicine Ward,120,123,0,1.025,102.5,4,7,-3,RED,13,4,0
2026-06-26 13:00:00,Surgical Ward,Surgical & Post-Op Ward,80,50,30,0.625,62.5,0,2,-2,GREEN,13,4,0
2026-06-26 13:00:00,Pediatrics,Pediatric Ward,40,43,0,1.075,107.5,2,0,2,RED,13,4,0
2026-06-26 14:00:00,Emergency,Emergency Department (ED),50,45,5,0.9,90.0,2,3,-1,RED,14,4,0
2026-06-26 14:00:00,ICU,Intensive Care Unit (ICU),30,31,0,1.0333,103.3,0,0,0,RED,14,4,0
2026-06-26 14:00:00,General Medicine,General Medicine Ward,120,127,0,1.0583,105.8,6,2,4,RED,14,4,0
2026-06-26 14:00:00,Surgical Ward,Surgical & Post-Op Ward,80,50,30,0.625,62.5,4,4,0,GREEN,14,4,0
2026-06-26 14:00:00,Pediatrics,Pediatric Ward,40,43,0,1.075,107.5,1,1,0,RED,14,4,0
2026-06-26 15:00:00,Emergency,Emergency Department (ED),50,44,6,0.88,88.0,0,1,-1,AMBER,15,4,0
2026-06-26 15:00:00,ICU,Intensive Care Unit (ICU),30,32,0,1.0667,106.7,1,0,1,RED,15,4,0
2026-06-26 15:00:00,General Medicine,General Medicine Ward,120,124,0,1.0333,103.3,3,6,-3,RED,15,4,0
2026-06-26 15:00:00,Surgical Ward,Surgical & Post-Op Ward,80,55,25,0.6875,68.8,5,0,5,GREEN,15,4,0
2026-06-26 15:00:00,Pediatrics,Pediatric Ward,40,42,0,1.05,105.0,1,2,-1,RED,15,4,0
2026-06-26 16:00:00,Emergency,Emergency Department (ED),50,52,0,1.04,104.0,8,0,8,RED,16,4,0
2026-06-26 16:00:00,ICU,Intensive Care Unit (ICU),30,32,0,1.0667,106.7,1,0,1,RED,16,4,0
2026-06-26 16:00:00,General Medicine,General Medicine Ward,120,128,0,1.0667,106.7,6,2,4,RED,16,4,0
2026-06-26 16:00:00,Surgical Ward,Surgical & Post-Op Ward,80,55,25,0.6875,68.8,5,5,0,GREEN,16,4,0
2026-06-26 16:00:00,Pediatrics,Pediatric Ward,40,43,0,1.075,107.5,1,0,1,RED,16,4,0
2026-06-26 17:00:00,Emergency,Emergency Department (ED),50,54,0,1.08,108.0,11,3,8,RED,17,4,0
2026-06-26 17:00:00,ICU,Intensive Care Unit (ICU),30,31,0,1.0333,103.3,0,1,-1,RED,17,4,0
2026-06-26 17:00:00,General Medicine,General Medicine Ward,120,129,0,1.075,107.5,5,2,3,RED,17,4,0
2026-06-26 17:00:00,Surgical Ward,Surgical & Post-Op Ward,80,59,21,0.7375,73.8,4,0,4,GREEN,17,4,0
2026-06-26 17:00:00,Pediatrics,Pediatric Ward,40,43,0,1.075,107.5,3,1,2,RED,17,4,0
2026-06-26 18:00:00,Emergency,Emergency Department (ED),50,54,0,1.08,108.0,5,3,2,RED,18,4,0
2026-06-26 18:00:00,ICU,Intensive Care Unit (ICU),30,31,0,1.0333,103.3,0,0,0,RED,18,4,0
2026-06-26 18:00:00,General Medicine,General Medicine Ward,120,129,0,1.075,107.5,5,4,1,RED,18,4,0
2026-06-26 18:00:00,Surgical Ward,Surgical & Post-Op Ward,80,61,19,0.7625,76.2,2,0,2,AMBER,18,4,0
2026-06-26 18:00:00,Pediatrics,Pediatric Ward,40,43,0,1.075,107.5,1,0,1,RED,18,4,0
2026-06-26 19:00:00,Emergency,Emergency Department (ED),50,54,0,1.08,108.0,3,3,0,RED,19,4,0
2026-06-26 19:00:00,ICU,Intensive Care Unit (ICU),30,32,0,1.0667,106.7,1,0,1,RED,19,4,0
2026-06-26 19:00:00,General Medicine,General Medicine Ward,120,129,0,1.075,107.5,4,4,0,RED,19,4,0
2026-06-26 19:00:00,Surgical Ward,Surgical & Post-Op Ward,80,62,18,0.775,77.5,3,2,1,AMBER,19,4,0
2026-06-26 19:00:00,Pediatrics,Pediatric Ward,40,43,0,1.075,107.5,1,0,1,RED,19,4,0
2026-06-26 20:00:00,Emergency,Emergency Department (ED),50,54,0,1.08,108.0,9,2,7,RED,20,4,0
2026-06-26 20:00:00,ICU,Intensive Care Unit (ICU),30,32,0,1.0667,106.7,0,0,0,RED,20,4,0
2026-06-26 20:00:00,General Medicine,General Medicine Ward,120,127,0,1.0583,105.8,0,2,-2,RED,20,4,0
2026-06-26 20:00:00,Surgical Ward,Surgical & Post-Op Ward,80,65,15,0.8125,81.2,4,1,3,AMBER,20,4,0
2026-06-26 20:00:00,Pediatrics,Pediatric Ward,40,43,0,1.075,107.5,1,0,1,RED,20,4,0
2026-06-26 21:00:00,Emergency,Emergency Department (ED),50,54,0,1.08,108.0,8,6,2,RED,21,4,0
2026-06-26 21:00:00,ICU,Intensive Care Unit (ICU),30,32,0,1.0667,106.7,0,0,0,RED,21,4,0
2026-06-26 21:00:00,General Medicine,General Medicine Ward,120,128,0,1.0667,106.7,5,4,1,RED,21,4,0
2026-06-26 21:00:00,Surgical Ward,Surgical & Post-Op Ward,80,66,14,0.825,82.5,2,1,1,AMBER,21,4,0
2026-06-26 21:00:00,Pediatrics,Pediatric Ward,40,43,0,1.075,107.5,2,2,0,RED,21,4,0
2026-06-26 22:00:00,Emergency,Emergency Department (ED),50,54,0,1.08,108.0,1,1,0,RED,22,4,0
2026-06-26 22:00:00,ICU,Intensive Care Unit (ICU),30,32,0,1.0667,106.7,1,0,1,RED,22,4,0
2026-06-26 22:00:00,General Medicine,General Medicine Ward,120,126,0,1.05,105.0,3,5,-2,RED,22,4,0
2026-06-26 22:00:00,Surgical Ward,Surgical & Post-Op Ward,80,68,12,0.85,85.0,3,1,2,AMBER,22,4,0
2026-06-26 22:00:00,Pediatrics,Pediatric Ward,40,43,0,1.075,107.5,2,0,2,RED,22,4,0
2026-06-26 23:00:00,Emergency,Emergency Department (ED),50,54,0,1.08,108.0,4,3,1,RED,23,4,0
2026-06-26 23:00:00,ICU,Intensive Care Unit (ICU),30,32,0,1.0667,106.7,2,1,1,RED,23,4,0
2026-06-26 23:00:00,General Medicine,General Medicine Ward,120,127,0,1.0583,105.8,4,3,1,RED,23,4,0
2026-06-26 23:00:00,Surgical Ward,Surgical & Post-Op Ward,80,66,14,0.825,82.5,2,4,-2,AMBER,23,4,0
2026-06-26 23:00:00,Pediatrics,Pediatric Ward,40,43,0,1.075,107.5,3,1,2,RED,23,4,0
2026-06-27 00:00:00,Emergency,Emergency Department (ED),50,54,0,1.08,108.0,4,1,3,RED,0,5,1
2026-06-27 00:00:00,ICU,Intensive Care Unit (ICU),30,32,0,1.0667,106.7,0,0,0,RED,0,5,1
2026-06-27 00:00:00,General Medicine,General Medicine Ward,120,128,0,1.0667,106.7,4,3,1,RED,0,5,1
2026-06-27 00:00:00,Surgical Ward,Surgical & Post-Op Ward,80,67,13,0.8375,83.8,1,0,1,AMBER,0,5,1
2026-06-27 00:00:00,Pediatrics,Pediatric Ward,40,43,0,1.075,107.5,0,0,0,RED,0,5,1
2026-06-27 01:00:00,Emergency,Emergency Department (ED),50,54,0,1.08,108.0,5,3,2,RED,1,5,1
2026-06-27 01:00:00,ICU,Intensive Care Unit (ICU),30,32,0,1.0667,106.7,1,0,1,RED,1,5,1
2026-06-27 01:00:00,General Medicine,General Medicine Ward,120,127,0,1.0583,105.8,0,1,-1,RED,1,5,1
2026-06-27 01:00:00,Surgical Ward,Surgical & Post-Op Ward,80,67,13,0.8375,83.8,0,0,0,AMBER,1,5,1
2026-06-27 01:00:00,Pediatrics,Pediatric Ward,40,43,0,1.075,107.5,1,0,1,RED,1,5,1
2026-06-27 02:00:00,Emergency,Emergency Department (ED),50,54,0,1.08,108.0,3,0,3,RED,2,5,1
2026-06-27 02:00:00,ICU,Intensive Care Unit (ICU),30,32,0,1.0667,106.7,1,1,0,RED,2,5,1
2026-06-27 02:00:00,General Medicine,General Medicine Ward,120,128,0,1.0667,106.7,1,0,1,RED,2,5,1
2026-06-27 02:00:00,Surgical Ward,Surgical & Post-Op Ward,80,67,13,0.8375,83.8,0,0,0,AMBER,2,5,1
2026-06-27 02:00:00,Pediatrics,Pediatric Ward,40,43,0,1.075,107.5,0,0,0,RED,2,5,1
2026-06-27 03:00:00,Emergency,Emergency Department (ED),50,54,0,1.08,108.0,0,0,0,RED,3,5,1
2026-06-27 03:00:00,ICU,Intensive Care Unit (ICU),30,32,0,1.0667,106.7,0,0,0,RED,3,5,1
2026-06-27 03:00:00,General Medicine,General Medicine Ward,120,127,0,1.0583,105.8,0,1,-1,RED,3,5,1
2026-06-27 03:00:00,Surgical Ward,Surgical & Post-Op Ward,80,67,13,0.8375,83.8,1,1,0,AMBER,3,5,1
2026-06-27 03:00:00,Pediatrics,Pediatric Ward,40,43,0,1.075,107.5,1,0,1,RED,3,5,1
2026-06-27 04:00:00,Emergency,Emergency Department (ED),50,54,0,1.08,108.0,0,0,0,RED,4,5,1
2026-06-27 04:00:00,ICU,Intensive Care Unit (ICU),30,32,0,1.0667,106.7,1,1,0,RED,4,5,1
2026-06-27 04:00:00,General Medicine,General Medicine Ward,120,127,0,1.0583,105.8,0,0,0,RED,4,5,1
2026-06-27 04:00:00,Surgical Ward,Surgical & Post-Op Ward,80,67,13,0.8375,83.8,0,0,0,AMBER,4,5,1
2026-06-27 04:00:00,Pediatrics,Pediatric Ward,40,42,0,1.05,105.0,0,1,-1,RED,4,5,1
2026-06-27 05:00:00,Emergency,Emergency Department (ED),50,53,0,1.06,106.0,0,1,-1,RED,5,5,1
2026-06-27 05:00:00,ICU,Intensive Care Unit (ICU),30,32,0,1.0667,106.7,0,0,0,RED,5,5,1
2026-06-27 05:00:00,General Medicine,General Medicine Ward,120,129,0,1.075,107.5,2,0,2,RED,5,5,1
2026-06-27 05:00:00,Surgical Ward,Surgical & Post-Op Ward,80,65,15,0.8125,81.2,0,2,-2,AMBER,5,5,1
2026-06-27 05:00:00,Pediatrics,Pediatric Ward,40,42,0,1.05,105.0,0,0,0,RED,5,5,1
2026-06-27 06:00:00,Emergency,Emergency Department (ED),50,54,0,1.08,108.0,2,1,1,RED,6,5,1
2026-06-27 06:00:00,ICU,Intensive Care Unit (ICU),30,32,0,1.0667,106.7,0,0,0,RED,6,5,1
2026-06-27 06:00:00,General Medicine,General Medicine Ward,120,128,0,1.0667,106.7,5,6,-1,RED,6,5,1
2026-06-27 06:00:00,Surgical Ward,Surgical & Post-Op Ward,80,64,16,0.8,80.0,0,1,-1,AMBER,6,5,1
2026-06-27 06:00:00,Pediatrics,Pediatric Ward,40,43,0,1.075,107.5,1,0,1,RED,6,5,1
2026-06-27 07:00:00,Emergency,Emergency Department (ED),50,54,0,1.08,108.0,5,3,2,RED,7,5,1
2026-06-27 07:00:00,ICU,Intensive Care Unit (ICU),30,32,0,1.0667,106.7,1,0,1,RED,7,5,1
2026-06-27 07:00:00,General Medicine,General Medicine Ward,120,125,0,1.0417,104.2,2,5,-3,RED,7,5,1
2026-06-27 07:00:00,Surgical Ward,Surgical & Post-Op Ward,80,63,17,0.7875,78.8,1,2,-1,AMBER,7,5,1
2026-06-27 07:00:00,Pediatrics,Pediatric Ward,40,43,0,1.075,107.5,1,0,1,RED,7,5,1
2026-06-27 08:00:00,Emergency,Emergency Department (ED),50,53,0,1.06,106.0,2,3,-1,RED,8,5,1
2026-06-27 08:00:00,ICU,Intensive Care Unit (ICU),30,32,0,1.0667,106.7,1,0,1,RED,8,5,1
2026-06-27 08:00:00,General Medicine,General Medicine Ward,120,124,0,1.0333,103.3,3,4,-1,RED,8,5,1
2026-06-27 08:00:00,Surgical Ward,Surgical & Post-Op Ward,80,63,17,0.7875,78.8,1,1,0,AMBER,8,5,1
2026-06-27 08:00:00,Pediatrics,Pediatric Ward,40,43,0,1.075,107.5,2,0,2,RED,8,5,1
2026-06-27 09:00:00,Emergency,Emergency Department (ED),50,54,0,1.08,108.0,6,0,6,RED,9,5,1
2026-06-27 09:00:00,ICU,Intensive Care Unit (ICU),30,32,0,1.0667,106.7,1,1,0,RED,9,5,1
2026-06-27 09:00:00,General Medicine,General Medicine Ward,120,129,0,1.075,107.5,5,0,5,RED,9,5,1
2026-06-27 09:00:00,Surgical Ward,Surgical & Post-Op Ward,80,57,23,0.7125,71.2,0,6,-6,GREEN,9,5,1
2026-06-27 09:00:00,Pediatrics,Pediatric Ward,40,42,0,1.05,105.0,0,1,-1,RED,9,5,1
2026-06-27 10:00:00,Emergency,Emergency Department (ED),50,54,0,1.08,108.0,6,1,5,RED,10,5,1
2026-06-27 10:00:00,ICU,Intensive Care Unit (ICU),30,32,0,1.0667,106.7,0,0,0,RED,10,5,1
2026-06-27 10:00:00,General Medicine,General Medicine Ward,120,129,0,1.075,107.5,3,3,0,RED,10,5,1
2026-06-27 10:00:00,Surgical Ward,Surgical & Post-Op Ward,80,55,25,0.6875,68.8,1,3,-2,GREEN,10,5,1
2026-06-27 10:00:00,Pediatrics,Pediatric Ward,40,43,0,1.075,107.5,3,1,2,RED,10,5,1
2026-06-27 11:00:00,Emergency,Emergency Department (ED),50,54,0,1.08,108.0,5,5,0,RED,11,5,1
2026-06-27 11:00:00,ICU,Intensive Care Unit (ICU),30,32,0,1.0667,106.7,2,1,1,RED,11,5,1
2026-06-27 11:00:00,General Medicine,General Medicine Ward,120,126,0,1.05,105.0,2,5,-3,RED,11,5,1
2026-06-27 11:00:00,Surgical Ward,Surgical & Post-Op Ward,80,51,29,0.6375,63.7,0,4,-4,GREEN,11,5,1
2026-06-27 11:00:00,Pediatrics,Pediatric Ward,40,43,0,1.075,107.5,4,1,3,RED,11,5,1
2026-06-27 12:00:00,Emergency,Emergency Department (ED),50,54,0,1.08,108.0,6,5,1,RED,12,5,1
2026-06-27 12:00:00,ICU,Intensive Care Unit (ICU),30,32,0,1.0667,106.7,3,0,3,RED,12,5,1
2026-06-27 12:00:00,General Medicine,General Medicine Ward,120,126,0,1.05,105.0,3,3,0,RED,12,5,1
2026-06-27 12:00:00,Surgical Ward,Surgical & Post-Op Ward,80,47,33,0.5875,58.8,0,4,-4,GREEN,12,5,1
2026-06-27 12:00:00,Pediatrics,Pediatric Ward,40,43,0,1.075,107.5,3,1,2,RED,12,5,1
2026-06-27 13:00:00,Emergency,Emergency Department (ED),50,54,0,1.08,108.0,3,1,2,RED,13,5,1
2026-06-27 13:00:00,ICU,Intensive Care Unit (ICU),30,31,0,1.0333,103.3,0,1,-1,RED,13,5,1
2026-06-27 13:00:00,General Medicine,General Medicine Ward,120,124,0,1.0333,103.3,6,8,-2,RED,13,5,1
2026-06-27 13:00:00,Surgical Ward,Surgical & Post-Op Ward,80,46,34,0.575,57.5,0,1,-1,GREEN,13,5,1
2026-06-27 13:00:00,Pediatrics,Pediatric Ward,40,43,0,1.075,107.5,3,1,2,RED,13,5,1
2026-06-27 14:00:00,Emergency,Emergency Department (ED),50,47,3,0.94,94.0,0,7,-7,RED,14,5,1
2026-06-27 14:00:00,ICU,Intensive Care Unit (ICU),30,29,1,0.9667,96.7,0,2,-2,RED,14,5,1
2026-06-27 14:00:00,General Medicine,General Medicine Ward,120,121,0,1.0083,100.8,3,6,-3,RED,14,5,1
2026-06-27 14:00:00,Surgical Ward,Surgical & Post-Op Ward,80,49,31,0.6125,61.3,3,0,3,GREEN,14,5,1
2026-06-27 14:00:00,Pediatrics,Pediatric Ward,40,43,0,1.075,107.5,1,0,1,RED,14,5,1
2026-06-27 15:00:00,Emergency,Emergency Department (ED),50,49,1,0.98,98.0,4,2,2,RED,15,5,1
2026-06-27 15:00:00,ICU,Intensive Care Unit (ICU),30,29,1,0.9667,96.7,1,1,0,RED,15,5,1
2026-06-27 15:00:00,General Medicine,General Medicine Ward,120,118,2,0.9833,98.3,3,6,-3,RED,15,5,1
2026-06-27 15:00:00,Surgical Ward,Surgical & Post-Op Ward,80,50,30,0.625,62.5,2,1,1,GREEN,15,5,1
2026-06-27 15:00:00,Pediatrics,Pediatric Ward,40,43,0,1.075,107.5,1,0,1,RED,15,5,1
2026-06-27 16:00:00,Emergency,Emergency Department (ED),50,53,0,1.06,106.0,6,2,4,RED,16,5,1
2026-06-27 16:00:00,ICU,Intensive Care Unit (ICU),30,30,0,1.0,100.0,1,0,1,RED,16,5,1
2026-06-27 16:00:00,General Medicine,General Medicine Ward,120,120,0,1.0,100.0,4,2,2,RED,16,5,1
2026-06-27 16:00:00,Surgical Ward,Surgical & Post-Op Ward,80,47,33,0.5875,58.8,0,3,-3,GREEN,16,5,1
2026-06-27 16:00:00,Pediatrics,Pediatric Ward,40,42,0,1.05,105.0,0,1,-1,RED,16,5,1
2026-06-27 17:00:00,Emergency,Emergency Department (ED),50,54,0,1.08,108.0,7,4,3,RED,17,5,1
2026-06-27 17:00:00,ICU,Intensive Care Unit (ICU),30,29,1,0.9667,96.7,0,1,-1,RED,17,5,1
2026-06-27 17:00:00,General Medicine,General Medicine Ward,120,121,0,1.0083,100.8,4,3,1,RED,17,5,1
2026-06-27 17:00:00,Surgical Ward,Surgical & Post-Op Ward,80,48,32,0.6,60.0,1,0,1,GREEN,17,5,1
2026-06-27 17:00:00,Pediatrics,Pediatric Ward,40,43,0,1.075,107.5,4,1,3,RED,17,5,1
2026-06-27 18:00:00,Emergency,Emergency Department (ED),50,54,0,1.08,108.0,3,1,2,RED,18,5,1
2026-06-27 18:00:00,ICU,Intensive Care Unit (ICU),30,32,0,1.0667,106.7,3,0,3,RED,18,5,1
2026-06-27 18:00:00,General Medicine,General Medicine Ward,120,124,0,1.0333,103.3,3,0,3,RED,18,5,1
2026-06-27 18:00:00,Surgical Ward,Surgical & Post-Op Ward,80,45,35,0.5625,56.2,0,3,-3,GREEN,18,5,1
2026-06-27 18:00:00,Pediatrics,Pediatric Ward,40,43,0,1.075,107.5,1,1,0,RED,18,5,1
2026-06-27 19:00:00,Emergency,Emergency Department (ED),50,54,0,1.08,108.0,6,2,4,RED,19,5,1
2026-06-27 19:00:00,ICU,Intensive Care Unit (ICU),30,32,0,1.0667,106.7,1,0,1,RED,19,5,1
2026-06-27 19:00:00,General Medicine,General Medicine Ward,120,124,0,1.0333,103.3,3,3,0,RED,19,5,1
2026-06-27 19:00:00,Surgical Ward,Surgical & Post-Op Ward,80,42,38,0.525,52.5,0,3,-3,GREEN,19,5,1
2026-06-27 19:00:00,Pediatrics,Pediatric Ward,40,43,0,1.075,107.5,2,2,0,RED,19,5,1
2026-06-27 20:00:00,Emergency,Emergency Department (ED),50,54,0,1.08,108.0,6,2,4,RED,20,5,1
2026-06-27 20:00:00,ICU,Intensive Care Unit (ICU),30,31,0,1.0333,103.3,1,2,-1,RED,20,5,1
2026-06-27 20:00:00,General Medicine,General Medicine Ward,120,121,0,1.0083,100.8,1,4,-3,RED,20,5,1
2026-06-27 20:00:00,Surgical Ward,Surgical & Post-Op Ward,80,40,40,0.5,50.0,1,3,-2,GREEN,20,5,1
2026-06-27 20:00:00,Pediatrics,Pediatric Ward,40,40,0,1.0,100.0,0,3,-3,RED,20,5,1
2026-06-27 21:00:00,Emergency,Emergency Department (ED),50,54,0,1.08,108.0,8,2,6,RED,21,5,1
2026-06-27 21:00:00,ICU,Intensive Care Unit (ICU),30,32,0,1.0667,106.7,2,0,2,RED,21,5,1
2026-06-27 21:00:00,General Medicine,General Medicine Ward,120,125,0,1.0417,104.2,7,3,4,RED,21,5,1
2026-06-27 21:00:00,Surgical Ward,Surgical & Post-Op Ward,80,38,42,0.475,47.5,0,2,-2,GREEN,21,5,1
2026-06-27 21:00:00,Pediatrics,Pediatric Ward,40,41,0,1.025,102.5,1,0,1,RED,21,5,1
2026-06-27 22:00:00,Emergency,Emergency Department (ED),50,54,0,1.08,108.0,3,3,0,RED,22,5,1
2026-06-27 22:00:00,ICU,Intensive Care Unit (ICU),30,31,0,1.0333,103.3,0,1,-1,RED,22,5,1
2026-06-27 22:00:00,General Medicine,General Medicine Ward,120,122,0,1.0167,101.7,0,3,-3,RED,22,5,1
2026-06-27 22:00:00,Surgical Ward,Surgical & Post-Op Ward,80,37,43,0.4625,46.2,1,2,-1,GREEN,22,5,1
2026-06-27 22:00:00,Pediatrics,Pediatric Ward,40,40,0,1.0,100.0,0,1,-1,RED,22,5,1
2026-06-27 23:00:00,Emergency,Emergency Department (ED),50,54,0,1.08,108.0,1,1,0,RED,23,5,1
2026-06-27 23:00:00,ICU,Intensive Care Unit (ICU),30,30,0,1.0,100.0,0,1,-1,RED,23,5,1
2026-06-27 23:00:00,General Medicine,General Medicine Ward,120,123,0,1.025,102.5,2,1,1,RED,23,5,1
2026-06-27 23:00:00,Surgical Ward,Surgical & Post-Op Ward,80,33,47,0.4125,41.2,0,4,-4,GREEN,23,5,1
2026-06-27 23:00:00,Pediatrics,Pediatric Ward,40,43,0,1.075,107.5,3,0,3,RED,23,5,1
2026-06-28 00:00:00,Emergency,Emergency Department (ED),50,54,0,1.08,108.0,7,2,5,RED,0,6,1
2026-06-28 00:00:00,ICU,Intensive Care Unit (ICU),30,31,0,1.0333,103.3,2,1,1,RED,0,6,1
2026-06-28 00:00:00,General Medicine,General Medicine Ward,120,122,0,1.0167,101.7,1,2,-1,RED,0,6,1
2026-06-28 00:00:00,Surgical Ward,Surgical & Post-Op Ward,80,33,47,0.4125,41.2,0,0,0,GREEN,0,6,1
2026-06-28 00:00:00,Pediatrics,Pediatric Ward,40,43,0,1.075,107.5,2,0,2,RED,0,6,1
2026-06-28 01:00:00,Emergency,Emergency Department (ED),50,52,0,1.04,104.0,1,3,-2,RED,1,6,1
2026-06-28 01:00:00,ICU,Intensive Care Unit (ICU),30,32,0,1.0667,106.7,1,0,1,RED,1,6,1
2026-06-28 01:00:00,General Medicine,General Medicine Ward,120,122,0,1.0167,101.7,0,0,0,RED,1,6,1
2026-06-28 01:00:00,Surgical Ward,Surgical & Post-Op Ward,80,33,47,0.4125,41.2,0,0,0,GREEN,1,6,1
2026-06-28 01:00:00,Pediatrics,Pediatric Ward,40,43,0,1.075,107.5,2,2,0,RED,1,6,1
2026-06-28 02:00:00,Emergency,Emergency Department (ED),50,54,0,1.08,108.0,3,1,2,RED,2,6,1
2026-06-28 02:00:00,ICU,Intensive Care Unit (ICU),30,32,0,1.0667,106.7,1,0,1,RED,2,6,1
2026-06-28 02:00:00,General Medicine,General Medicine Ward,120,123,0,1.025,102.5,1,0,1,RED,2,6,1
2026-06-28 02:00:00,Surgical Ward,Surgical & Post-Op Ward,80,33,47,0.4125,41.2,0,0,0,GREEN,2,6,1
2026-06-28 02:00:00,Pediatrics,Pediatric Ward,40,43,0,1.075,107.5,0,0,0,RED,2,6,1
2026-06-28 03:00:00,Emergency,Emergency Department (ED),50,52,0,1.04,104.0,0,2,-2,RED,3,6,1
2026-06-28 03:00:00,ICU,Intensive Care Unit (ICU),30,31,0,1.0333,103.3,0,1,-1,RED,3,6,1
2026-06-28 03:00:00,General Medicine,General Medicine Ward,120,124,0,1.0333,103.3,1,0,1,RED,3,6,1
2026-06-28 03:00:00,Surgical Ward,Surgical & Post-Op Ward,80,32,48,0.4,40.0,0,1,-1,GREEN,3,6,1
2026-06-28 03:00:00,Pediatrics,Pediatric Ward,40,43,0,1.075,107.5,0,0,0,RED,3,6,1
2026-06-28 04:00:00,Emergency,Emergency Department (ED),50,53,0,1.06,106.0,2,1,1,RED,4,6,1
2026-06-28 04:00:00,ICU,Intensive Care Unit (ICU),30,31,0,1.0333,103.3,0,0,0,RED,4,6,1
2026-06-28 04:00:00,General Medicine,General Medicine Ward,120,124,0,1.0333,103.3,0,0,0,RED,4,6,1
2026-06-28 04:00:00,Surgical Ward,Surgical & Post-Op Ward,80,34,46,0.425,42.5,2,0,2,GREEN,4,6,1
2026-06-28 04:00:00,Pediatrics,Pediatric Ward,40,41,0,1.025,102.5,0,2,-2,RED,4,6,1
2026-06-28 05:00:00,Emergency,Emergency Department (ED),50,54,0,1.08,108.0,2,1,1,RED,5,6,1
2026-06-28 05:00:00,ICU,Intensive Care Unit (ICU),30,31,0,1.0333,103.3,0,0,0,RED,5,6,1
2026-06-28 05:00:00,General Medicine,General Medicine Ward,120,124,0,1.0333,103.3,0,0,0,RED,5,6,1
2026-06-28 05:00:00,Surgical Ward,Surgical & Post-Op Ward,80,34,46,0.425,42.5,0,0,0,GREEN,5,6,1
2026-06-28 05:00:00,Pediatrics,Pediatric Ward,40,41,0,1.025,102.5,1,1,0,RED,5,6,1
2026-06-28 06:00:00,Emergency,Emergency Department (ED),50,54,0,1.08,108.0,0,0,0,RED,6,6,1
2026-06-28 06:00:00,ICU,Intensive Care Unit (ICU),30,32,0,1.0667,106.7,2,1,1,RED,6,6,1
2026-06-28 06:00:00,General Medicine,General Medicine Ward,120,121,0,1.0083,100.8,0,3,-3,RED,6,6,1
2026-06-28 06:00:00,Surgical Ward,Surgical & Post-Op Ward,80,35,45,0.4375,43.8,1,0,1,GREEN,6,6,1
2026-06-28 06:00:00,Pediatrics,Pediatric Ward,40,41,0,1.025,102.5,0,0,0,RED,6,6,1
2026-06-28 07:00:00,Emergency,Emergency Department (ED),50,53,0,1.06,106.0,0,1,-1,RED,7,6,1
2026-06-28 07:00:00,ICU,Intensive Care Unit (ICU),30,32,0,1.0667,106.7,1,1,0,RED,7,6,1
2026-06-28 07:00:00,General Medicine,General Medicine Ward,120,117,3,0.975,97.5,0,4,-4,RED,7,6,1
2026-06-28 07:00:00,Surgical Ward,Surgical & Post-Op Ward,80,33,47,0.4125,41.2,0,2,-2,GREEN,7,6,1
2026-06-28 07:00:00,Pediatrics,Pediatric Ward,40,41,0,1.025,102.5,0,0,0,RED,7,6,1
2026-06-28 08:00:00,Emergency,Emergency Department (ED),50,54,0,1.08,108.0,5,3,2,RED,8,6,1
2026-06-28 08:00:00,ICU,Intensive Care Unit (ICU),30,32,0,1.0667,106.7,0,0,0,RED,8,6,1
2026-06-28 08:00:00,General Medicine,General Medicine Ward,120,113,7,0.9417,94.2,0,4,-4,RED,8,6,1
2026-06-28 08:00:00,Surgical Ward,Surgical & Post-Op Ward,80,31,49,0.3875,38.8,1,3,-2,GREEN,8,6,1
2026-06-28 08:00:00,Pediatrics,Pediatric Ward,40,43,0,1.075,107.5,2,0,2,RED,8,6,1
2026-06-28 09:00:00,Emergency,Emergency Department (ED),50,54,0,1.08,108.0,2,2,0,RED,9,6,1
2026-06-28 09:00:00,ICU,Intensive Care Unit (ICU),30,32,0,1.0667,106.7,1,0,1,RED,9,6,1
2026-06-28 09:00:00,General Medicine,General Medicine Ward,120,116,4,0.9667,96.7,3,0,3,RED,9,6,1
2026-06-28 09:00:00,Surgical Ward,Surgical & Post-Op Ward,80,24,56,0.3,30.0,1,8,-7,GREEN,9,6,1
2026-06-28 09:00:00,Pediatrics,Pediatric Ward,40,43,0,1.075,107.5,0,0,0,RED,9,6,1
2026-06-28 10:00:00,Emergency,Emergency Department (ED),50,54,0,1.08,108.0,3,3,0,RED,10,6,1
2026-06-28 10:00:00,ICU,Intensive Care Unit (ICU),30,31,0,1.0333,103.3,0,1,-1,RED,10,6,1
2026-06-28 10:00:00,General Medicine,General Medicine Ward,120,115,5,0.9583,95.8,4,5,-1,RED,10,6,1
2026-06-28 10:00:00,Surgical Ward,Surgical & Post-Op Ward,80,23,57,0.2875,28.7,2,3,-1,GREEN,10,6,1
2026-06-28 10:00:00,Pediatrics,Pediatric Ward,40,42,0,1.05,105.0,1,2,-1,RED,10,6,1
2026-06-28 11:00:00,Emergency,Emergency Department (ED),50,54,0,1.08,108.0,5,2,3,RED,11,6,1
2026-06-28 11:00:00,ICU,Intensive Care Unit (ICU),30,31,0,1.0333,103.3,1,1,0,RED,11,6,1
2026-06-28 11:00:00,General Medicine,General Medicine Ward,120,115,5,0.9583,95.8,7,7,0,RED,11,6,1
2026-06-28 11:00:00,Surgical Ward,Surgical & Post-Op Ward,80,21,59,0.2625,26.2,3,5,-2,GREEN,11,6,1
2026-06-28 11:00:00,Pediatrics,Pediatric Ward,40,41,0,1.025,102.5,1,2,-1,RED,11,6,1
2026-06-28 12:00:00,Emergency,Emergency Department (ED),50,54,0,1.08,108.0,7,2,5,RED,12,6,1
2026-06-28 12:00:00,ICU,Intensive Care Unit (ICU),30,31,0,1.0333,103.3,1,1,0,RED,12,6,1
2026-06-28 12:00:00,General Medicine,General Medicine Ward,120,112,8,0.9333,93.3,4,7,-3,RED,12,6,1
2026-06-28 12:00:00,Surgical Ward,Surgical & Post-Op Ward,80,19,61,0.2375,23.8,0,2,-2,GREEN,12,6,1
2026-06-28 12:00:00,Pediatrics,Pediatric Ward,40,43,0,1.075,107.5,5,1,4,RED,12,6,1
2026-06-28 13:00:00,Emergency,Emergency Department (ED),50,51,0,1.02,102.0,1,4,-3,RED,13,6,1
2026-06-28 13:00:00,ICU,Intensive Care Unit (ICU),30,31,0,1.0333,103.3,0,0,0,RED,13,6,1
2026-06-28 13:00:00,General Medicine,General Medicine Ward,120,116,4,0.9667,96.7,4,0,4,RED,13,6,1
2026-06-28 13:00:00,Surgical Ward,Surgical & Post-Op Ward,80,17,63,0.2125,21.2,1,3,-2,GREEN,13,6,1
2026-06-28 13:00:00,Pediatrics,Pediatric Ward,40,43,0,1.075,107.5,3,1,2,RED,13,6,1
2026-06-28 14:00:00,Emergency,Emergency Department (ED),50,50,0,1.0,100.0,6,7,-1,RED,14,6,1
2026-06-28 14:00:00,ICU,Intensive Care Unit (ICU),30,31,0,1.0333,103.3,1,1,0,RED,14,6,1
2026-06-28 14:00:00,General Medicine,General Medicine Ward,120,112,8,0.9333,93.3,3,7,-4,RED,14,6,1
2026-06-28 14:00:00,Surgical Ward,Surgical & Post-Op Ward,80,18,62,0.225,22.5,1,0,1,GREEN,14,6,1
2026-06-28 14:00:00,Pediatrics,Pediatric Ward,40,41,0,1.025,102.5,1,3,-2,RED,14,6,1
2026-06-28 15:00:00,Emergency,Emergency Department (ED),50,54,0,1.08,108.0,7,2,5,RED,15,6,1
2026-06-28 15:00:00,ICU,Intensive Care Unit (ICU),30,31,0,1.0333,103.3,0,0,0,RED,15,6,1
2026-06-28 15:00:00,General Medicine,General Medicine Ward,120,115,5,0.9583,95.8,4,1,3,RED,15,6,1
2026-06-28 15:00:00,Surgical Ward,Surgical & Post-Op Ward,80,15,65,0.1875,18.8,0,3,-3,GREEN,15,6,1
2026-06-28 15:00:00,Pediatrics,Pediatric Ward,40,40,0,1.0,100.0,1,2,-1,RED,15,6,1
2026-06-28 16:00:00,Emergency,Emergency Department (ED),50,54,0,1.08,108.0,3,0,3,RED,16,6,1
2026-06-28 16:00:00,ICU,Intensive Care Unit (ICU),30,30,0,1.0,100.0,0,1,-1,RED,16,6,1
2026-06-28 16:00:00,General Medicine,General Medicine Ward,120,115,5,0.9583,95.8,1,1,0,RED,16,6,1
2026-06-28 16:00:00,Surgical Ward,Surgical & Post-Op Ward,80,11,69,0.1375,13.8,0,4,-4,GREEN,16,6,1
2026-06-28 16:00:00,Pediatrics,Pediatric Ward,40,43,0,1.075,107.5,4,0,4,RED,16,6,1
2026-06-28 17:00:00,Emergency,Emergency Department (ED),50,54,0,1.08,108.0,7,1,6,RED,17,6,1
2026-06-28 17:00:00,ICU,Intensive Care Unit (ICU),30,30,0,1.0,100.0,0,0,0,RED,17,6,1
2026-06-28 17:00:00,General Medicine,General Medicine Ward,120,116,4,0.9667,96.7,2,1,1,RED,17,6,1
2026-06-28 17:00:00,Surgical Ward,Surgical & Post-Op Ward,80,8,72,0.1,10.0,0,3,-3,GREEN,17,6,1
2026-06-28 17:00:00,Pediatrics,Pediatric Ward,40,41,0,1.025,102.5,0,2,-2,RED,17,6,1
2026-06-28 18:00:00,Emergency,Emergency Department (ED),50,54,0,1.08,108.0,6,3,3,RED,18,6,1
2026-06-28 18:00:00,ICU,Intensive Care Unit (ICU),30,32,0,1.0667,106.7,2,0,2,RED,18,6,1
2026-06-28 18:00:00,General Medicine,General Medicine Ward,120,115,5,0.9583,95.8,1,2,-1,RED,18,6,1
2026-06-28 18:00:00,Surgical Ward,Surgical & Post-Op Ward,80,9,71,0.1125,11.2,1,0,1,GREEN,18,6,1
2026-06-28 18:00:00,Pediatrics,Pediatric Ward,40,43,0,1.075,107.5,3,0,3,RED,18,6,1
2026-06-28 19:00:00,Emergency,Emergency Department (ED),50,54,0,1.08,108.0,6,2,4,RED,19,6,1
2026-06-28 19:00:00,ICU,Intensive Care Unit (ICU),30,31,0,1.0333,103.3,0,1,-1,RED,19,6,1
2026-06-28 19:00:00,General Medicine,General Medicine Ward,120,113,7,0.9417,94.2,2,4,-2,RED,19,6,1
2026-06-28 19:00:00,Surgical Ward,Surgical & Post-Op Ward,80,8,72,0.1,10.0,0,1,-1,GREEN,19,6,1
2026-06-28 19:00:00,Pediatrics,Pediatric Ward,40,43,0,1.075,107.5,1,0,1,RED,19,6,1
2026-06-28 20:00:00,Emergency,Emergency Department (ED),50,54,0,1.08,108.0,5,2,3,RED,20,6,1
2026-06-28 20:00:00,ICU,Intensive Care Unit (ICU),30,30,0,1.0,100.0,0,1,-1,RED,20,6,1
2026-06-28 20:00:00,General Medicine,General Medicine Ward,120,117,3,0.975,97.5,4,0,4,RED,20,6,1
2026-06-28 20:00:00,Surgical Ward,Surgical & Post-Op Ward,80,7,73,0.0875,8.8,0,1,-1,GREEN,20,6,1
2026-06-28 20:00:00,Pediatrics,Pediatric Ward,40,43,0,1.075,107.5,0,0,0,RED,20,6,1
2026-06-28 21:00:00,Emergency,Emergency Department (ED),50,54,0,1.08,108.0,7,3,4,RED,21,6,1
2026-06-28 21:00:00,ICU,Intensive Care Unit (ICU),30,30,0,1.0,100.0,0,0,0,RED,21,6,1
2026-06-28 21:00:00,General Medicine,General Medicine Ward,120,118,2,0.9833,98.3,3,2,1,RED,21,6,1
2026-06-28 21:00:00,Surgical Ward,Surgical & Post-Op Ward,80,8,72,0.1,10.0,2,1,1,GREEN,21,6,1
2026-06-28 21:00:00,Pediatrics,Pediatric Ward,40,43,0,1.075,107.5,1,0,1,RED,21,6,1
2026-06-28 22:00:00,Emergency,Emergency Department (ED),50,54,0,1.08,108.0,5,3,2,RED,22,6,1
2026-06-28 22:00:00,ICU,Intensive Care Unit (ICU),30,31,0,1.0333,103.3,1,0,1,RED,22,6,1
2026-06-28 22:00:00,General Medicine,General Medicine Ward,120,120,0,1.0,100.0,5,3,2,RED,22,6,1
2026-06-28 22:00:00,Surgical Ward,Surgical & Post-Op Ward,80,7,73,0.0875,8.8,1,2,-1,GREEN,22,6,1
2026-06-28 22:00:00,Pediatrics,Pediatric Ward,40,42,0,1.05,105.0,1,2,-1,RED,22,6,1
2026-06-28 23:00:00,Emergency,Emergency Department (ED),50,54,0,1.08,108.0,2,2,0,RED,23,6,1
2026-06-28 23:00:00,ICU,Intensive Care Unit (ICU),30,31,0,1.0333,103.3,0,0,0,RED,23,6,1
2026-06-28 23:00:00,General Medicine,General Medicine Ward,120,124,0,1.0333,103.3,7,3,4,RED,23,6,1
2026-06-28 23:00:00,Surgical Ward,Surgical & Post-Op Ward,80,2,78,0.025,2.5,0,5,-5,GREEN,23,6,1
2026-06-28 23:00:00,Pediatrics,Pediatric Ward,40,40,0,1.0,100.0,0,2,-2,RED,23,6,1
2026-06-29 00:00:00,Emergency,Emergency Department (ED),50,54,0,1.08,108.0,4,2,2,RED,0,0,0
2026-06-29 00:00:00,ICU,Intensive Care Unit (ICU),30,31,0,1.0333,103.3,0,0,0,RED,0,0,0
2026-06-29 00:00:00,General Medicine,General Medicine Ward,120,126,0,1.05,105.0,7,5,2,RED,0,0,0
2026-06-29 00:00:00,Surgical Ward,Surgical & Post-Op Ward,80,2,78,0.025,2.5,0,0,0,GREEN,0,0,0
2026-06-29 00:00:00,Pediatrics,Pediatric Ward,40,41,0,1.025,102.5,1,0,1,RED,0,0,0
2026-06-29 01:00:00,Emergency,Emergency Department (ED),50,54,0,1.08,108.0,2,2,0,RED,1,0,0
2026-06-29 01:00:00,ICU,Intensive Care Unit (ICU),30,31,0,1.0333,103.3,0,0,0,RED,1,0,0
2026-06-29 01:00:00,General Medicine,General Medicine Ward,120,127,0,1.0583,105.8,1,0,1,RED,1,0,0
2026-06-29 01:00:00,Surgical Ward,Surgical & Post-Op Ward,80,4,76,0.05,5.0,2,0,2,GREEN,1,0,0
2026-06-29 01:00:00,Pediatrics,Pediatric Ward,40,42,0,1.05,105.0,2,1,1,RED,1,0,0
2026-06-29 02:00:00,Emergency,Emergency Department (ED),50,54,0,1.08,108.0,1,0,1,RED,2,0,0
2026-06-29 02:00:00,ICU,Intensive Care Unit (ICU),30,32,0,1.0667,106.7,1,0,1,RED,2,0,0
2026-06-29 02:00:00,General Medicine,General Medicine Ward,120,128,0,1.0667,106.7,2,1,1,RED,2,0,0
2026-06-29 02:00:00,Surgical Ward,Surgical & Post-Op Ward,80,4,76,0.05,5.0,0,0,0,GREEN,2,0,0
2026-06-29 02:00:00,Pediatrics,Pediatric Ward,40,42,0,1.05,105.0,0,0,0,RED,2,0,0
2026-06-29 03:00:00,Emergency,Emergency Department (ED),50,54,0,1.08,108.0,2,0,2,RED,3,0,0
2026-06-29 03:00:00,ICU,Intensive Care Unit (ICU),30,32,0,1.0667,106.7,2,0,2,RED,3,0,0
2026-06-29 03:00:00,General Medicine,General Medicine Ward,120,129,0,1.075,107.5,4,0,4,RED,3,0,0
2026-06-29 03:00:00,Surgical Ward,Surgical & Post-Op Ward,80,3,77,0.0375,3.8,0,1,-1,GREEN,3,0,0
2026-06-29 03:00:00,Pediatrics,Pediatric Ward,40,43,0,1.075,107.5,2,1,1,RED,3,0,0
2026-06-29 04:00:00,Emergency,Emergency Department (ED),50,54,0,1.08,108.0,2,0,2,RED,4,0,0
2026-06-29 04:00:00,ICU,Intensive Care Unit (ICU),30,32,0,1.0667,106.7,0,0,0,RED,4,0,0
2026-06-29 04:00:00,General Medicine,General Medicine Ward,120,129,0,1.075,107.5,1,1,0,RED,4,0,0
2026-06-29 04:00:00,Surgical Ward,Surgical & Post-Op Ward,80,3,77,0.0375,3.8,1,1,0,GREEN,4,0,0
2026-06-29 04:00:00,Pediatrics,Pediatric Ward,40,43,0,1.075,107.5,1,1,0,RED,4,0,0
2026-06-29 05:00:00,Emergency,Emergency Department (ED),50,54,0,1.08,108.0,1,0,1,RED,5,0,0
2026-06-29 05:00:00,ICU,Intensive Care Unit (ICU),30,32,0,1.0667,106.7,1,0,1,RED,5,0,0
2026-06-29 05:00:00,General Medicine,General Medicine Ward,120,129,0,1.075,107.5,1,0,1,RED,5,0,0
2026-06-29 05:00:00,Surgical Ward,Surgical & Post-Op Ward,80,2,78,0.025,2.5,0,1,-1,GREEN,5,0,0
2026-06-29 05:00:00,Pediatrics,Pediatric Ward,40,43,0,1.075,107.5,0,0,0,RED,5,0,0
2026-06-29 06:00:00,Emergency,Emergency Department (ED),50,53,0,1.06,106.0,0,1,-1,RED,6,0,0
2026-06-29 06:00:00,ICU,Intensive Care Unit (ICU),30,32,0,1.0667,106.7,1,1,0,RED,6,0,0
2026-06-29 06:00:00,General Medicine,General Medicine Ward,120,129,0,1.075,107.5,4,4,0,RED,6,0,0
2026-06-29 06:00:00,Surgical Ward,Surgical & Post-Op Ward,80,1,79,0.0125,1.2,0,1,-1,GREEN,6,0,0
2026-06-29 06:00:00,Pediatrics,Pediatric Ward,40,43,0,1.075,107.5,0,0,0,RED,6,0,0
2026-06-29 07:00:00,Emergency,Emergency Department (ED),50,54,0,1.08,108.0,4,3,1,RED,7,0,0
2026-06-29 07:00:00,ICU,Intensive Care Unit (ICU),30,32,0,1.0667,106.7,1,0,1,RED,7,0,0
2026-06-29 07:00:00,General Medicine,General Medicine Ward,120,129,0,1.075,107.5,5,3,2,RED,7,0,0
2026-06-29 07:00:00,Surgical Ward,Surgical & Post-Op Ward,80,3,77,0.0375,3.8,3,1,2,GREEN,7,0,0
2026-06-29 07:00:00,Pediatrics,Pediatric Ward,40,43,0,1.075,107.5,2,1,1,RED,7,0,0
2026-06-29 08:00:00,Emergency,Emergency Department (ED),50,54,0,1.08,108.0,1,1,0,RED,8,0,0
2026-06-29 08:00:00,ICU,Intensive Care Unit (ICU),30,32,0,1.0667,106.7,1,0,1,RED,8,0,0
2026-06-29 08:00:00,General Medicine,General Medicine Ward,120,127,0,1.0583,105.8,3,5,-2,RED,8,0,0
2026-06-29 08:00:00,Surgical Ward,Surgical & Post-Op Ward,80,6,74,0.075,7.5,6,3,3,GREEN,8,0,0
2026-06-29 08:00:00,Pediatrics,Pediatric Ward,40,43,0,1.075,107.5,2,0,2,RED,8,0,0
2026-06-29 09:00:00,Emergency,Emergency Department (ED),50,48,2,0.96,96.0,0,6,-6,RED,9,0,0
2026-06-29 09:00:00,ICU,Intensive Care Unit (ICU),30,32,0,1.0667,106.7,1,0,1,RED,9,0,0
2026-06-29 09:00:00,General Medicine,General Medicine Ward,120,129,0,1.075,107.5,4,2,2,RED,9,0,0
2026-06-29 09:00:00,Surgical Ward,Surgical & Post-Op Ward,80,5,75,0.0625,6.2,4,5,-1,GREEN,9,0,0
2026-06-29 09:00:00,Pediatrics,Pediatric Ward,40,40,0,1.0,100.0,0,3,-3,RED,9,0,0
2026-06-29 10:00:00,Emergency,Emergency Department (ED),50,48,2,0.96,96.0,3,3,0,RED,10,0,0
2026-06-29 10:00:00,ICU,Intensive Care Unit (ICU),30,32,0,1.0667,106.7,2,0,2,RED,10,0,0
2026-06-29 10:00:00,General Medicine,General Medicine Ward,120,124,0,1.0333,103.3,4,9,-5,RED,10,0,0
2026-06-29 10:00:00,Surgical Ward,Surgical & Post-Op Ward,80,6,74,0.075,7.5,5,4,1,GREEN,10,0,0
2026-06-29 10:00:00,Pediatrics,Pediatric Ward,40,41,0,1.025,102.5,1,0,1,RED,10,0,0
2026-06-29 11:00:00,Emergency,Emergency Department (ED),50,43,7,0.86,86.0,3,8,-5,AMBER,11,0,0
2026-06-29 11:00:00,ICU,Intensive Care Unit (ICU),30,32,0,1.0667,106.7,2,1,1,RED,11,0,0
2026-06-29 11:00:00,General Medicine,General Medicine Ward,120,123,0,1.025,102.5,5,6,-1,RED,11,0,0
2026-06-29 11:00:00,Surgical Ward,Surgical & Post-Op Ward,80,6,74,0.075,7.5,3,3,0,GREEN,11,0,0
2026-06-29 11:00:00,Pediatrics,Pediatric Ward,40,41,0,1.025,102.5,2,2,0,RED,11,0,0
2026-06-29 12:00:00,Emergency,Emergency Department (ED),50,43,7,0.86,86.0,1,1,0,AMBER,12,0,0
2026-06-29 12:00:00,ICU,Intensive Care Unit (ICU),30,31,0,1.0333,103.3,0,1,-1,RED,12,0,0
2026-06-29 12:00:00,General Medicine,General Medicine Ward,120,119,1,0.9917,99.2,2,6,-4,RED,12,0,0
2026-06-29 12:00:00,Surgical Ward,Surgical & Post-Op Ward,80,5,75,0.0625,6.2,1,2,-1,GREEN,12,0,0
2026-06-29 12:00:00,Pediatrics,Pediatric Ward,40,39,1,0.975,97.5,0,2,-2,RED,12,0,0
2026-06-29 13:00:00,Emergency,Emergency Department (ED),50,43,7,0.86,86.0,0,0,0,AMBER,13,0,0
2026-06-29 13:00:00,ICU,Intensive Care Unit (ICU),30,30,0,1.0,100.0,0,1,-1,RED,13,0,0
2026-06-29 13:00:00,General Medicine,General Medicine Ward,120,121,0,1.0083,100.8,8,6,2,RED,13,0,0
2026-06-29 13:00:00,Surgical Ward,Surgical & Post-Op Ward,80,5,75,0.0625,6.2,3,3,0,GREEN,13,0,0
2026-06-29 13:00:00,Pediatrics,Pediatric Ward,40,37,3,0.925,92.5,1,3,-2,RED,13,0,0
2026-06-29 14:00:00,Emergency,Emergency Department (ED),50,44,6,0.88,88.0,3,2,1,AMBER,14,0,0
2026-06-29 14:00:00,ICU,Intensive Care Unit (ICU),30,30,0,1.0,100.0,2,2,0,RED,14,0,0
2026-06-29 14:00:00,General Medicine,General Medicine Ward,120,124,0,1.0333,103.3,7,4,3,RED,14,0,0
2026-06-29 14:00:00,Surgical Ward,Surgical & Post-Op Ward,80,5,75,0.0625,6.2,5,5,0,GREEN,14,0,0
2026-06-29 14:00:00,Pediatrics,Pediatric Ward,40,35,5,0.875,87.5,0,2,-2,AMBER,14,0,0
2026-06-29 15:00:00,Emergency,Emergency Department (ED),50,45,5,0.9,90.0,2,1,1,RED,15,0,0
2026-06-29 15:00:00,ICU,Intensive Care Unit (ICU),30,30,0,1.0,100.0,1,1,0,RED,15,0,0
2026-06-29 15:00:00,General Medicine,General Medicine Ward,120,128,0,1.0667,106.7,5,1,4,RED,15,0,0
2026-06-29 15:00:00,Surgical Ward,Surgical & Post-Op Ward,80,1,79,0.0125,1.2,1,5,-4,GREEN,15,0,0
2026-06-29 15:00:00,Pediatrics,Pediatric Ward,40,34,6,0.85,85.0,1,2,-1,AMBER,15,0,0
2026-06-29 16:00:00,Emergency,Emergency Department (ED),50,48,2,0.96,96.0,6,3,3,RED,16,0,0
2026-06-29 16:00:00,ICU,Intensive Care Unit (ICU),30,31,0,1.0333,103.3,1,0,1,RED,16,0,0
2026-06-29 16:00:00,General Medicine,General Medicine Ward,120,129,0,1.075,107.5,9,3,6,RED,16,0,0
2026-06-29 16:00:00,Surgical Ward,Surgical & Post-Op Ward,80,2,78,0.025,2.5,2,1,1,GREEN,16,0,0
2026-06-29 16:00:00,Pediatrics,Pediatric Ward,40,35,5,0.875,87.5,2,1,1,AMBER,16,0,0
2026-06-29 17:00:00,Emergency,Emergency Department (ED),50,51,0,1.02,102.0,3,0,3,RED,17,0,0
2026-06-29 17:00:00,ICU,Intensive Care Unit (ICU),30,31,0,1.0333,103.3,0,0,0,RED,17,0,0
2026-06-29 17:00:00,General Medicine,General Medicine Ward,120,129,0,1.075,107.5,3,2,1,RED,17,0,0
2026-06-29 17:00:00,Surgical Ward,Surgical & Post-Op Ward,80,3,77,0.0375,3.8,3,2,1,GREEN,17,0,0
2026-06-29 17:00:00,Pediatrics,Pediatric Ward,40,37,3,0.925,92.5,2,0,2,RED,17,0,0
2026-06-29 18:00:00,Emergency,Emergency Department (ED),50,54,0,1.08,108.0,9,2,7,RED,18,0,0
2026-06-29 18:00:00,ICU,Intensive Care Unit (ICU),30,31,0,1.0333,103.3,0,0,0,RED,18,0,0
2026-06-29 18:00:00,General Medicine,General Medicine Ward,120,129,0,1.075,107.5,5,4,1,RED,18,0,0
2026-06-29 18:00:00,Surgical Ward,Surgical & Post-Op Ward,80,2,78,0.025,2.5,2,3,-1,GREEN,18,0,0
2026-06-29 18:00:00,Pediatrics,Pediatric Ward,40,36,4,0.9,90.0,0,1,-1,RED,18,0,0
2026-06-29 19:00:00,Emergency,Emergency Department (ED),50,54,0,1.08,108.0,6,2,4,RED,19,0,0
2026-06-29 19:00:00,ICU,Intensive Care Unit (ICU),30,31,0,1.0333,103.3,0,0,0,RED,19,0,0
2026-06-29 19:00:00,General Medicine,General Medicine Ward,120,129,0,1.075,107.5,6,3,3,RED,19,0,0
2026-06-29 19:00:00,Surgical Ward,Surgical & Post-Op Ward,80,4,76,0.05,5.0,2,0,2,GREEN,19,0,0
2026-06-29 19:00:00,Pediatrics,Pediatric Ward,40,37,3,0.925,92.5,1,0,1,RED,19,0,0
2026-06-29 20:00:00,Emergency,Emergency Department (ED),50,54,0,1.08,108.0,7,1,6,RED,20,0,0
2026-06-29 20:00:00,ICU,Intensive Care Unit (ICU),30,32,0,1.0667,106.7,2,1,1,RED,20,0,0
2026-06-29 20:00:00,General Medicine,General Medicine Ward,120,129,0,1.075,107.5,4,3,1,RED,20,0,0
2026-06-29 20:00:00,Surgical Ward,Surgical & Post-Op Ward,80,9,71,0.1125,11.2,6,1,5,GREEN,20,0,0
2026-06-29 20:00:00,Pediatrics,Pediatric Ward,40,38,2,0.95,95.0,1,0,1,RED,20,0,0
2026-06-29 21:00:00,Emergency,Emergency Department (ED),50,54,0,1.08,108.0,3,2,1,RED,21,0,0
2026-06-29 21:00:00,ICU,Intensive Care Unit (ICU),30,32,0,1.0667,106.7,0,0,0,RED,21,0,0
2026-06-29 21:00:00,General Medicine,General Medicine Ward,120,126,0,1.05,105.0,2,5,-3,RED,21,0,0
2026-06-29 21:00:00,Surgical Ward,Surgical & Post-Op Ward,80,8,72,0.1,10.0,4,5,-1,GREEN,21,0,0
2026-06-29 21:00:00,Pediatrics,Pediatric Ward,40,38,2,0.95,95.0,0,0,0,RED,21,0,0
2026-06-29 22:00:00,Emergency,Emergency Department (ED),50,54,0,1.08,108.0,8,1,7,RED,22,0,0
2026-06-29 22:00:00,ICU,Intensive Care Unit (ICU),30,32,0,1.0667,106.7,1,0,1,RED,22,0,0
2026-06-29 22:00:00,General Medicine,General Medicine Ward,120,129,0,1.075,107.5,6,2,4,RED,22,0,0
2026-06-29 22:00:00,Surgical Ward,Surgical & Post-Op Ward,80,6,74,0.075,7.5,2,4,-2,GREEN,22,0,0
2026-06-29 22:00:00,Pediatrics,Pediatric Ward,40,40,0,1.0,100.0,2,0,2,RED,22,0,0
2026-06-29 23:00:00,Emergency,Emergency Department (ED),50,49,1,0.98,98.0,0,5,-5,RED,23,0,0
2026-06-29 23:00:00,ICU,Intensive Care Unit (ICU),30,32,0,1.0667,106.7,0,0,0,RED,23,0,0
2026-06-29 23:00:00,General Medicine,General Medicine Ward,120,128,0,1.0667,106.7,2,3,-1,RED,23,0,0
2026-06-29 23:00:00,Surgical Ward,Surgical & Post-Op Ward,80,6,74,0.075,7.5,1,1,0,GREEN,23,0,0
2026-06-29 23:00:00,Pediatrics,Pediatric Ward,40,38,2,0.95,95.0,0,2,-2,RED,23,0,0
2026-06-30 00:00:00,Emergency,Emergency Department (ED),50,52,0,1.04,104.0,4,1,3,RED,0,1,0
2026-06-30 00:00:00,ICU,Intensive Care Unit (ICU),30,32,0,1.0667,106.7,1,0,1,RED,0,1,0
2026-06-30 00:00:00,General Medicine,General Medicine Ward,120,129,0,1.075,107.5,3,1,2,RED,0,1,0
2026-06-30 00:00:00,Surgical Ward,Surgical & Post-Op Ward,80,7,73,0.0875,8.8,2,1,1,GREEN,0,1,0
2026-06-30 00:00:00,Pediatrics,Pediatric Ward,40,38,2,0.95,95.0,0,0,0,RED,0,1,0
2026-06-30 01:00:00,Emergency,Emergency Department (ED),50,51,0,1.02,102.0,3,4,-1,RED,1,1,0
2026-06-30 01:00:00,ICU,Intensive Care Unit (ICU),30,32,0,1.0667,106.7,0,0,0,RED,1,1,0
2026-06-30 01:00:00,General Medicine,General Medicine Ward,120,129,0,1.075,107.5,2,0,2,RED,1,1,0
2026-06-30 01:00:00,Surgical Ward,Surgical & Post-Op Ward,80,7,73,0.0875,8.8,0,0,0,GREEN,1,1,0
2026-06-30 01:00:00,Pediatrics,Pediatric Ward,40,37,3,0.925,92.5,1,2,-1,RED,1,1,0
2026-06-30 02:00:00,Emergency,Emergency Department (ED),50,52,0,1.04,104.0,1,0,1,RED,2,1,0
2026-06-30 02:00:00,ICU,Intensive Care Unit (ICU),30,31,0,1.0333,103.3,0,1,-1,RED,2,1,0
2026-06-30 02:00:00,General Medicine,General Medicine Ward,120,128,0,1.0667,106.7,1,2,-1,RED,2,1,0
2026-06-30 02:00:00,Surgical Ward,Surgical & Post-Op Ward,80,7,73,0.0875,8.8,0,0,0,GREEN,2,1,0
2026-06-30 02:00:00,Pediatrics,Pediatric Ward,40,37,3,0.925,92.5,0,0,0,RED,2,1,0
2026-06-30 03:00:00,Emergency,Emergency Department (ED),50,49,1,0.98,98.0,0,3,-3,RED,3,1,0
2026-06-30 03:00:00,ICU,Intensive Care Unit (ICU),30,30,0,1.0,100.0,0,1,-1,RED,3,1,0
2026-06-30 03:00:00,General Medicine,General Medicine Ward,120,129,0,1.075,107.5,2,0,2,RED,3,1,0
2026-06-30 03:00:00,Surgical Ward,Surgical & Post-Op Ward,80,7,73,0.0875,8.8,0,0,0,GREEN,3,1,0
2026-06-30 03:00:00,Pediatrics,Pediatric Ward,40,38,2,0.95,95.0,1,0,1,RED,3,1,0
2026-06-30 04:00:00,Emergency,Emergency Department (ED),50,48,2,0.96,96.0,0,1,-1,RED,4,1,0
2026-06-30 04:00:00,ICU,Intensive Care Unit (ICU),30,30,0,1.0,100.0,0,0,0,RED,4,1,0
2026-06-30 04:00:00,General Medicine,General Medicine Ward,120,129,0,1.075,107.5,1,1,0,RED,4,1,0
2026-06-30 04:00:00,Surgical Ward,Surgical & Post-Op Ward,80,7,73,0.0875,8.8,0,0,0,GREEN,4,1,0
2026-06-30 04:00:00,Pediatrics,Pediatric Ward,40,37,3,0.925,92.5,0,1,-1,RED,4,1,0
2026-06-30 05:00:00,Emergency,Emergency Department (ED),50,49,1,0.98,98.0,1,0,1,RED,5,1,0
2026-06-30 05:00:00,ICU,Intensive Care Unit (ICU),30,30,0,1.0,100.0,0,0,0,RED,5,1,0
2026-06-30 05:00:00,General Medicine,General Medicine Ward,120,129,0,1.075,107.5,1,0,1,RED,5,1,0
2026-06-30 05:00:00,Surgical Ward,Surgical & Post-Op Ward,80,6,74,0.075,7.5,0,1,-1,GREEN,5,1,0
2026-06-30 05:00:00,Pediatrics,Pediatric Ward,40,37,3,0.925,92.5,0,0,0,RED,5,1,0
2026-06-30 06:00:00,Emergency,Emergency Department (ED),50,51,0,1.02,102.0,2,0,2,RED,6,1,0
2026-06-30 06:00:00,ICU,Intensive Care Unit (ICU),30,30,0,1.0,100.0,1,1,0,RED,6,1,0
2026-06-30 06:00:00,General Medicine,General Medicine Ward,120,124,0,1.0333,103.3,2,7,-5,RED,6,1,0
2026-06-30 06:00:00,Surgical Ward,Surgical & Post-Op Ward,80,8,72,0.1,10.0,2,0,2,GREEN,6,1,0
2026-06-30 06:00:00,Pediatrics,Pediatric Ward,40,36,4,0.9,90.0,0,1,-1,RED,6,1,0
2026-06-30 07:00:00,Emergency,Emergency Department (ED),50,51,0,1.02,102.0,3,3,0,RED,7,1,0
2026-06-30 07:00:00,ICU,Intensive Care Unit (ICU),30,30,0,1.0,100.0,0,0,0,RED,7,1,0
2026-06-30 07:00:00,General Medicine,General Medicine Ward,120,120,0,1.0,100.0,1,5,-4,RED,7,1,0
2026-06-30 07:00:00,Surgical Ward,Surgical & Post-Op Ward,80,8,72,0.1,10.0,1,1,0,GREEN,7,1,0
2026-06-30 07:00:00,Pediatrics,Pediatric Ward,40,35,5,0.875,87.5,1,2,-1,AMBER,7,1,0
2026-06-30 08:00:00,Emergency,Emergency Department (ED),50,52,0,1.04,104.0,5,4,1,RED,8,1,0
2026-06-30 08:00:00,ICU,Intensive Care Unit (ICU),30,30,0,1.0,100.0,0,0,0,RED,8,1,0
2026-06-30 08:00:00,General Medicine,General Medicine Ward,120,123,0,1.025,102.5,4,1,3,RED,8,1,0
2026-06-30 08:00:00,Surgical Ward,Surgical & Post-Op Ward,80,10,70,0.125,12.5,4,2,2,GREEN,8,1,0
2026-06-30 08:00:00,Pediatrics,Pediatric Ward,40,37,3,0.925,92.5,2,0,2,RED,8,1,0
2026-06-30 09:00:00,Emergency,Emergency Department (ED),50,52,0,1.04,104.0,3,3,0,RED,9,1,0
2026-06-30 09:00:00,ICU,Intensive Care Unit (ICU),30,31,0,1.0333,103.3,2,1,1,RED,9,1,0
2026-06-30 09:00:00,General Medicine,General Medicine Ward,120,124,0,1.0333,103.3,3,2,1,RED,9,1,0
2026-06-30 09:00:00,Surgical Ward,Surgical & Post-Op Ward,80,12,68,0.15,15.0,6,4,2,GREEN,9,1,0
2026-06-30 09:00:00,Pediatrics,Pediatric Ward,40,36,4,0.9,90.0,0,1,-1,RED,9,1,0
2026-06-30 10:00:00,Emergency,Emergency Department (ED),50,53,0,1.06,106.0,6,5,1,RED,10,1,0
2026-06-30 10:00:00,ICU,Intensive Care Unit (ICU),30,31,0,1.0333,103.3,0,0,0,RED,10,1,0
2026-06-30 10:00:00,General Medicine,General Medicine Ward,120,124,0,1.0333,103.3,5,5,0,RED,10,1,0
2026-06-30 10:00:00,Surgical Ward,Surgical & Post-Op Ward,80,13,67,0.1625,16.2,7,6,1,GREEN,10,1,0
2026-06-30 10:00:00,Pediatrics,Pediatric Ward,40,35,5,0.875,87.5,1,2,-1,AMBER,10,1,0
2026-06-30 11:00:00,Emergency,Emergency Department (ED),50,54,0,1.08,108.0,2,0,2,RED,11,1,0
2026-06-30 11:00:00,ICU,Intensive Care Unit (ICU),30,30,0,1.0,100.0,1,2,-1,RED,11,1,0
2026-06-30 11:00:00,General Medicine,General Medicine Ward,120,124,0,1.0333,103.3,4,4,0,RED,11,1,0
2026-06-30 11:00:00,Surgical Ward,Surgical & Post-Op Ward,80,10,70,0.125,12.5,1,4,-3,GREEN,11,1,0
2026-06-30 11:00:00,Pediatrics,Pediatric Ward,40,35,5,0.875,87.5,2,2,0,AMBER,11,1,0
2026-06-30 12:00:00,Emergency,Emergency Department (ED),50,54,0,1.08,108.0,3,3,0,RED,12,1,0
2026-06-30 12:00:00,ICU,Intensive Care Unit (ICU),30,31,0,1.0333,103.3,2,1,1,RED,12,1,0
2026-06-30 12:00:00,General Medicine,General Medicine Ward,120,119,1,0.9917,99.2,0,5,-5,RED,12,1,0
2026-06-30 12:00:00,Surgical Ward,Surgical & Post-Op Ward,80,9,71,0.1125,11.2,2,3,-1,GREEN,12,1,0
2026-06-30 12:00:00,Pediatrics,Pediatric Ward,40,35,5,0.875,87.5,2,2,0,AMBER,12,1,0
2026-06-30 13:00:00,Emergency,Emergency Department (ED),50,54,0,1.08,108.0,7,3,4,RED,13,1,0
2026-06-30 13:00:00,ICU,Intensive Care Unit (ICU),30,32,0,1.0667,106.7,1,0,1,RED,13,1,0
2026-06-30 13:00:00,General Medicine,General Medicine Ward,120,125,0,1.0417,104.2,8,2,6,RED,13,1,0
2026-06-30 13:00:00,Surgical Ward,Surgical & Post-Op Ward,80,12,68,0.15,15.0,4,1,3,GREEN,13,1,0
2026-06-30 13:00:00,Pediatrics,Pediatric Ward,40,33,7,0.825,82.5,0,2,-2,AMBER,13,1,0
2026-06-30 14:00:00,Emergency,Emergency Department (ED),50,52,0,1.04,104.0,5,7,-2,RED,14,1,0
2026-06-30 14:00:00,ICU,Intensive Care Unit (ICU),30,32,0,1.0667,106.7,0,0,0,RED,14,1,0
2026-06-30 14:00:00,General Medicine,General Medicine Ward,120,129,0,1.075,107.5,6,2,4,RED,14,1,0
2026-06-30 14:00:00,Surgical Ward,Surgical & Post-Op Ward,80,10,70,0.125,12.5,2,4,-2,GREEN,14,1,0
2026-06-30 14:00:00,Pediatrics,Pediatric Ward,40,33,7,0.825,82.5,0,0,0,AMBER,14,1,0
2026-06-30 15:00:00,Emergency,Emergency Department (ED),50,51,0,1.02,102.0,1,2,-1,RED,15,1,0
2026-06-30 15:00:00,ICU,Intensive Care Unit (ICU),30,31,0,1.0333,103.3,0,1,-1,RED,15,1,0
2026-06-30 15:00:00,General Medicine,General Medicine Ward,120,129,0,1.075,107.5,8,4,4,RED,15,1,0
2026-06-30 15:00:00,Surgical Ward,Surgical & Post-Op Ward,80,9,71,0.1125,11.2,2,3,-1,GREEN,15,1,0
2026-06-30 15:00:00,Pediatrics,Pediatric Ward,40,31,9,0.775,77.5,0,2,-2,AMBER,15,1,0
2026-06-30 16:00:00,Emergency,Emergency Department (ED),50,54,0,1.08,108.0,7,2,5,RED,16,1,0
2026-06-30 16:00:00,ICU,Intensive Care Unit (ICU),30,31,0,1.0333,103.3,0,0,0,RED,16,1,0
2026-06-30 16:00:00,General Medicine,General Medicine Ward,120,129,0,1.075,107.5,5,2,3,RED,16,1,0
2026-06-30 16:00:00,Surgical Ward,Surgical & Post-Op Ward,80,15,65,0.1875,18.8,6,0,6,GREEN,16,1,0
2026-06-30 16:00:00,Pediatrics,Pediatric Ward,40,30,10,0.75,75.0,0,1,-1,AMBER,16,1,0
2026-06-30 17:00:00,Emergency,Emergency Department (ED),50,51,0,1.02,102.0,4,7,-3,RED,17,1,0
2026-06-30 17:00:00,ICU,Intensive Care Unit (ICU),30,30,0,1.0,100.0,0,1,-1,RED,17,1,0
2026-06-30 17:00:00,General Medicine,General Medicine Ward,120,129,0,1.075,107.5,3,3,0,RED,17,1,0
2026-06-30 17:00:00,Surgical Ward,Surgical & Post-Op Ward,80,17,63,0.2125,21.2,2,0,2,GREEN,17,1,0
2026-06-30 17:00:00,Pediatrics,Pediatric Ward,40,33,7,0.825,82.5,4,1,3,AMBER,17,1,0
2026-06-30 18:00:00,Emergency,Emergency Department (ED),50,50,0,1.0,100.0,3,4,-1,RED,18,1,0
2026-06-30 18:00:00,ICU,Intensive Care Unit (ICU),30,29,1,0.9667,96.7,0,1,-1,RED,18,1,0
2026-06-30 18:00:00,General Medicine,General Medicine Ward,120,129,0,1.075,107.5,4,2,2,RED,18,1,0
2026-06-30 18:00:00,Surgical Ward,Surgical & Post-Op Ward,80,19,61,0.2375,23.8,3,1,2,GREEN,18,1,0
2026-06-30 18:00:00,Pediatrics,Pediatric Ward,40,31,9,0.775,77.5,0,2,-2,AMBER,18,1,0
2026-06-30 19:00:00,Emergency,Emergency Department (ED),50,52,0,1.04,104.0,3,1,2,RED,19,1,0
2026-06-30 19:00:00,ICU,Intensive Care Unit (ICU),30,29,1,0.9667,96.7,0,0,0,RED,19,1,0
2026-06-30 19:00:00,General Medicine,General Medicine Ward,120,128,0,1.0667,106.7,0,1,-1,RED,19,1,0
2026-06-30 19:00:00,Surgical Ward,Surgical & Post-Op Ward,80,22,58,0.275,27.5,3,0,3,GREEN,19,1,0
2026-06-30 19:00:00,Pediatrics,Pediatric Ward,40,32,8,0.8,80.0,2,1,1,AMBER,19,1,0
2026-06-30 20:00:00,Emergency,Emergency Department (ED),50,54,0,1.08,108.0,7,2,5,RED,20,1,0
2026-06-30 20:00:00,ICU,Intensive Care Unit (ICU),30,29,1,0.9667,96.7,0,0,0,RED,20,1,0
2026-06-30 20:00:00,General Medicine,General Medicine Ward,120,129,0,1.075,107.5,8,4,4,RED,20,1,0
2026-06-30 20:00:00,Surgical Ward,Surgical & Post-Op Ward,80,23,57,0.2875,28.7,3,2,1,GREEN,20,1,0
2026-06-30 20:00:00,Pediatrics,Pediatric Ward,40,33,7,0.825,82.5,3,2,1,AMBER,20,1,0
2026-06-30 21:00:00,Emergency,Emergency Department (ED),50,52,0,1.04,104.0,1,3,-2,RED,21,1,0
2026-06-30 21:00:00,ICU,Intensive Care Unit (ICU),30,31,0,1.0333,103.3,2,0,2,RED,21,1,0
2026-06-30 21:00:00,General Medicine,General Medicine Ward,120,129,0,1.075,107.5,4,2,2,RED,21,1,0
2026-06-30 21:00:00,Surgical Ward,Surgical & Post-Op Ward,80,25,55,0.3125,31.2,3,1,2,GREEN,21,1,0
2026-06-30 21:00:00,Pediatrics,Pediatric Ward,40,36,4,0.9,90.0,3,0,3,RED,21,1,0
2026-06-30 22:00:00,Emergency,Emergency Department (ED),50,53,0,1.06,106.0,4,3,1,RED,22,1,0
2026-06-30 22:00:00,ICU,Intensive Care Unit (ICU),30,31,0,1.0333,103.3,0,0,0,RED,22,1,0
2026-06-30 22:00:00,General Medicine,General Medicine Ward,120,129,0,1.075,107.5,4,2,2,RED,22,1,0
2026-06-30 22:00:00,Surgical Ward,Surgical & Post-Op Ward,80,28,52,0.35,35.0,3,0,3,GREEN,22,1,0
2026-06-30 22:00:00,Pediatrics,Pediatric Ward,40,39,1,0.975,97.5,3,0,3,RED,22,1,0
2026-06-30 23:00:00,Emergency,Emergency Department (ED),50,50,0,1.0,100.0,2,5,-3,RED,23,1,0
2026-06-30 23:00:00,ICU,Intensive Care Unit (ICU),30,29,1,0.9667,96.7,0,2,-2,RED,23,1,0
2026-06-30 23:00:00,General Medicine,General Medicine Ward,120,129,0,1.075,107.5,3,2,1,RED,23,1,0
2026-06-30 23:00:00,Surgical Ward,Surgical & Post-Op Ward,80,27,53,0.3375,33.8,2,3,-1,GREEN,23,1,0
2026-06-30 23:00:00,Pediatrics,Pediatric Ward,40,39,1,0.975,97.5,1,1,0,RED,23,1,0
2026-07-01 00:00:00,Emergency,Emergency Department (ED),50,50,0,1.0,100.0,5,5,0,RED,0,2,0
2026-07-01 00:00:00,ICU,Intensive Care Unit (ICU),30,30,0,1.0,100.0,1,0,1,RED,0,2,0
2026-07-01 00:00:00,General Medicine,General Medicine Ward,120,128,0,1.0667,106.7,1,2,-1,RED,0,2,0
2026-07-01 00:00:00,Surgical Ward,Surgical & Post-Op Ward,80,27,53,0.3375,33.8,0,0,0,GREEN,0,2,0
2026-07-01 00:00:00,Pediatrics,Pediatric Ward,40,41,0,1.025,102.5,2,0,2,RED,0,2,0
2026-07-01 01:00:00,Emergency,Emergency Department (ED),50,48,2,0.96,96.0,2,4,-2,RED,1,2,0
2026-07-01 01:00:00,ICU,Intensive Care Unit (ICU),30,30,0,1.0,100.0,0,0,0,RED,1,2,0
2026-07-01 01:00:00,General Medicine,General Medicine Ward,120,129,0,1.075,107.5,2,1,1,RED,1,2,0
2026-07-01 01:00:00,Surgical Ward,Surgical & Post-Op Ward,80,29,51,0.3625,36.2,2,0,2,GREEN,1,2,0
2026-07-01 01:00:00,Pediatrics,Pediatric Ward,40,40,0,1.0,100.0,0,1,-1,RED,1,2,0
2026-07-01 02:00:00,Emergency,Emergency Department (ED),50,48,2,0.96,96.0,0,0,0,RED,2,2,0
2026-07-01 02:00:00,ICU,Intensive Care Unit (ICU),30,29,1,0.9667,96.7,0,1,-1,RED,2,2,0
2026-07-01 02:00:00,General Medicine,General Medicine Ward,120,129,0,1.075,107.5,1,0,1,RED,2,2,0
2026-07-01 02:00:00,Surgical Ward,Surgical & Post-Op Ward,80,31,49,0.3875,38.8,2,0,2,GREEN,2,2,0
2026-07-01 02:00:00,Pediatrics,Pediatric Ward,40,40,0,1.0,100.0,0,0,0,RED,2,2,0
2026-07-01 03:00:00,Emergency,Emergency Department (ED),50,50,0,1.0,100.0,3,1,2,RED,3,2,0
2026-07-01 03:00:00,ICU,Intensive Care Unit (ICU),30,29,1,0.9667,96.7,0,0,0,RED,3,2,0
2026-07-01 03:00:00,General Medicine,General Medicine Ward,120,129,0,1.075,107.5,1,1,0,RED,3,2,0
2026-07-01 03:00:00,Surgical Ward,Surgical & Post-Op Ward,80,31,49,0.3875,38.8,0,0,0,GREEN,3,2,0
2026-07-01 03:00:00,Pediatrics,Pediatric Ward,40,42,0,1.05,105.0,2,0,2,RED,3,2,0
2026-07-01 04:00:00,Emergency,Emergency Department (ED),50,50,0,1.0,100.0,1,1,0,RED,4,2,0
2026-07-01 04:00:00,ICU,Intensive Care Unit (ICU),30,30,0,1.0,100.0,1,0,1,RED,4,2,0
2026-07-01 04:00:00,General Medicine,General Medicine Ward,120,129,0,1.075,107.5,2,0,2,RED,4,2,0
2026-07-01 04:00:00,Surgical Ward,Surgical & Post-Op Ward,80,31,49,0.3875,38.8,0,0,0,GREEN,4,2,0
2026-07-01 04:00:00,Pediatrics,Pediatric Ward,40,43,0,1.075,107.5,1,0,1,RED,4,2,0
2026-07-01 05:00:00,Emergency,Emergency Department (ED),50,51,0,1.02,102.0,1,0,1,RED,5,2,0
2026-07-01 05:00:00,ICU,Intensive Care Unit (ICU),30,30,0,1.0,100.0,0,0,0,RED,5,2,0
2026-07-01 05:00:00,General Medicine,General Medicine Ward,120,129,0,1.075,107.5,0,0,0,RED,5,2,0
2026-07-01 05:00:00,Surgical Ward,Surgical & Post-Op Ward,80,31,49,0.3875,38.8,2,2,0,GREEN,5,2,0
2026-07-01 05:00:00,Pediatrics,Pediatric Ward,40,43,0,1.075,107.5,0,0,0,RED,5,2,0
2026-07-01 06:00:00,Emergency,Emergency Department (ED),50,50,0,1.0,100.0,0,1,-1,RED,6,2,0
2026-07-01 06:00:00,ICU,Intensive Care Unit (ICU),30,30,0,1.0,100.0,1,1,0,RED,6,2,0
2026-07-01 06:00:00,General Medicine,General Medicine Ward,120,129,0,1.075,107.5,4,0,4,RED,6,2,0
2026-07-01 06:00:00,Surgical Ward,Surgical & Post-Op Ward,80,32,48,0.4,40.0,1,0,1,GREEN,6,2,0
2026-07-01 06:00:00,Pediatrics,Pediatric Ward,40,43,0,1.075,107.5,1,1,0,RED,6,2,0
2026-07-01 07:00:00,Emergency,Emergency Department (ED),50,54,0,1.08,108.0,7,1,6,RED,7,2,0
2026-07-01 07:00:00,ICU,Intensive Care Unit (ICU),30,30,0,1.0,100.0,0,0,0,RED,7,2,0
2026-07-01 07:00:00,General Medicine,General Medicine Ward,120,129,0,1.075,107.5,10,4,6,RED,7,2,0
2026-07-01 07:00:00,Surgical Ward,Surgical & Post-Op Ward,80,36,44,0.45,45.0,5,1,4,GREEN,7,2,0
2026-07-01 07:00:00,Pediatrics,Pediatric Ward,40,43,0,1.075,107.5,1,0,1,RED,7,2,0
2026-07-01 08:00:00,Emergency,Emergency Department (ED),50,53,0,1.06,106.0,0,1,-1,RED,8,2,0
2026-07-01 08:00:00,ICU,Intensive Care Unit (ICU),30,30,0,1.0,100.0,0,0,0,RED,8,2,0
2026-07-01 08:00:00,General Medicine,General Medicine Ward,120,129,0,1.075,107.5,6,4,2,RED,8,2,0
2026-07-01 08:00:00,Surgical Ward,Surgical & Post-Op Ward,80,39,41,0.4875,48.8,3,0,3,GREEN,8,2,0
2026-07-01 08:00:00,Pediatrics,Pediatric Ward,40,40,0,1.0,100.0,0,3,-3,RED,8,2,0
2026-07-01 09:00:00,Emergency,Emergency Department (ED),50,54,0,1.08,108.0,4,2,2,RED,9,2,0
2026-07-01 09:00:00,ICU,Intensive Care Unit (ICU),30,31,0,1.0333,103.3,2,1,1,RED,9,2,0
2026-07-01 09:00:00,General Medicine,General Medicine Ward,120,129,0,1.075,107.5,5,1,4,RED,9,2,0
2026-07-01 09:00:00,Surgical Ward,Surgical & Post-Op Ward,80,45,35,0.5625,56.2,7,1,6,GREEN,9,2,0
2026-07-01 09:00:00,Pediatrics,Pediatric Ward,40,41,0,1.025,102.5,1,0,1,RED,9,2,0
2026-07-01 10:00:00,Emergency,Emergency Department (ED),50,54,0,1.08,108.0,6,5,1,RED,10,2,0
2026-07-01 10:00:00,ICU,Intensive Care Unit (ICU),30,31,0,1.0333,103.3,0,0,0,RED,10,2,0
2026-07-01 10:00:00,General Medicine,General Medicine Ward,120,127,0,1.0583,105.8,3,5,-2,RED,10,2,0
2026-07-01 10:00:00,Surgical Ward,Surgical & Post-Op Ward,80,40,40,0.5,50.0,0,5,-5,GREEN,10,2,0
2026-07-01 10:00:00,Pediatrics,Pediatric Ward,40,43,0,1.075,107.5,4,1,3,RED,10,2,0
2026-07-01 11:00:00,Emergency,Emergency Department (ED),50,52,0,1.04,104.0,4,6,-2,RED,11,2,0
2026-07-01 11:00:00,ICU,Intensive Care Unit (ICU),30,32,0,1.0667,106.7,2,1,1,RED,11,2,0
2026-07-01 11:00:00,General Medicine,General Medicine Ward,120,126,0,1.05,105.0,3,4,-1,RED,11,2,0
2026-07-01 11:00:00,Surgical Ward,Surgical & Post-Op Ward,80,44,36,0.55,55.0,4,0,4,GREEN,11,2,0
2026-07-01 11:00:00,Pediatrics,Pediatric Ward,40,43,0,1.075,107.5,3,0,3,RED,11,2,0
2026-07-01 12:00:00,Emergency,Emergency Department (ED),50,52,0,1.04,104.0,4,4,0,RED,12,2,0
2026-07-01 12:00:00,ICU,Intensive Care Unit (ICU),30,32,0,1.0667,106.7,0,0,0,RED,12,2,0
2026-07-01 12:00:00,General Medicine,General Medicine Ward,120,126,0,1.05,105.0,5,5,0,RED,12,2,0
2026-07-01 12:00:00,Surgical Ward,Surgical & Post-Op Ward,80,44,36,0.55,55.0,3,3,0,GREEN,12,2,0
2026-07-01 12:00:00,Pediatrics,Pediatric Ward,40,40,0,1.0,100.0,0,3,-3,RED,12,2,0
2026-07-01 13:00:00,Emergency,Emergency Department (ED),50,50,0,1.0,100.0,3,5,-2,RED,13,2,0
2026-07-01 13:00:00,ICU,Intensive Care Unit (ICU),30,32,0,1.0667,106.7,0,0,0,RED,13,2,0
2026-07-01 13:00:00,General Medicine,General Medicine Ward,120,127,0,1.0583,105.8,7,6,1,RED,13,2,0
2026-07-01 13:00:00,Surgical Ward,Surgical & Post-Op Ward,80,41,39,0.5125,51.2,2,5,-3,GREEN,13,2,0
2026-07-01 13:00:00,Pediatrics,Pediatric Ward,40,39,1,0.975,97.5,0,1,-1,RED,13,2,0
2026-07-01 14:00:00,Emergency,Emergency Department (ED),50,44,6,0.88,88.0,1,7,-6,AMBER,14,2,0
2026-07-01 14:00:00,ICU,Intensive Care Unit (ICU),30,31,0,1.0333,103.3,1,2,-1,RED,14,2,0
2026-07-01 14:00:00,General Medicine,General Medicine Ward,120,129,0,1.075,107.5,10,4,6,RED,14,2,0
2026-07-01 14:00:00,Surgical Ward,Surgical & Post-Op Ward,80,38,42,0.475,47.5,3,6,-3,GREEN,14,2,0
2026-07-01 14:00:00,Pediatrics,Pediatric Ward,40,38,2,0.95,95.0,0,1,-1,RED,14,2,0
2026-07-01 15:00:00,Emergency,Emergency Department (ED),50,48,2,0.96,96.0,4,0,4,RED,15,2,0
2026-07-01 15:00:00,ICU,Intensive Care Unit (ICU),30,32,0,1.0667,106.7,2,1,1,RED,15,2,0
2026-07-01 15:00:00,General Medicine,General Medicine Ward,120,129,0,1.075,107.5,5,0,5,RED,15,2,0
2026-07-01 15:00:00,Surgical Ward,Surgical & Post-Op Ward,80,36,44,0.45,45.0,2,4,-2,GREEN,15,2,0
2026-07-01 15:00:00,Pediatrics,Pediatric Ward,40,37,3,0.925,92.5,3,4,-1,RED,15,2,0
2026-07-01 16:00:00,Emergency,Emergency Department (ED),50,48,2,0.96,96.0,5,5,0,RED,16,2,0
2026-07-01 16:00:00,ICU,Intensive Care Unit (ICU),30,32,0,1.0667,106.7,1,1,0,RED,16,2,0
2026-07-01 16:00:00,General Medicine,General Medicine Ward,120,129,0,1.075,107.5,6,2,4,RED,16,2,0
2026-07-01 16:00:00,Surgical Ward,Surgical & Post-Op Ward,80,40,40,0.5,50.0,5,1,4,GREEN,16,2,0
2026-07-01 16:00:00,Pediatrics,Pediatric Ward,40,38,2,0.95,95.0,1,0,1,RED,16,2,0
2026-07-01 17:00:00,Emergency,Emergency Department (ED),50,51,0,1.02,102.0,7,4,3,RED,17,2,0
2026-07-01 17:00:00,ICU,Intensive Care Unit (ICU),30,32,0,1.0667,106.7,1,0,1,RED,17,2,0
2026-07-01 17:00:00,General Medicine,General Medicine Ward,120,126,0,1.05,105.0,2,5,-3,RED,17,2,0
2026-07-01 17:00:00,Surgical Ward,Surgical & Post-Op Ward,80,42,38,0.525,52.5,4,2,2,GREEN,17,2,0
2026-07-01 17:00:00,Pediatrics,Pediatric Ward,40,38,2,0.95,95.0,0,0,0,RED,17,2,0
2026-07-01 18:00:00,Emergency,Emergency Department (ED),50,54,0,1.08,108.0,6,1,5,RED,18,2,0
2026-07-01 18:00:00,ICU,Intensive Care Unit (ICU),30,32,0,1.0667,106.7,1,0,1,RED,18,2,0
2026-07-01 18:00:00,General Medicine,General Medicine Ward,120,126,0,1.05,105.0,5,5,0,RED,18,2,0
2026-07-01 18:00:00,Surgical Ward,Surgical & Post-Op Ward,80,44,36,0.55,55.0,4,2,2,GREEN,18,2,0
2026-07-01 18:00:00,Pediatrics,Pediatric Ward,40,38,2,0.95,95.0,0,0,0,RED,18,2,0
2026-07-01 19:00:00,Emergency,Emergency Department (ED),50,54,0,1.08,108.0,8,3,5,RED,19,2,0
2026-07-01 19:00:00,ICU,Intensive Care Unit (ICU),30,32,0,1.0667,106.7,2,0,2,RED,19,2,0
2026-07-01 19:00:00,General Medicine,General Medicine Ward,120,129,0,1.075,107.5,7,1,6,RED,19,2,0
2026-07-01 19:00:00,Surgical Ward,Surgical & Post-Op Ward,80,44,36,0.55,55.0,0,0,0,GREEN,19,2,0
2026-07-01 19:00:00,Pediatrics,Pediatric Ward,40,36,4,0.9,90.0,0,2,-2,RED,19,2,0
2026-07-01 20:00:00,Emergency,Emergency Department (ED),50,54,0,1.08,108.0,3,3,0,RED,20,2,0
2026-07-01 20:00:00,ICU,Intensive Care Unit (ICU),30,32,0,1.0667,106.7,1,0,1,RED,20,2,0
2026-07-01 20:00:00,General Medicine,General Medicine Ward,120,129,0,1.075,107.5,5,3,2,RED,20,2,0
2026-07-01 20:00:00,Surgical Ward,Surgical & Post-Op Ward,80,41,39,0.5125,51.2,0,3,-3,GREEN,20,2,0
2026-07-01 20:00:00,Pediatrics,Pediatric Ward,40,36,4,0.9,90.0,0,0,0,RED,20,2,0
2026-07-01 21:00:00,Emergency,Emergency Department (ED),50,54,0,1.08,108.0,7,2,5,RED,21,2,0
2026-07-01 21:00:00,ICU,Intensive Care Unit (ICU),30,32,0,1.0667,106.7,0,0,0,RED,21,2,0
2026-07-01 21:00:00,General Medicine,General Medicine Ward,120,129,0,1.075,107.5,3,3,0,RED,21,2,0
2026-07-01 21:00:00,Surgical Ward,Surgical & Post-Op Ward,80,37,43,0.4625,46.2,0,4,-4,GREEN,21,2,0
2026-07-01 21:00:00,Pediatrics,Pediatric Ward,40,38,2,0.95,95.0,2,0,2,RED,21,2,0
2026-07-01 22:00:00,Emergency,Emergency Department (ED),50,54,0,1.08,108.0,9,3,6,RED,22,2,0
2026-07-01 22:00:00,ICU,Intensive Care Unit (ICU),30,32,0,1.0667,106.7,1,0,1,RED,22,2,0
2026-07-01 22:00:00,General Medicine,General Medicine Ward,120,128,0,1.0667,106.7,4,5,-1,RED,22,2,0
2026-07-01 22:00:00,Surgical Ward,Surgical & Post-Op Ward,80,36,44,0.45,45.0,2,3,-1,GREEN,22,2,0
2026-07-01 22:00:00,Pediatrics,Pediatric Ward,40,38,2,0.95,95.0,0,0,0,RED,22,2,0
2026-07-01 23:00:00,Emergency,Emergency Department (ED),50,54,0,1.08,108.0,1,0,1,RED,23,2,0
2026-07-01 23:00:00,ICU,Intensive Care Unit (ICU),30,32,0,1.0667,106.7,1,0,1,RED,23,2,0
2026-07-01 23:00:00,General Medicine,General Medicine Ward,120,129,0,1.075,107.5,6,5,1,RED,23,2,0
2026-07-01 23:00:00,Surgical Ward,Surgical & Post-Op Ward,80,35,45,0.4375,43.8,2,3,-1,GREEN,23,2,0
2026-07-01 23:00:00,Pediatrics,Pediatric Ward,40,38,2,0.95,95.0,2,2,0,RED,23,2,0
2026-07-02 00:00:00,Emergency,Emergency Department (ED),50,52,0,1.04,104.0,1,3,-2,RED,0,3,0
2026-07-02 00:00:00,ICU,Intensive Care Unit (ICU),30,32,0,1.0667,106.7,1,0,1,RED,0,3,0
2026-07-02 00:00:00,General Medicine,General Medicine Ward,120,129,0,1.075,107.5,5,2,3,RED,0,3,0
2026-07-02 00:00:00,Surgical Ward,Surgical & Post-Op Ward,80,37,43,0.4625,46.2,3,1,2,GREEN,0,3,0
2026-07-02 00:00:00,Pediatrics,Pediatric Ward,40,37,3,0.925,92.5,1,2,-1,RED,0,3,0
2026-07-02 01:00:00,Emergency,Emergency Department (ED),50,52,0,1.04,104.0,3,3,0,RED,1,3,0
2026-07-02 01:00:00,ICU,Intensive Care Unit (ICU),30,32,0,1.0667,106.7,1,1,0,RED,1,3,0
2026-07-02 01:00:00,General Medicine,General Medicine Ward,120,128,0,1.0667,106.7,1,2,-1,RED,1,3,0
2026-07-02 01:00:00,Surgical Ward,Surgical & Post-Op Ward,80,38,42,0.475,47.5,2,1,1,GREEN,1,3,0
2026-07-02 01:00:00,Pediatrics,Pediatric Ward,40,37,3,0.925,92.5,2,2,0,RED,1,3,0
2026-07-02 02:00:00,Emergency,Emergency Department (ED),50,53,0,1.06,106.0,1,0,1,RED,2,3,0
2026-07-02 02:00:00,ICU,Intensive Care Unit (ICU),30,32,0,1.0667,106.7,2,0,2,RED,2,3,0
2026-07-02 02:00:00,General Medicine,General Medicine Ward,120,129,0,1.075,107.5,2,0,2,RED,2,3,0
2026-07-02 02:00:00,Surgical Ward,Surgical & Post-Op Ward,80,40,40,0.5,50.0,2,0,2,GREEN,2,3,0
2026-07-02 02:00:00,Pediatrics,Pediatric Ward,40,38,2,0.95,95.0,1,0,1,RED,2,3,0
2026-07-02 03:00:00,Emergency,Emergency Department (ED),50,53,0,1.06,106.0,1,1,0,RED,3,3,0
2026-07-02 03:00:00,ICU,Intensive Care Unit (ICU),30,32,0,1.0667,106.7,0,0,0,RED,3,3,0
2026-07-02 03:00:00,General Medicine,General Medicine Ward,120,128,0,1.0667,106.7,0,1,-1,RED,3,3,0
2026-07-02 03:00:00,Surgical Ward,Surgical & Post-Op Ward,80,40,40,0.5,50.0,0,0,0,GREEN,3,3,0
2026-07-02 03:00:00,Pediatrics,Pediatric Ward,40,39,1,0.975,97.5,1,0,1,RED,3,3,0
2026-07-02 04:00:00,Emergency,Emergency Department (ED),50,53,0,1.06,106.0,0,0,0,RED,4,3,0
2026-07-02 04:00:00,ICU,Intensive Care Unit (ICU),30,32,0,1.0667,106.7,0,0,0,RED,4,3,0
2026-07-02 04:00:00,General Medicine,General Medicine Ward,120,129,0,1.075,107.5,2,0,2,RED,4,3,0
2026-07-02 04:00:00,Surgical Ward,Surgical & Post-Op Ward,80,40,40,0.5,50.0,0,0,0,GREEN,4,3,0
2026-07-02 04:00:00,Pediatrics,Pediatric Ward,40,40,0,1.0,100.0,1,0,1,RED,4,3,0
2026-07-02 05:00:00,Emergency,Emergency Department (ED),50,54,0,1.08,108.0,1,0,1,RED,5,3,0
2026-07-02 05:00:00,ICU,Intensive Care Unit (ICU),30,32,0,1.0667,106.7,0,0,0,RED,5,3,0
2026-07-02 05:00:00,General Medicine,General Medicine Ward,120,128,0,1.0667,106.7,0,1,-1,RED,5,3,0
2026-07-02 05:00:00,Surgical Ward,Surgical & Post-Op Ward,80,41,39,0.5125,51.2,2,1,1,GREEN,5,3,0
2026-07-02 05:00:00,Pediatrics,Pediatric Ward,40,42,0,1.05,105.0,2,0,2,RED,5,3,0
2026-07-02 06:00:00,Emergency,Emergency Department (ED),50,54,0,1.08,108.0,1,0,1,RED,6,3,0
2026-07-02 06:00:00,ICU,Intensive Care Unit (ICU),30,32,0,1.0667,106.7,0,0,0,RED,6,3,0
2026-07-02 06:00:00,General Medicine,General Medicine Ward,120,125,0,1.0417,104.2,0,3,-3,RED,6,3,0
2026-07-02 06:00:00,Surgical Ward,Surgical & Post-Op Ward,80,39,41,0.4875,48.8,0,2,-2,GREEN,6,3,0
2026-07-02 06:00:00,Pediatrics,Pediatric Ward,40,42,0,1.05,105.0,1,1,0,RED,6,3,0
2026-07-02 07:00:00,Emergency,Emergency Department (ED),50,54,0,1.08,108.0,4,2,2,RED,7,3,0
2026-07-02 07:00:00,ICU,Intensive Care Unit (ICU),30,32,0,1.0667,106.7,0,0,0,RED,7,3,0
2026-07-02 07:00:00,General Medicine,General Medicine Ward,120,127,0,1.0583,105.8,5,3,2,RED,7,3,0
2026-07-02 07:00:00,Surgical Ward,Surgical & Post-Op Ward,80,42,38,0.525,52.5,6,3,3,GREEN,7,3,0
2026-07-02 07:00:00,Pediatrics,Pediatric Ward,40,41,0,1.025,102.5,1,2,-1,RED,7,3,0
2026-07-02 08:00:00,Emergency,Emergency Department (ED),50,54,0,1.08,108.0,1,1,0,RED,8,3,0
2026-07-02 08:00:00,ICU,Intensive Care Unit (ICU),30,31,0,1.0333,103.3,0,1,-1,RED,8,3,0
2026-07-02 08:00:00,General Medicine,General Medicine Ward,120,129,0,1.075,107.5,5,1,4,RED,8,3,0
2026-07-02 08:00:00,Surgical Ward,Surgical & Post-Op Ward,80,47,33,0.5875,58.8,7,2,5,GREEN,8,3,0
2026-07-02 08:00:00,Pediatrics,Pediatric Ward,40,40,0,1.0,100.0,0,1,-1,RED,8,3,0
2026-07-02 09:00:00,Emergency,Emergency Department (ED),50,51,0,1.02,102.0,3,6,-3,RED,9,3,0
2026-07-02 09:00:00,ICU,Intensive Care Unit (ICU),30,30,0,1.0,100.0,0,1,-1,RED,9,3,0
2026-07-02 09:00:00,General Medicine,General Medicine Ward,120,127,0,1.0583,105.8,4,6,-2,RED,9,3,0
2026-07-02 09:00:00,Surgical Ward,Surgical & Post-Op Ward,80,45,35,0.5625,56.2,3,5,-2,GREEN,9,3,0
2026-07-02 09:00:00,Pediatrics,Pediatric Ward,40,41,0,1.025,102.5,1,0,1,RED,9,3,0
2026-07-02 10:00:00,Emergency,Emergency Department (ED),50,47,3,0.94,94.0,3,7,-4,RED,10,3,0
2026-07-02 10:00:00,ICU,Intensive Care Unit (ICU),30,31,0,1.0333,103.3,1,0,1,RED,10,3,0
2026-07-02 10:00:00,General Medicine,General Medicine Ward,120,123,0,1.025,102.5,2,6,-4,RED,10,3,0
2026-07-02 10:00:00,Surgical Ward,Surgical & Post-Op Ward,80,50,30,0.625,62.5,7,2,5,GREEN,10,3,0
2026-07-02 10:00:00,Pediatrics,Pediatric Ward,40,41,0,1.025,102.5,1,1,0,RED,10,3,0
2026-07-02 11:00:00,Emergency,Emergency Department (ED),50,43,7,0.86,86.0,1,5,-4,AMBER,11,3,0
2026-07-02 11:00:00,ICU,Intensive Care Unit (ICU),30,32,0,1.0667,106.7,1,0,1,RED,11,3,0
2026-07-02 11:00:00,General Medicine,General Medicine Ward,120,120,0,1.0,100.0,0,3,-3,RED,11,3,0
2026-07-02 11:00:00,Surgical Ward,Surgical & Post-Op Ward,80,47,33,0.5875,58.8,2,5,-3,GREEN,11,3,0
2026-07-02 11:00:00,Pediatrics,Pediatric Ward,40,42,0,1.05,105.0,3,2,1,RED,11,3,0
2026-07-02 12:00:00,Emergency,Emergency Department (ED),50,41,9,0.82,82.0,3,5,-2,AMBER,12,3,0
2026-07-02 12:00:00,ICU,Intensive Care Unit (ICU),30,32,0,1.0667,106.7,2,1,1,RED,12,3,0
2026-07-02 12:00:00,General Medicine,General Medicine Ward,120,123,0,1.025,102.5,7,4,3,RED,12,3,0
2026-07-02 12:00:00,Surgical Ward,Surgical & Post-Op Ward,80,47,33,0.5875,58.8,0,0,0,GREEN,12,3,0
2026-07-02 12:00:00,Pediatrics,Pediatric Ward,40,43,0,1.075,107.5,3,0,3,RED,12,3,0
2026-07-02 13:00:00,Emergency,Emergency Department (ED),50,41,9,0.82,82.0,4,4,0,AMBER,13,3,0
2026-07-02 13:00:00,ICU,Intensive Care Unit (ICU),30,30,0,1.0,100.0,0,2,-2,RED,13,3,0
2026-07-02 13:00:00,General Medicine,General Medicine Ward,120,129,0,1.075,107.5,10,4,6,RED,13,3,0
2026-07-02 13:00:00,Surgical Ward,Surgical & Post-Op Ward,80,47,33,0.5875,58.8,3,3,0,GREEN,13,3,0
2026-07-02 13:00:00,Pediatrics,Pediatric Ward,40,41,0,1.025,102.5,0,2,-2,RED,13,3,0
2026-07-02 14:00:00,Emergency,Emergency Department (ED),50,41,9,0.82,82.0,4,4,0,AMBER,14,3,0
2026-07-02 14:00:00,ICU,Intensive Care Unit (ICU),30,32,0,1.0667,106.7,3,0,3,RED,14,3,0
2026-07-02 14:00:00,General Medicine,General Medicine Ward,120,129,0,1.075,107.5,8,4,4,RED,14,3,0
2026-07-02 14:00:00,Surgical Ward,Surgical & Post-Op Ward,80,44,36,0.55,55.0,2,5,-3,GREEN,14,3,0
2026-07-02 14:00:00,Pediatrics,Pediatric Ward,40,41,0,1.025,102.5,1,1,0,RED,14,3,0
2026-07-02 15:00:00,Emergency,Emergency Department (ED),50,50,0,1.0,100.0,9,0,9,RED,15,3,0
2026-07-02 15:00:00,ICU,Intensive Care Unit (ICU),30,32,0,1.0667,106.7,0,0,0,RED,15,3,0
2026-07-02 15:00:00,General Medicine,General Medicine Ward,120,129,0,1.075,107.5,7,3,4,RED,15,3,0
2026-07-02 15:00:00,Surgical Ward,Surgical & Post-Op Ward,80,45,35,0.5625,56.2,2,1,1,GREEN,15,3,0
2026-07-02 15:00:00,Pediatrics,Pediatric Ward,40,39,1,0.975,97.5,0,2,-2,RED,15,3,0
2026-07-02 16:00:00,Emergency,Emergency Department (ED),50,48,2,0.96,96.0,1,3,-2,RED,16,3,0
2026-07-02 16:00:00,ICU,Intensive Care Unit (ICU),30,31,0,1.0333,103.3,0,1,-1,RED,16,3,0
2026-07-02 16:00:00,General Medicine,General Medicine Ward,120,129,0,1.075,107.5,7,4,3,RED,16,3,0
2026-07-02 16:00:00,Surgical Ward,Surgical & Post-Op Ward,80,48,32,0.6,60.0,3,0,3,GREEN,16,3,0
2026-07-02 16:00:00,Pediatrics,Pediatric Ward,40,41,0,1.025,102.5,2,0,2,RED,16,3,0
2026-07-02 17:00:00,Emergency,Emergency Department (ED),50,54,0,1.08,108.0,7,1,6,RED,17,3,0
2026-07-02 17:00:00,ICU,Intensive Care Unit (ICU),30,30,0,1.0,100.0,0,1,-1,RED,17,3,0
2026-07-02 17:00:00,General Medicine,General Medicine Ward,120,129,0,1.075,107.5,4,4,0,RED,17,3,0
2026-07-02 17:00:00,Surgical Ward,Surgical & Post-Op Ward,80,46,34,0.575,57.5,0,2,-2,GREEN,17,3,0
2026-07-02 17:00:00,Pediatrics,Pediatric Ward,40,43,0,1.075,107.5,2,0,2,RED,17,3,0
2026-07-02 18:00:00,Emergency,Emergency Department (ED),50,54,0,1.08,108.0,4,4,0,RED,18,3,0
2026-07-02 18:00:00,ICU,Intensive Care Unit (ICU),30,30,0,1.0,100.0,0,0,0,RED,18,3,0
2026-07-02 18:00:00,General Medicine,General Medicine Ward,120,128,0,1.0667,106.7,0,1,-1,RED,18,3,0
2026-07-02 18:00:00,Surgical Ward,Surgical & Post-Op Ward,80,45,35,0.5625,56.2,1,2,-1,GREEN,18,3,0
2026-07-02 18:00:00,Pediatrics,Pediatric Ward,40,43,0,1.075,107.5,1,1,0,RED,18,3,0
2026-07-02 19:00:00,Emergency,Emergency Department (ED),50,54,0,1.08,108.0,7,5,2,RED,19,3,0
2026-07-02 19:00:00,ICU,Intensive Care Unit (ICU),30,30,0,1.0,100.0,0,0,0,RED,19,3,0
2026-07-02 19:00:00,General Medicine,General Medicine Ward,120,128,0,1.0667,106.7,5,5,0,RED,19,3,0
2026-07-02 19:00:00,Surgical Ward,Surgical & Post-Op Ward,80,44,36,0.55,55.0,0,1,-1,GREEN,19,3,0
2026-07-02 19:00:00,Pediatrics,Pediatric Ward,40,43,0,1.075,107.5,2,1,1,RED,19,3,0
2026-07-02 20:00:00,Emergency,Emergency Department (ED),50,54,0,1.08,108.0,6,3,3,RED,20,3,0
2026-07-02 20:00:00,ICU,Intensive Care Unit (ICU),30,29,1,0.9667,96.7,0,1,-1,RED,20,3,0
2026-07-02 20:00:00,General Medicine,General Medicine Ward,120,124,0,1.0333,103.3,3,7,-4,RED,20,3,0
2026-07-02 20:00:00,Surgical Ward,Surgical & Post-Op Ward,80,47,33,0.5875,58.8,5,2,3,GREEN,20,3,0
2026-07-02 20:00:00,Pediatrics,Pediatric Ward,40,43,0,1.075,107.5,3,0,3,RED,20,3,0
2026-07-02 21:00:00,Emergency,Emergency Department (ED),50,54,0,1.08,108.0,6,3,3,RED,21,3,0
2026-07-02 21:00:00,ICU,Intensive Care Unit (ICU),30,30,0,1.0,100.0,1,0,1,RED,21,3,0
2026-07-02 21:00:00,General Medicine,General Medicine Ward,120,128,0,1.0667,106.7,8,4,4,RED,21,3,0
2026-07-02 21:00:00,Surgical Ward,Surgical & Post-Op Ward,80,51,29,0.6375,63.7,5,1,4,GREEN,21,3,0
2026-07-02 21:00:00,Pediatrics,Pediatric Ward,40,43,0,1.075,107.5,1,1,0,RED,21,3,0
2026-07-02 22:00:00,Emergency,Emergency Department (ED),50,54,0,1.08,108.0,5,2,3,RED,22,3,0
2026-07-02 22:00:00,ICU,Intensive Care Unit (ICU),30,29,1,0.9667,96.7,1,2,-1,RED,22,3,0
2026-07-02 22:00:00,General Medicine,General Medicine Ward,120,127,0,1.0583,105.8,1,2,-1,RED,22,3,0
2026-07-02 22:00:00,Surgical Ward,Surgical & Post-Op Ward,80,50,30,0.625,62.5,0,1,-1,GREEN,22,3,0
2026-07-02 22:00:00,Pediatrics,Pediatric Ward,40,43,0,1.075,107.5,1,1,0,RED,22,3,0
2026-07-02 23:00:00,Emergency,Emergency Department (ED),50,54,0,1.08,108.0,2,0,2,RED,23,3,0
2026-07-02 23:00:00,ICU,Intensive Care Unit (ICU),30,29,1,0.9667,96.7,0,0,0,RED,23,3,0
2026-07-02 23:00:00,General Medicine,General Medicine Ward,120,124,0,1.0333,103.3,4,7,-3,RED,23,3,0
2026-07-02 23:00:00,Surgical Ward,Surgical & Post-Op Ward,80,53,27,0.6625,66.2,5,2,3,GREEN,23,3,0
2026-07-02 23:00:00,Pediatrics,Pediatric Ward,40,43,0,1.075,107.5,2,1,1,RED,23,3,0
2026-07-03 00:00:00,Emergency,Emergency Department (ED),50,54,0,1.08,108.0,6,4,2,RED,0,4,0
2026-07-03 00:00:00,ICU,Intensive Care Unit (ICU),30,29,1,0.9667,96.7,0,0,0,RED,0,4,0
2026-07-03 00:00:00,General Medicine,General Medicine Ward,120,123,0,1.025,102.5,2,3,-1,RED,0,4,0
2026-07-03 00:00:00,Surgical Ward,Surgical & Post-Op Ward,80,53,27,0.6625,66.2,0,0,0,GREEN,0,4,0
2026-07-03 00:00:00,Pediatrics,Pediatric Ward,40,43,0,1.075,107.5,1,0,1,RED,0,4,0
2026-07-03 01:00:00,Emergency,Emergency Department (ED),50,50,0,1.0,100.0,2,6,-4,RED,1,4,0
2026-07-03 01:00:00,ICU,Intensive Care Unit (ICU),30,28,2,0.9333,93.3,0,1,-1,RED,1,4,0
2026-07-03 01:00:00,General Medicine,General Medicine Ward,120,124,0,1.0333,103.3,1,0,1,RED,1,4,0
2026-07-03 01:00:00,Surgical Ward,Surgical & Post-Op Ward,80,54,26,0.675,67.5,1,0,1,GREEN,1,4,0
2026-07-03 01:00:00,Pediatrics,Pediatric Ward,40,43,0,1.075,107.5,1,0,1,RED,1,4,0
2026-07-03 02:00:00,Emergency,Emergency Department (ED),50,51,0,1.02,102.0,1,0,1,RED,2,4,0
2026-07-03 02:00:00,ICU,Intensive Care Unit (ICU),30,28,2,0.9333,93.3,1,1,0,RED,2,4,0
2026-07-03 02:00:00,General Medicine,General Medicine Ward,120,127,0,1.0583,105.8,3,0,3,RED,2,4,0
2026-07-03 02:00:00,Surgical Ward,Surgical & Post-Op Ward,80,55,25,0.6875,68.8,1,0,1,GREEN,2,4,0
2026-07-03 02:00:00,Pediatrics,Pediatric Ward,40,43,0,1.075,107.5,1,0,1,RED,2,4,0
2026-07-03 03:00:00,Emergency,Emergency Department (ED),50,51,0,1.02,102.0,1,1,0,RED,3,4,0
2026-07-03 03:00:00,ICU,Intensive Care Unit (ICU),30,29,1,0.9667,96.7,1,0,1,RED,3,4,0
2026-07-03 03:00:00,General Medicine,General Medicine Ward,120,129,0,1.075,107.5,2,0,2,RED,3,4,0
2026-07-03 03:00:00,Surgical Ward,Surgical & Post-Op Ward,80,56,24,0.7,70.0,1,0,1,GREEN,3,4,0
2026-07-03 03:00:00,Pediatrics,Pediatric Ward,40,43,0,1.075,107.5,0,0,0,RED,3,4,0
2026-07-03 04:00:00,Emergency,Emergency Department (ED),50,51,0,1.02,102.0,1,1,0,RED,4,4,0
2026-07-03 04:00:00,ICU,Intensive Care Unit (ICU),30,29,1,0.9667,96.7,0,0,0,RED,4,4,0
2026-07-03 04:00:00,General Medicine,General Medicine Ward,120,129,0,1.075,107.5,0,0,0,RED,4,4,0
2026-07-03 04:00:00,Surgical Ward,Surgical & Post-Op Ward,80,56,24,0.7,70.0,0,0,0,GREEN,4,4,0
2026-07-03 04:00:00,Pediatrics,Pediatric Ward,40,43,0,1.075,107.5,0,0,0,RED,4,4,0
2026-07-03 05:00:00,Emergency,Emergency Department (ED),50,51,0,1.02,102.0,1,1,0,RED,5,4,0
2026-07-03 05:00:00,ICU,Intensive Care Unit (ICU),30,29,1,0.9667,96.7,0,0,0,RED,5,4,0
2026-07-03 05:00:00,General Medicine,General Medicine Ward,120,128,0,1.0667,106.7,0,1,-1,RED,5,4,0
2026-07-03 05:00:00,Surgical Ward,Surgical & Post-Op Ward,80,56,24,0.7,70.0,2,2,0,GREEN,5,4,0
2026-07-03 05:00:00,Pediatrics,Pediatric Ward,40,43,0,1.075,107.5,1,1,0,RED,5,4,0
2026-07-03 06:00:00,Emergency,Emergency Department (ED),50,52,0,1.04,104.0,1,0,1,RED,6,4,0
2026-07-03 06:00:00,ICU,Intensive Care Unit (ICU),30,30,0,1.0,100.0,1,0,1,RED,6,4,0
2026-07-03 06:00:00,General Medicine,General Medicine Ward,120,129,0,1.075,107.5,3,2,1,RED,6,4,0
2026-07-03 06:00:00,Surgical Ward,Surgical & Post-Op Ward,80,55,25,0.6875,68.8,1,2,-1,GREEN,6,4,0
2026-07-03 06:00:00,Pediatrics,Pediatric Ward,40,43,0,1.075,107.5,3,2,1,RED,6,4,0
2026-07-03 07:00:00,Emergency,Emergency Department (ED),50,54,0,1.08,108.0,2,0,2,RED,7,4,0
2026-07-03 07:00:00,ICU,Intensive Care Unit (ICU),30,30,0,1.0,100.0,0,0,0,RED,7,4,0
2026-07-03 07:00:00,General Medicine,General Medicine Ward,120,128,0,1.0667,106.7,2,3,-1,RED,7,4,0
2026-07-03 07:00:00,Surgical Ward,Surgical & Post-Op Ward,80,55,25,0.6875,68.8,3,3,0,GREEN,7,4,0
2026-07-03 07:00:00,Pediatrics,Pediatric Ward,40,42,0,1.05,105.0,0,1,-1,RED,7,4,0
2026-07-03 08:00:00,Emergency,Emergency Department (ED),50,54,0,1.08,108.0,3,2,1,RED,8,4,0
2026-07-03 08:00:00,ICU,Intensive Care Unit (ICU),30,30,0,1.0,100.0,0,0,0,RED,8,4,0
2026-07-03 08:00:00,General Medicine,General Medicine Ward,120,126,0,1.05,105.0,3,5,-2,RED,8,4,0
2026-07-03 08:00:00,Surgical Ward,Surgical & Post-Op Ward,80,55,25,0.6875,68.8,2,2,0,GREEN,8,4,0
2026-07-03 08:00:00,Pediatrics,Pediatric Ward,40,43,0,1.075,107.5,2,0,2,RED,8,4,0
2026-07-03 09:00:00,Emergency,Emergency Department (ED),50,54,0,1.08,108.0,3,1,2,RED,9,4,0
2026-07-03 09:00:00,ICU,Intensive Care Unit (ICU),30,31,0,1.0333,103.3,1,0,1,RED,9,4,0
2026-07-03 09:00:00,General Medicine,General Medicine Ward,120,124,0,1.0333,103.3,2,4,-2,RED,9,4,0
2026-07-03 09:00:00,Surgical Ward,Surgical & Post-Op Ward,80,55,25,0.6875,68.8,5,5,0,GREEN,9,4,0
2026-07-03 09:00:00,Pediatrics,Pediatric Ward,40,43,0,1.075,107.5,0,0,0,RED,9,4,0
2026-07-03 10:00:00,Emergency,Emergency Department (ED),50,54,0,1.08,108.0,2,2,0,RED,10,4,0
2026-07-03 10:00:00,ICU,Intensive Care Unit (ICU),30,31,0,1.0333,103.3,0,0,0,RED,10,4,0
2026-07-03 10:00:00,General Medicine,General Medicine Ward,120,127,0,1.0583,105.8,3,0,3,RED,10,4,0
2026-07-03 10:00:00,Surgical Ward,Surgical & Post-Op Ward,80,57,23,0.7125,71.2,7,5,2,GREEN,10,4,0
2026-07-03 10:00:00,Pediatrics,Pediatric Ward,40,43,0,1.075,107.5,4,0,4,RED,10,4,0
2026-07-03 11:00:00,Emergency,Emergency Department (ED),50,52,0,1.04,104.0,1,3,-2,RED,11,4,0
2026-07-03 11:00:00,ICU,Intensive Care Unit (ICU),30,30,0,1.0,100.0,0,1,-1,RED,11,4,0
2026-07-03 11:00:00,General Medicine,General Medicine Ward,120,125,0,1.0417,104.2,4,6,-2,RED,11,4,0
2026-07-03 11:00:00,Surgical Ward,Surgical & Post-Op Ward,80,54,26,0.675,67.5,0,3,-3,GREEN,11,4,0
2026-07-03 11:00:00,Pediatrics,Pediatric Ward,40,41,0,1.025,102.5,2,4,-2,RED,11,4,0
2026-07-03 12:00:00,Emergency,Emergency Department (ED),50,54,0,1.08,108.0,5,3,2,RED,12,4,0
2026-07-03 12:00:00,ICU,Intensive Care Unit (ICU),30,29,1,0.9667,96.7,1,2,-1,RED,12,4,0
2026-07-03 12:00:00,General Medicine,General Medicine Ward,120,126,0,1.05,105.0,5,4,1,RED,12,4,0
2026-07-03 12:00:00,Surgical Ward,Surgical & Post-Op Ward,80,58,22,0.725,72.5,7,3,4,GREEN,12,4,0
2026-07-03 12:00:00,Pediatrics,Pediatric Ward,40,41,0,1.025,102.5,2,2,0,RED,12,4,0
2026-07-03 13:00:00,Emergency,Emergency Department (ED),50,52,0,1.04,104.0,2,4,-2,RED,13,4,0
2026-07-03 13:00:00,ICU,Intensive Care Unit (ICU),30,28,2,0.9333,93.3,0,1,-1,RED,13,4,0
2026-07-03 13:00:00,General Medicine,General Medicine Ward,120,128,0,1.0667,106.7,6,4,2,RED,13,4,0
2026-07-03 13:00:00,Surgical Ward,Surgical & Post-Op Ward,80,56,24,0.7,70.0,2,4,-2,GREEN,13,4,0
2026-07-03 13:00:00,Pediatrics,Pediatric Ward,40,42,0,1.05,105.0,1,0,1,RED,13,4,0
2026-07-03 14:00:00,Emergency,Emergency Department (ED),50,51,0,1.02,102.0,5,6,-1,RED,14,4,0
2026-07-03 14:00:00,ICU,Intensive Care Unit (ICU),30,28,2,0.9333,93.3,1,1,0,RED,14,4,0
2026-07-03 14:00:00,General Medicine,General Medicine Ward,120,129,0,1.075,107.5,10,7,3,RED,14,4,0
2026-07-03 14:00:00,Surgical Ward,Surgical & Post-Op Ward,80,59,21,0.7375,73.8,4,1,3,GREEN,14,4,0
2026-07-03 14:00:00,Pediatrics,Pediatric Ward,40,43,0,1.075,107.5,3,1,2,RED,14,4,0
2026-07-03 15:00:00,Emergency,Emergency Department (ED),50,53,0,1.06,106.0,4,2,2,RED,15,4,0
2026-07-03 15:00:00,ICU,Intensive Care Unit (ICU),30,28,2,0.9333,93.3,0,0,0,RED,15,4,0
2026-07-03 15:00:00,General Medicine,General Medicine Ward,120,129,0,1.075,107.5,7,5,2,RED,15,4,0
2026-07-03 15:00:00,Surgical Ward,Surgical & Post-Op Ward,80,57,23,0.7125,71.2,2,4,-2,GREEN,15,4,0
2026-07-03 15:00:00,Pediatrics,Pediatric Ward,40,43,0,1.075,107.5,1,1,0,RED,15,4,0
2026-07-03 16:00:00,Emergency,Emergency Department (ED),50,54,0,1.08,108.0,5,3,2,RED,16,4,0
2026-07-03 16:00:00,ICU,Intensive Care Unit (ICU),30,27,3,0.9,90.0,0,1,-1,RED,16,4,0
2026-07-03 16:00:00,General Medicine,General Medicine Ward,120,129,0,1.075,107.5,4,3,1,RED,16,4,0
2026-07-03 16:00:00,Surgical Ward,Surgical & Post-Op Ward,80,59,21,0.7375,73.8,6,4,2,GREEN,16,4,0
2026-07-03 16:00:00,Pediatrics,Pediatric Ward,40,43,0,1.075,107.5,0,0,0,RED,16,4,0
2026-07-03 17:00:00,Emergency,Emergency Department (ED),50,54,0,1.08,108.0,7,1,6,RED,17,4,0
2026-07-03 17:00:00,ICU,Intensive Care Unit (ICU),30,27,3,0.9,90.0,0,0,0,RED,17,4,0
2026-07-03 17:00:00,General Medicine,General Medicine Ward,120,129,0,1.075,107.5,3,3,0,RED,17,4,0
2026-07-03 17:00:00,Surgical Ward,Surgical & Post-Op Ward,80,57,23,0.7125,71.2,1,3,-2,GREEN,17,4,0
2026-07-03 17:00:00,Pediatrics,Pediatric Ward,40,43,0,1.075,107.5,3,1,2,RED,17,4,0
2026-07-03 18:00:00,Emergency,Emergency Department (ED),50,54,0,1.08,108.0,7,2,5,RED,18,4,0
2026-07-03 18:00:00,ICU,Intensive Care Unit (ICU),30,27,3,0.9,90.0,1,1,0,RED,18,4,0
2026-07-03 18:00:00,General Medicine,General Medicine Ward,120,128,0,1.0667,106.7,1,2,-1,RED,18,4,0
2026-07-03 18:00:00,Surgical Ward,Surgical & Post-Op Ward,80,54,26,0.675,67.5,1,4,-3,GREEN,18,4,0
2026-07-03 18:00:00,Pediatrics,Pediatric Ward,40,43,0,1.075,107.5,2,1,1,RED,18,4,0
2026-07-03 19:00:00,Emergency,Emergency Department (ED),50,54,0,1.08,108.0,7,5,2,RED,19,4,0
2026-07-03 19:00:00,ICU,Intensive Care Unit (ICU),30,27,3,0.9,90.0,0,0,0,RED,19,4,0
2026-07-03 19:00:00,General Medicine,General Medicine Ward,120,129,0,1.075,107.5,6,5,1,RED,19,4,0
2026-07-03 19:00:00,Surgical Ward,Surgical & Post-Op Ward,80,52,28,0.65,65.0,0,2,-2,GREEN,19,4,0
2026-07-03 19:00:00,Pediatrics,Pediatric Ward,40,43,0,1.075,107.5,0,0,0,RED,19,4,0
2026-07-03 20:00:00,Emergency,Emergency Department (ED),50,54,0,1.08,108.0,5,1,4,RED,20,4,0
2026-07-03 20:00:00,ICU,Intensive Care Unit (ICU),30,26,4,0.8667,86.7,0,1,-1,AMBER,20,4,0
2026-07-03 20:00:00,General Medicine,General Medicine Ward,120,129,0,1.075,107.5,5,4,1,RED,20,4,0
2026-07-03 20:00:00,Surgical Ward,Surgical & Post-Op Ward,80,52,28,0.65,65.0,1,1,0,GREEN,20,4,0
2026-07-03 20:00:00,Pediatrics,Pediatric Ward,40,43,0,1.075,107.5,3,1,2,RED,20,4,0
2026-07-03 21:00:00,Emergency,Emergency Department (ED),50,54,0,1.08,108.0,5,0,5,RED,21,4,0
2026-07-03 21:00:00,ICU,Intensive Care Unit (ICU),30,26,4,0.8667,86.7,0,0,0,AMBER,21,4,0
2026-07-03 21:00:00,General Medicine,General Medicine Ward,120,129,0,1.075,107.5,3,2,1,RED,21,4,0
2026-07-03 21:00:00,Surgical Ward,Surgical & Post-Op Ward,80,54,26,0.675,67.5,2,0,2,GREEN,21,4,0
2026-07-03 21:00:00,Pediatrics,Pediatric Ward,40,43,0,1.075,107.5,4,0,4,RED,21,4,0
2026-07-03 22:00:00,Emergency,Emergency Department (ED),50,54,0,1.08,108.0,6,3,3,RED,22,4,0
2026-07-03 22:00:00,ICU,Intensive Care Unit (ICU),30,26,4,0.8667,86.7,0,0,0,AMBER,22,4,0
2026-07-03 22:00:00,General Medicine,General Medicine Ward,120,129,0,1.075,107.5,4,2,2,RED,22,4,0
2026-07-03 22:00:00,Surgical Ward,Surgical & Post-Op Ward,80,55,25,0.6875,68.8,2,1,1,GREEN,22,4,0
2026-07-03 22:00:00,Pediatrics,Pediatric Ward,40,41,0,1.025,102.5,0,2,-2,RED,22,4,0
2026-07-03 23:00:00,Emergency,Emergency Department (ED),50,54,0,1.08,108.0,5,3,2,RED,23,4,0
2026-07-03 23:00:00,ICU,Intensive Care Unit (ICU),30,26,4,0.8667,86.7,1,1,0,AMBER,23,4,0
2026-07-03 23:00:00,General Medicine,General Medicine Ward,120,126,0,1.05,105.0,0,3,-3,RED,23,4,0
2026-07-03 23:00:00,Surgical Ward,Surgical & Post-Op Ward,80,55,25,0.6875,68.8,1,1,0,GREEN,23,4,0
2026-07-03 23:00:00,Pediatrics,Pediatric Ward,40,40,0,1.0,100.0,1,2,-1,RED,23,4,0
2026-07-04 00:00:00,Emergency,Emergency Department (ED),50,50,0,1.0,100.0,2,6,-4,RED,0,5,1
2026-07-04 00:00:00,ICU,Intensive Care Unit (ICU),30,26,4,0.8667,86.7,0,0,0,AMBER,0,5,1
2026-07-04 00:00:00,General Medicine,General Medicine Ward,120,125,0,1.0417,104.2,1,2,-1,RED,0,5,1
2026-07-04 00:00:00,Surgical Ward,Surgical & Post-Op Ward,80,55,25,0.6875,68.8,0,0,0,GREEN,0,5,1
2026-07-04 00:00:00,Pediatrics,Pediatric Ward,40,39,1,0.975,97.5,0,1,-1,RED,0,5,1
2026-07-04 01:00:00,Emergency,Emergency Department (ED),50,50,0,1.0,100.0,1,1,0,RED,1,5,1
2026-07-04 01:00:00,ICU,Intensive Care Unit (ICU),30,26,4,0.8667,86.7,0,0,0,AMBER,1,5,1
2026-07-04 01:00:00,General Medicine,General Medicine Ward,120,124,0,1.0333,103.3,0,1,-1,RED,1,5,1
2026-07-04 01:00:00,Surgical Ward,Surgical & Post-Op Ward,80,56,24,0.7,70.0,1,0,1,GREEN,1,5,1
2026-07-04 01:00:00,Pediatrics,Pediatric Ward,40,41,0,1.025,102.5,2,0,2,RED,1,5,1
2026-07-04 02:00:00,Emergency,Emergency Department (ED),50,50,0,1.0,100.0,0,0,0,RED,2,5,1
2026-07-04 02:00:00,ICU,Intensive Care Unit (ICU),30,27,3,0.9,90.0,1,0,1,RED,2,5,1
2026-07-04 02:00:00,General Medicine,General Medicine Ward,120,125,0,1.0417,104.2,1,0,1,RED,2,5,1
2026-07-04 02:00:00,Surgical Ward,Surgical & Post-Op Ward,80,57,23,0.7125,71.2,1,0,1,GREEN,2,5,1
2026-07-04 02:00:00,Pediatrics,Pediatric Ward,40,41,0,1.025,102.5,1,1,0,RED,2,5,1
2026-07-04 03:00:00,Emergency,Emergency Department (ED),50,50,0,1.0,100.0,0,0,0,RED,3,5,1
2026-07-04 03:00:00,ICU,Intensive Care Unit (ICU),30,28,2,0.9333,93.3,1,0,1,RED,3,5,1
2026-07-04 03:00:00,General Medicine,General Medicine Ward,120,125,0,1.0417,104.2,1,1,0,RED,3,5,1
2026-07-04 03:00:00,Surgical Ward,Surgical & Post-Op Ward,80,57,23,0.7125,71.2,0,0,0,GREEN,3,5,1
2026-07-04 03:00:00,Pediatrics,Pediatric Ward,40,41,0,1.025,102.5,0,0,0,RED,3,5,1
2026-07-04 04:00:00,Emergency,Emergency Department (ED),50,50,0,1.0,100.0,1,1,0,RED,4,5,1
2026-07-04 04:00:00,ICU,Intensive Care Unit (ICU),30,28,2,0.9333,93.3,0,0,0,RED,4,5,1
2026-07-04 04:00:00,General Medicine,General Medicine Ward,120,124,0,1.0333,103.3,0,1,-1,RED,4,5,1
2026-07-04 04:00:00,Surgical Ward,Surgical & Post-Op Ward,80,57,23,0.7125,71.2,0,0,0,GREEN,4,5,1
2026-07-04 04:00:00,Pediatrics,Pediatric Ward,40,41,0,1.025,102.5,0,0,0,RED,4,5,1
2026-07-04 05:00:00,Emergency,Emergency Department (ED),50,52,0,1.04,104.0,2,0,2,RED,5,5,1
2026-07-04 05:00:00,ICU,Intensive Care Unit (ICU),30,28,2,0.9333,93.3,0,0,0,RED,5,5,1
2026-07-04 05:00:00,General Medicine,General Medicine Ward,120,124,0,1.0333,103.3,1,1,0,RED,5,5,1
2026-07-04 05:00:00,Surgical Ward,Surgical & Post-Op Ward,80,58,22,0.725,72.5,1,0,1,GREEN,5,5,1
2026-07-04 05:00:00,Pediatrics,Pediatric Ward,40,41,0,1.025,102.5,0,0,0,RED,5,5,1
2026-07-04 06:00:00,Emergency,Emergency Department (ED),50,53,0,1.06,106.0,1,0,1,RED,6,5,1
2026-07-04 06:00:00,ICU,Intensive Care Unit (ICU),30,26,4,0.8667,86.7,0,2,-2,AMBER,6,5,1
2026-07-04 06:00:00,General Medicine,General Medicine Ward,120,128,0,1.0667,106.7,5,1,4,RED,6,5,1
2026-07-04 06:00:00,Surgical Ward,Surgical & Post-Op Ward,80,56,24,0.7,70.0,0,2,-2,GREEN,6,5,1
2026-07-04 06:00:00,Pediatrics,Pediatric Ward,40,43,0,1.075,107.5,2,0,2,RED,6,5,1
2026-07-04 07:00:00,Emergency,Emergency Department (ED),50,54,0,1.08,108.0,6,4,2,RED,7,5,1
2026-07-04 07:00:00,ICU,Intensive Care Unit (ICU),30,26,4,0.8667,86.7,1,1,0,AMBER,7,5,1
2026-07-04 07:00:00,General Medicine,General Medicine Ward,120,129,0,1.075,107.5,4,2,2,RED,7,5,1
2026-07-04 07:00:00,Surgical Ward,Surgical & Post-Op Ward,80,55,25,0.6875,68.8,1,2,-1,GREEN,7,5,1
2026-07-04 07:00:00,Pediatrics,Pediatric Ward,40,42,0,1.05,105.0,0,1,-1,RED,7,5,1
2026-07-04 08:00:00,Emergency,Emergency Department (ED),50,54,0,1.08,108.0,3,1,2,RED,8,5,1
2026-07-04 08:00:00,ICU,Intensive Care Unit (ICU),30,26,4,0.8667,86.7,0,0,0,AMBER,8,5,1
2026-07-04 08:00:00,General Medicine,General Medicine Ward,120,128,0,1.0667,106.7,1,2,-1,RED,8,5,1
2026-07-04 08:00:00,Surgical Ward,Surgical & Post-Op Ward,80,52,28,0.65,65.0,0,3,-3,GREEN,8,5,1
2026-07-04 08:00:00,Pediatrics,Pediatric Ward,40,41,0,1.025,102.5,1,2,-1,RED,8,5,1
2026-07-04 09:00:00,Emergency,Emergency Department (ED),50,52,0,1.04,104.0,0,2,-2,RED,9,5,1
2026-07-04 09:00:00,ICU,Intensive Care Unit (ICU),30,28,2,0.9333,93.3,2,0,2,RED,9,5,1
2026-07-04 09:00:00,General Medicine,General Medicine Ward,120,129,0,1.075,107.5,6,2,4,RED,9,5,1
2026-07-04 09:00:00,Surgical Ward,Surgical & Post-Op Ward,80,53,27,0.6625,66.2,1,0,1,GREEN,9,5,1
2026-07-04 09:00:00,Pediatrics,Pediatric Ward,40,41,0,1.025,102.5,0,0,0,RED,9,5,1
2026-07-04 10:00:00,Emergency,Emergency Department (ED),50,54,0,1.08,108.0,4,1,3,RED,10,5,1
2026-07-04 10:00:00,ICU,Intensive Care Unit (ICU),30,28,2,0.9333,93.3,0,0,0,RED,10,5,1
2026-07-04 10:00:00,General Medicine,General Medicine Ward,120,126,0,1.05,105.0,2,5,-3,RED,10,5,1
2026-07-04 10:00:00,Surgical Ward,Surgical & Post-Op Ward,80,48,32,0.6,60.0,0,5,-5,GREEN,10,5,1
2026-07-04 10:00:00,Pediatrics,Pediatric Ward,40,42,0,1.05,105.0,1,0,1,RED,10,5,1
2026-07-04 11:00:00,Emergency,Emergency Department (ED),50,52,0,1.04,104.0,4,6,-2,RED,11,5,1
2026-07-04 11:00:00,ICU,Intensive Care Unit (ICU),30,31,0,1.0333,103.3,4,1,3,RED,11,5,1
2026-07-04 11:00:00,General Medicine,General Medicine Ward,120,123,0,1.025,102.5,2,5,-3,RED,11,5,1
2026-07-04 11:00:00,Surgical Ward,Surgical & Post-Op Ward,80,46,34,0.575,57.5,1,3,-2,GREEN,11,5,1
2026-07-04 11:00:00,Pediatrics,Pediatric Ward,40,40,0,1.0,100.0,0,2,-2,RED,11,5,1
2026-07-04 12:00:00,Emergency,Emergency Department (ED),50,53,0,1.06,106.0,5,4,1,RED,12,5,1
2026-07-04 12:00:00,ICU,Intensive Care Unit (ICU),30,32,0,1.0667,106.7,2,1,1,RED,12,5,1
2026-07-04 12:00:00,General Medicine,General Medicine Ward,120,117,3,0.975,97.5,3,9,-6,RED,12,5,1
2026-07-04 12:00:00,Surgical Ward,Surgical & Post-Op Ward,80,44,36,0.55,55.0,0,2,-2,GREEN,12,5,1
2026-07-04 12:00:00,Pediatrics,Pediatric Ward,40,38,2,0.95,95.0,1,3,-2,RED,12,5,1
2026-07-04 13:00:00,Emergency,Emergency Department (ED),50,54,0,1.08,108.0,6,4,2,RED,13,5,1
2026-07-04 13:00:00,ICU,Intensive Care Unit (ICU),30,30,0,1.0,100.0,0,2,-2,RED,13,5,1
2026-07-04 13:00:00,General Medicine,General Medicine Ward,120,120,0,1.0,100.0,8,5,3,RED,13,5,1
2026-07-04 13:00:00,Surgical Ward,Surgical & Post-Op Ward,80,46,34,0.575,57.5,2,0,2,GREEN,13,5,1
2026-07-04 13:00:00,Pediatrics,Pediatric Ward,40,40,0,1.0,100.0,3,1,2,RED,13,5,1
2026-07-04 14:00:00,Emergency,Emergency Department (ED),50,51,0,1.02,102.0,1,4,-3,RED,14,5,1
2026-07-04 14:00:00,ICU,Intensive Care Unit (ICU),30,32,0,1.0667,106.7,2,0,2,RED,14,5,1
2026-07-04 14:00:00,General Medicine,General Medicine Ward,120,119,1,0.9917,99.2,4,5,-1,RED,14,5,1
2026-07-04 14:00:00,Surgical Ward,Surgical & Post-Op Ward,80,46,34,0.575,57.5,4,4,0,GREEN,14,5,1
2026-07-04 14:00:00,Pediatrics,Pediatric Ward,40,39,1,0.975,97.5,2,3,-1,RED,14,5,1
2026-07-04 15:00:00,Emergency,Emergency Department (ED),50,54,0,1.08,108.0,6,2,4,RED,15,5,1
2026-07-04 15:00:00,ICU,Intensive Care Unit (ICU),30,31,0,1.0333,103.3,0,1,-1,RED,15,5,1
2026-07-04 15:00:00,General Medicine,General Medicine Ward,120,122,0,1.0167,101.7,7,4,3,RED,15,5,1
2026-07-04 15:00:00,Surgical Ward,Surgical & Post-Op Ward,80,44,36,0.55,55.0,1,3,-2,GREEN,15,5,1
2026-07-04 15:00:00,Pediatrics,Pediatric Ward,40,39,1,0.975,97.5,0,0,0,RED,15,5,1
2026-07-04 16:00:00,Emergency,Emergency Department (ED),50,54,0,1.08,108.0,6,4,2,RED,16,5,1
2026-07-04 16:00:00,ICU,Intensive Care Unit (ICU),30,32,0,1.0667,106.7,2,0,2,RED,16,5,1
2026-07-04 16:00:00,General Medicine,General Medicine Ward,120,125,0,1.0417,104.2,5,2,3,RED,16,5,1
2026-07-04 16:00:00,Surgical Ward,Surgical & Post-Op Ward,80,44,36,0.55,55.0,0,0,0,GREEN,16,5,1
2026-07-04 16:00:00,Pediatrics,Pediatric Ward,40,39,1,0.975,97.5,0,0,0,RED,16,5,1
2026-07-04 17:00:00,Emergency,Emergency Department (ED),50,52,0,1.04,104.0,0,2,-2,RED,17,5,1
2026-07-04 17:00:00,ICU,Intensive Care Unit (ICU),30,31,0,1.0333,103.3,0,1,-1,RED,17,5,1
2026-07-04 17:00:00,General Medicine,General Medicine Ward,120,127,0,1.0583,105.8,4,2,2,RED,17,5,1
2026-07-04 17:00:00,Surgical Ward,Surgical & Post-Op Ward,80,45,35,0.5625,56.2,1,0,1,GREEN,17,5,1
2026-07-04 17:00:00,Pediatrics,Pediatric Ward,40,41,0,1.025,102.5,2,0,2,RED,17,5,1
2026-07-04 18:00:00,Emergency,Emergency Department (ED),50,52,0,1.04,104.0,3,3,0,RED,18,5,1
2026-07-04 18:00:00,ICU,Intensive Care Unit (ICU),30,31,0,1.0333,103.3,1,1,0,RED,18,5,1
2026-07-04 18:00:00,General Medicine,General Medicine Ward,120,125,0,1.0417,104.2,4,6,-2,RED,18,5,1
2026-07-04 18:00:00,Surgical Ward,Surgical & Post-Op Ward,80,44,36,0.55,55.0,1,2,-1,GREEN,18,5,1
2026-07-04 18:00:00,Pediatrics,Pediatric Ward,40,41,0,1.025,102.5,2,2,0,RED,18,5,1
2026-07-04 19:00:00,Emergency,Emergency Department (ED),50,51,0,1.02,102.0,3,4,-1,RED,19,5,1
2026-07-04 19:00:00,ICU,Intensive Care Unit (ICU),30,31,0,1.0333,103.3,0,0,0,RED,19,5,1
2026-07-04 19:00:00,General Medicine,General Medicine Ward,120,124,0,1.0333,103.3,2,3,-1,RED,19,5,1
2026-07-04 19:00:00,Surgical Ward,Surgical & Post-Op Ward,80,43,37,0.5375,53.8,2,3,-1,GREEN,19,5,1
2026-07-04 19:00:00,Pediatrics,Pediatric Ward,40,41,0,1.025,102.5,2,2,0,RED,19,5,1
2026-07-04 20:00:00,Emergency,Emergency Department (ED),50,54,0,1.08,108.0,9,2,7,RED,20,5,1
2026-07-04 20:00:00,ICU,Intensive Care Unit (ICU),30,32,0,1.0667,106.7,1,0,1,RED,20,5,1
2026-07-04 20:00:00,General Medicine,General Medicine Ward,120,122,0,1.0167,101.7,2,4,-2,RED,20,5,1
2026-07-04 20:00:00,Surgical Ward,Surgical & Post-Op Ward,80,43,37,0.5375,53.8,1,1,0,GREEN,20,5,1
2026-07-04 20:00:00,Pediatrics,Pediatric Ward,40,43,0,1.075,107.5,2,0,2,RED,20,5,1
2026-07-04 21:00:00,Emergency,Emergency Department (ED),50,54,0,1.08,108.0,6,2,4,RED,21,5,1
2026-07-04 21:00:00,ICU,Intensive Care Unit (ICU),30,32,0,1.0667,106.7,0,0,0,RED,21,5,1
2026-07-04 21:00:00,General Medicine,General Medicine Ward,120,123,0,1.025,102.5,5,4,1,RED,21,5,1
2026-07-04 21:00:00,Surgical Ward,Surgical & Post-Op Ward,80,41,39,0.5125,51.2,1,3,-2,GREEN,21,5,1
2026-07-04 21:00:00,Pediatrics,Pediatric Ward,40,43,0,1.075,107.5,1,1,0,RED,21,5,1
2026-07-04 22:00:00,Emergency,Emergency Department (ED),50,54,0,1.08,108.0,7,5,2,RED,22,5,1
2026-07-04 22:00:00,ICU,Intensive Care Unit (ICU),30,32,0,1.0667,106.7,1,1,0,RED,22,5,1
2026-07-04 22:00:00,General Medicine,General Medicine Ward,120,123,0,1.025,102.5,2,2,0,RED,22,5,1
2026-07-04 22:00:00,Surgical Ward,Surgical & Post-Op Ward,80,39,41,0.4875,48.8,0,2,-2,GREEN,22,5,1
2026-07-04 22:00:00,Pediatrics,Pediatric Ward,40,41,0,1.025,102.5,0,2,-2,RED,22,5,1
2026-07-04 23:00:00,Emergency,Emergency Department (ED),50,52,0,1.04,104.0,1,3,-2,RED,23,5,1
2026-07-04 23:00:00,ICU,Intensive Care Unit (ICU),30,32,0,1.0667,106.7,1,0,1,RED,23,5,1
2026-07-04 23:00:00,General Medicine,General Medicine Ward,120,126,0,1.05,105.0,4,1,3,RED,23,5,1
2026-07-04 23:00:00,Surgical Ward,Surgical & Post-Op Ward,80,37,43,0.4625,46.2,0,2,-2,GREEN,23,5,1
2026-07-04 23:00:00,Pediatrics,Pediatric Ward,40,42,0,1.05,105.0,1,0,1,RED,23,5,1
2026-07-05 00:00:00,Emergency,Emergency Department (ED),50,54,0,1.08,108.0,5,0,5,RED,0,6,1
2026-07-05 00:00:00,ICU,Intensive Care Unit (ICU),30,32,0,1.0667,106.7,1,1,0,RED,0,6,1
2026-07-05 00:00:00,General Medicine,General Medicine Ward,120,123,0,1.025,102.5,0,3,-3,RED,0,6,1
2026-07-05 00:00:00,Surgical Ward,Surgical & Post-Op Ward,80,37,43,0.4625,46.2,0,0,0,GREEN,0,6,1
2026-07-05 00:00:00,Pediatrics,Pediatric Ward,40,43,0,1.075,107.5,1,0,1,RED,0,6,1
2026-07-05 01:00:00,Emergency,Emergency Department (ED),50,54,0,1.08,108.0,3,3,0,RED,1,6,1
2026-07-05 01:00:00,ICU,Intensive Care Unit (ICU),30,32,0,1.0667,106.7,2,1,1,RED,1,6,1
2026-07-05 01:00:00,General Medicine,General Medicine Ward,120,123,0,1.025,102.5,1,1,0,RED,1,6,1
2026-07-05 01:00:00,Surgical Ward,Surgical & Post-Op Ward,80,37,43,0.4625,46.2,0,0,0,GREEN,1,6,1
2026-07-05 01:00:00,Pediatrics,Pediatric Ward,40,41,0,1.025,102.5,0,2,-2,RED,1,6,1
2026-07-05 02:00:00,Emergency,Emergency Department (ED),50,54,0,1.08,108.0,3,0,3,RED,2,6,1
2026-07-05 02:00:00,ICU,Intensive Care Unit (ICU),30,32,0,1.0667,106.7,0,0,0,RED,2,6,1
2026-07-05 02:00:00,General Medicine,General Medicine Ward,120,125,0,1.0417,104.2,2,0,2,RED,2,6,1
2026-07-05 02:00:00,Surgical Ward,Surgical & Post-Op Ward,80,36,44,0.45,45.0,0,1,-1,GREEN,2,6,1
2026-07-05 02:00:00,Pediatrics,Pediatric Ward,40,42,0,1.05,105.0,2,1,1,RED,2,6,1
2026-07-05 03:00:00,Emergency,Emergency Department (ED),50,53,0,1.06,106.0,0,1,-1,RED,3,6,1
2026-07-05 03:00:00,ICU,Intensive Care Unit (ICU),30,32,0,1.0667,106.7,0,0,0,RED,3,6,1
2026-07-05 03:00:00,General Medicine,General Medicine Ward,120,126,0,1.05,105.0,1,0,1,RED,3,6,1
2026-07-05 03:00:00,Surgical Ward,Surgical & Post-Op Ward,80,36,44,0.45,45.0,0,0,0,GREEN,3,6,1
2026-07-05 03:00:00,Pediatrics,Pediatric Ward,40,41,0,1.025,102.5,0,1,-1,RED,3,6,1
2026-07-05 04:00:00,Emergency,Emergency Department (ED),50,53,0,1.06,106.0,1,1,0,RED,4,6,1
2026-07-05 04:00:00,ICU,Intensive Care Unit (ICU),30,31,0,1.0333,103.3,0,1,-1,RED,4,6,1
2026-07-05 04:00:00,General Medicine,General Medicine Ward,120,124,0,1.0333,103.3,0,2,-2,RED,4,6,1
2026-07-05 04:00:00,Surgical Ward,Surgical & Post-Op Ward,80,37,43,0.4625,46.2,1,0,1,GREEN,4,6,1
2026-07-05 04:00:00,Pediatrics,Pediatric Ward,40,42,0,1.05,105.0,1,0,1,RED,4,6,1
2026-07-05 05:00:00,Emergency,Emergency Department (ED),50,52,0,1.04,104.0,0,1,-1,RED,5,6,1
2026-07-05 05:00:00,ICU,Intensive Care Unit (ICU),30,32,0,1.0667,106.7,1,0,1,RED,5,6,1
2026-07-05 05:00:00,General Medicine,General Medicine Ward,120,126,0,1.05,105.0,2,0,2,RED,5,6,1
2026-07-05 05:00:00,Surgical Ward,Surgical & Post-Op Ward,80,40,40,0.5,50.0,3,0,3,GREEN,5,6,1
2026-07-05 05:00:00,Pediatrics,Pediatric Ward,40,43,0,1.075,107.5,2,0,2,RED,5,6,1
2026-07-05 06:00:00,Emergency,Emergency Department (ED),50,52,0,1.04,104.0,2,2,0,RED,6,6,1
2026-07-05 06:00:00,ICU,Intensive Care Unit (ICU),30,32,0,1.0667,106.7,0,0,0,RED,6,6,1
2026-07-05 06:00:00,General Medicine,General Medicine Ward,120,119,1,0.9917,99.2,0,7,-7,RED,6,6,1
2026-07-05 06:00:00,Surgical Ward,Surgical & Post-Op Ward,80,40,40,0.5,50.0,2,2,0,GREEN,6,6,1
2026-07-05 06:00:00,Pediatrics,Pediatric Ward,40,43,0,1.075,107.5,1,0,1,RED,6,6,1
2026-07-05 07:00:00,Emergency,Emergency Department (ED),50,51,0,1.02,102.0,2,3,-1,RED,7,6,1
2026-07-05 07:00:00,ICU,Intensive Care Unit (ICU),30,32,0,1.0667,106.7,1,0,1,RED,7,6,1
2026-07-05 07:00:00,General Medicine,General Medicine Ward,120,121,0,1.0083,100.8,4,2,2,RED,7,6,1
2026-07-05 07:00:00,Surgical Ward,Surgical & Post-Op Ward,80,39,41,0.4875,48.8,1,2,-1,GREEN,7,6,1
2026-07-05 07:00:00,Pediatrics,Pediatric Ward,40,43,0,1.075,107.5,1,1,0,RED,7,6,1
2026-07-05 08:00:00,Emergency,Emergency Department (ED),50,50,0,1.0,100.0,4,5,-1,RED,8,6,1
2026-07-05 08:00:00,ICU,Intensive Care Unit (ICU),30,32,0,1.0667,106.7,1,0,1,RED,8,6,1
2026-07-05 08:00:00,General Medicine,General Medicine Ward,120,119,1,0.9917,99.2,1,3,-2,RED,8,6,1
2026-07-05 08:00:00,Surgical Ward,Surgical & Post-Op Ward,80,37,43,0.4625,46.2,0,2,-2,GREEN,8,6,1
2026-07-05 08:00:00,Pediatrics,Pediatric Ward,40,43,0,1.075,107.5,0,0,0,RED,8,6,1
2026-07-05 09:00:00,Emergency,Emergency Department (ED),50,52,0,1.04,104.0,2,0,2,RED,9,6,1
2026-07-05 09:00:00,ICU,Intensive Care Unit (ICU),30,32,0,1.0667,106.7,0,0,0,RED,9,6,1
2026-07-05 09:00:00,General Medicine,General Medicine Ward,120,118,2,0.9833,98.3,3,4,-1,RED,9,6,1
2026-07-05 09:00:00,Surgical Ward,Surgical & Post-Op Ward,80,36,44,0.45,45.0,1,2,-1,GREEN,9,6,1
2026-07-05 09:00:00,Pediatrics,Pediatric Ward,40,43,0,1.075,107.5,2,0,2,RED,9,6,1
2026-07-05 10:00:00,Emergency,Emergency Department (ED),50,54,0,1.08,108.0,5,1,4,RED,10,6,1
2026-07-05 10:00:00,ICU,Intensive Care Unit (ICU),30,31,0,1.0333,103.3,0,1,-1,RED,10,6,1
2026-07-05 10:00:00,General Medicine,General Medicine Ward,120,118,2,0.9833,98.3,5,5,0,RED,10,6,1
2026-07-05 10:00:00,Surgical Ward,Surgical & Post-Op Ward,80,36,44,0.45,45.0,1,1,0,GREEN,10,6,1
2026-07-05 10:00:00,Pediatrics,Pediatric Ward,40,43,0,1.075,107.5,3,3,0,RED,10,6,1
2026-07-05 11:00:00,Emergency,Emergency Department (ED),50,54,0,1.08,108.0,4,2,2,RED,11,6,1
2026-07-05 11:00:00,ICU,Intensive Care Unit (ICU),30,29,1,0.9667,96.7,0,2,-2,RED,11,6,1
2026-07-05 11:00:00,General Medicine,General Medicine Ward,120,116,4,0.9667,96.7,0,2,-2,RED,11,6,1
2026-07-05 11:00:00,Surgical Ward,Surgical & Post-Op Ward,80,37,43,0.4625,46.2,3,2,1,GREEN,11,6,1
2026-07-05 11:00:00,Pediatrics,Pediatric Ward,40,43,0,1.075,107.5,3,2,1,RED,11,6,1
2026-07-05 12:00:00,Emergency,Emergency Department (ED),50,52,0,1.04,104.0,4,6,-2,RED,12,6,1
2026-07-05 12:00:00,ICU,Intensive Care Unit (ICU),30,27,3,0.9,90.0,0,2,-2,RED,12,6,1
2026-07-05 12:00:00,General Medicine,General Medicine Ward,120,112,8,0.9333,93.3,1,5,-4,RED,12,6,1
2026-07-05 12:00:00,Surgical Ward,Surgical & Post-Op Ward,80,32,48,0.4,40.0,0,5,-5,GREEN,12,6,1
2026-07-05 12:00:00,Pediatrics,Pediatric Ward,40,43,0,1.075,107.5,4,2,2,RED,12,6,1
2026-07-05 13:00:00,Emergency,Emergency Department (ED),50,50,0,1.0,100.0,2,4,-2,RED,13,6,1
2026-07-05 13:00:00,ICU,Intensive Care Unit (ICU),30,27,3,0.9,90.0,0,0,0,RED,13,6,1
2026-07-05 13:00:00,General Medicine,General Medicine Ward,120,109,11,0.9083,90.8,3,6,-3,RED,13,6,1
2026-07-05 13:00:00,Surgical Ward,Surgical & Post-Op Ward,80,30,50,0.375,37.5,0,2,-2,GREEN,13,6,1
2026-07-05 13:00:00,Pediatrics,Pediatric Ward,40,43,0,1.075,107.5,3,0,3,RED,13,6,1
2026-07-05 14:00:00,Emergency,Emergency Department (ED),50,51,0,1.02,102.0,5,4,1,RED,14,6,1
2026-07-05 14:00:00,ICU,Intensive Care Unit (ICU),30,27,3,0.9,90.0,0,0,0,RED,14,6,1
2026-07-05 14:00:00,General Medicine,General Medicine Ward,120,105,15,0.875,87.5,2,6,-4,AMBER,14,6,1
2026-07-05 14:00:00,Surgical Ward,Surgical & Post-Op Ward,80,29,51,0.3625,36.2,2,3,-1,GREEN,14,6,1
2026-07-05 14:00:00,Pediatrics,Pediatric Ward,40,43,0,1.075,107.5,1,0,1,RED,14,6,1
2026-07-05 15:00:00,Emergency,Emergency Department (ED),50,51,0,1.02,102.0,5,5,0,RED,15,6,1
2026-07-05 15:00:00,ICU,Intensive Care Unit (ICU),30,27,3,0.9,90.0,0,0,0,RED,15,6,1
2026-07-05 15:00:00,General Medicine,General Medicine Ward,120,104,16,0.8667,86.7,2,3,-1,AMBER,15,6,1
2026-07-05 15:00:00,Surgical Ward,Surgical & Post-Op Ward,80,26,54,0.325,32.5,0,3,-3,GREEN,15,6,1
2026-07-05 15:00:00,Pediatrics,Pediatric Ward,40,42,0,1.05,105.0,0,1,-1,RED,15,6,1
2026-07-05 16:00:00,Emergency,Emergency Department (ED),50,54,0,1.08,108.0,6,0,6,RED,16,6,1
2026-07-05 16:00:00,ICU,Intensive Care Unit (ICU),30,27,3,0.9,90.0,0,0,0,RED,16,6,1
2026-07-05 16:00:00,General Medicine,General Medicine Ward,120,105,15,0.875,87.5,3,2,1,AMBER,16,6,1
2026-07-05 16:00:00,Surgical Ward,Surgical & Post-Op Ward,80,21,59,0.2625,26.2,0,5,-5,GREEN,16,6,1
2026-07-05 16:00:00,Pediatrics,Pediatric Ward,40,43,0,1.075,107.5,1,0,1,RED,16,6,1
2026-07-05 17:00:00,Emergency,Emergency Department (ED),50,54,0,1.08,108.0,6,0,6,RED,17,6,1
2026-07-05 17:00:00,ICU,Intensive Care Unit (ICU),30,27,3,0.9,90.0,0,0,0,RED,17,6,1
2026-07-05 17:00:00,General Medicine,General Medicine Ward,120,105,15,0.875,87.5,4,4,0,AMBER,17,6,1
2026-07-05 17:00:00,Surgical Ward,Surgical & Post-Op Ward,80,19,61,0.2375,23.8,0,2,-2,GREEN,17,6,1
2026-07-05 17:00:00,Pediatrics,Pediatric Ward,40,43,0,1.075,107.5,4,0,4,RED,17,6,1
2026-07-05 18:00:00,Emergency,Emergency Department (ED),50,54,0,1.08,108.0,5,4,1,RED,18,6,1
2026-07-05 18:00:00,ICU,Intensive Care Unit (ICU),30,25,5,0.8333,83.3,0,2,-2,AMBER,18,6,1
2026-07-05 18:00:00,General Medicine,General Medicine Ward,120,104,16,0.8667,86.7,2,3,-1,AMBER,18,6,1
2026-07-05 18:00:00,Surgical Ward,Surgical & Post-Op Ward,80,18,62,0.225,22.5,1,2,-1,GREEN,18,6,1
2026-07-05 18:00:00,Pediatrics,Pediatric Ward,40,42,0,1.05,105.0,1,2,-1,RED,18,6,1
2026-07-05 19:00:00,Emergency,Emergency Department (ED),50,54,0,1.08,108.0,3,1,2,RED,19,6,1
2026-07-05 19:00:00,ICU,Intensive Care Unit (ICU),30,27,3,0.9,90.0,2,0,2,RED,19,6,1
2026-07-05 19:00:00,General Medicine,General Medicine Ward,120,103,17,0.8583,85.8,3,4,-1,AMBER,19,6,1
2026-07-05 19:00:00,Surgical Ward,Surgical & Post-Op Ward,80,17,63,0.2125,21.2,2,3,-1,GREEN,19,6,1
2026-07-05 19:00:00,Pediatrics,Pediatric Ward,40,42,0,1.05,105.0,0,0,0,RED,19,6,1
2026-07-05 20:00:00,Emergency,Emergency Department (ED),50,51,0,1.02,102.0,4,7,-3,RED,20,6,1
2026-07-05 20:00:00,ICU,Intensive Care Unit (ICU),30,27,3,0.9,90.0,0,0,0,RED,20,6,1
2026-07-05 20:00:00,General Medicine,General Medicine Ward,120,107,13,0.8917,89.2,4,0,4,AMBER,20,6,1
2026-07-05 20:00:00,Surgical Ward,Surgical & Post-Op Ward,80,17,63,0.2125,21.2,0,0,0,GREEN,20,6,1
2026-07-05 20:00:00,Pediatrics,Pediatric Ward,40,42,0,1.05,105.0,1,1,0,RED,20,6,1
2026-07-05 21:00:00,Emergency,Emergency Department (ED),50,52,0,1.04,104.0,4,3,1,RED,21,6,1
2026-07-05 21:00:00,ICU,Intensive Care Unit (ICU),30,29,1,0.9667,96.7,2,0,2,RED,21,6,1
2026-07-05 21:00:00,General Medicine,General Medicine Ward,120,109,11,0.9083,90.8,4,2,2,RED,21,6,1
2026-07-05 21:00:00,Surgical Ward,Surgical & Post-Op Ward,80,16,64,0.2,20.0,1,2,-1,GREEN,21,6,1
2026-07-05 21:00:00,Pediatrics,Pediatric Ward,40,43,0,1.075,107.5,3,0,3,RED,21,6,1
2026-07-05 22:00:00,Emergency,Emergency Department (ED),50,54,0,1.08,108.0,5,2,3,RED,22,6,1
2026-07-05 22:00:00,ICU,Intensive Care Unit (ICU),30,30,0,1.0,100.0,1,0,1,RED,22,6,1
2026-07-05 22:00:00,General Medicine,General Medicine Ward,120,110,10,0.9167,91.7,1,0,1,RED,22,6,1
2026-07-05 22:00:00,Surgical Ward,Surgical & Post-Op Ward,80,17,63,0.2125,21.2,1,0,1,GREEN,22,6,1
2026-07-05 22:00:00,Pediatrics,Pediatric Ward,40,43,0,1.075,107.5,2,1,1,RED,22,6,1
2026-07-05 23:00:00,Emergency,Emergency Department (ED),50,53,0,1.06,106.0,3,4,-1,RED,23,6,1
2026-07-05 23:00:00,ICU,Intensive Care Unit (ICU),30,30,0,1.0,100.0,0,0,0,RED,23,6,1
2026-07-05 23:00:00,General Medicine,General Medicine Ward,120,107,13,0.8917,89.2,3,6,-3,AMBER,23,6,1
2026-07-05 23:00:00,Surgical Ward,Surgical & Post-Op Ward,80,14,66,0.175,17.5,0,3,-3,GREEN,23,6,1
2026-07-05 23:00:00,Pediatrics,Pediatric Ward,40,43,0,1.075,107.5,1,0,1,RED,23,6,1
2026-07-06 00:00:00,Emergency,Emergency Department (ED),50,54,0,1.08,108.0,3,0,3,RED,0,0,0
2026-07-06 00:00:00,ICU,Intensive Care Unit (ICU),30,29,1,0.9667,96.7,0,1,-1,RED,0,0,0
2026-07-06 00:00:00,General Medicine,General Medicine Ward,120,106,14,0.8833,88.3,0,1,-1,AMBER,0,0,0
2026-07-06 00:00:00,Surgical Ward,Surgical & Post-Op Ward,80,14,66,0.175,17.5,0,0,0,GREEN,0,0,0
2026-07-06 00:00:00,Pediatrics,Pediatric Ward,40,43,0,1.075,107.5,1,1,0,RED,0,0,0
2026-07-06 01:00:00,Emergency,Emergency Department (ED),50,53,0,1.06,106.0,2,3,-1,RED,1,0,0
2026-07-06 01:00:00,ICU,Intensive Care Unit (ICU),30,28,2,0.9333,93.3,0,1,-1,RED,1,0,0
2026-07-06 01:00:00,General Medicine,General Medicine Ward,120,108,12,0.9,90.0,2,0,2,RED,1,0,0
2026-07-06 01:00:00,Surgical Ward,Surgical & Post-Op Ward,80,15,65,0.1875,18.8,1,0,1,GREEN,1,0,0
2026-07-06 01:00:00,Pediatrics,Pediatric Ward,40,43,0,1.075,107.5,1,1,0,RED,1,0,0
2026-07-06 02:00:00,Emergency,Emergency Department (ED),50,52,0,1.04,104.0,0,1,-1,RED,2,0,0
2026-07-06 02:00:00,ICU,Intensive Care Unit (ICU),30,29,1,0.9667,96.7,1,0,1,RED,2,0,0
2026-07-06 02:00:00,General Medicine,General Medicine Ward,120,108,12,0.9,90.0,0,0,0,RED,2,0,0
2026-07-06 02:00:00,Surgical Ward,Surgical & Post-Op Ward,80,14,66,0.175,17.5,0,1,-1,GREEN,2,0,0
2026-07-06 02:00:00,Pediatrics,Pediatric Ward,40,43,0,1.075,107.5,1,0,1,RED,2,0,0
2026-07-06 03:00:00,Emergency,Emergency Department (ED),50,51,0,1.02,102.0,0,1,-1,RED,3,0,0
2026-07-06 03:00:00,ICU,Intensive Care Unit (ICU),30,29,1,0.9667,96.7,0,0,0,RED,3,0,0
2026-07-06 03:00:00,General Medicine,General Medicine Ward,120,109,11,0.9083,90.8,2,1,1,RED,3,0,0
2026-07-06 03:00:00,Surgical Ward,Surgical & Post-Op Ward,80,14,66,0.175,17.5,0,0,0,GREEN,3,0,0
2026-07-06 03:00:00,Pediatrics,Pediatric Ward,40,43,0,1.075,107.5,2,0,2,RED,3,0,0
2026-07-06 04:00:00,Emergency,Emergency Department (ED),50,54,0,1.08,108.0,3,0,3,RED,4,0,0
2026-07-06 04:00:00,ICU,Intensive Care Unit (ICU),30,29,1,0.9667,96.7,0,0,0,RED,4,0,0
2026-07-06 04:00:00,General Medicine,General Medicine Ward,120,109,11,0.9083,90.8,2,2,0,RED,4,0,0
2026-07-06 04:00:00,Surgical Ward,Surgical & Post-Op Ward,80,14,66,0.175,17.5,0,0,0,GREEN,4,0,0
2026-07-06 04:00:00,Pediatrics,Pediatric Ward,40,42,0,1.05,105.0,0,1,-1,RED,4,0,0
2026-07-06 05:00:00,Emergency,Emergency Department (ED),50,54,0,1.08,108.0,3,0,3,RED,5,0,0
2026-07-06 05:00:00,ICU,Intensive Care Unit (ICU),30,29,1,0.9667,96.7,0,0,0,RED,5,0,0
2026-07-06 05:00:00,General Medicine,General Medicine Ward,120,108,12,0.9,90.0,0,1,-1,RED,5,0,0
2026-07-06 05:00:00,Surgical Ward,Surgical & Post-Op Ward,80,19,61,0.2375,23.8,7,2,5,GREEN,5,0,0
2026-07-06 05:00:00,Pediatrics,Pediatric Ward,40,42,0,1.05,105.0,0,0,0,RED,5,0,0
2026-07-06 06:00:00,Emergency,Emergency Department (ED),50,53,0,1.06,106.0,1,2,-1,RED,6,0,0
2026-07-06 06:00:00,ICU,Intensive Care Unit (ICU),30,29,1,0.9667,96.7,1,1,0,RED,6,0,0
2026-07-06 06:00:00,General Medicine,General Medicine Ward,120,111,9,0.925,92.5,5,2,3,RED,6,0,0
2026-07-06 06:00:00,Surgical Ward,Surgical & Post-Op Ward,80,17,63,0.2125,21.2,4,6,-2,GREEN,6,0,0
2026-07-06 06:00:00,Pediatrics,Pediatric Ward,40,42,0,1.05,105.0,0,0,0,RED,6,0,0
2026-07-06 07:00:00,Emergency,Emergency Department (ED),50,53,0,1.06,106.0,5,5,0,RED,7,0,0
2026-07-06 07:00:00,ICU,Intensive Care Unit (ICU),30,29,1,0.9667,96.7,0,0,0,RED,7,0,0
2026-07-06 07:00:00,General Medicine,General Medicine Ward,120,107,13,0.8917,89.2,1,5,-4,AMBER,7,0,0
2026-07-06 07:00:00,Surgical Ward,Surgical & Post-Op Ward,80,14,66,0.175,17.5,0,3,-3,GREEN,7,0,0
2026-07-06 07:00:00,Pediatrics,Pediatric Ward,40,41,0,1.025,102.5,1,2,-1,RED,7,0,0
2026-07-06 08:00:00,Emergency,Emergency Department (ED),50,54,0,1.08,108.0,6,5,1,RED,8,0,0
2026-07-06 08:00:00,ICU,Intensive Care Unit (ICU),30,31,0,1.0333,103.3,2,0,2,RED,8,0,0
2026-07-06 08:00:00,General Medicine,General Medicine Ward,120,105,15,0.875,87.5,3,5,-2,AMBER,8,0,0
2026-07-06 08:00:00,Surgical Ward,Surgical & Post-Op Ward,80,11,69,0.1375,13.8,1,4,-3,GREEN,8,0,0
2026-07-06 08:00:00,Pediatrics,Pediatric Ward,40,40,0,1.0,100.0,0,1,-1,RED,8,0,0
2026-07-06 09:00:00,Emergency,Emergency Department (ED),50,54,0,1.08,108.0,4,1,3,RED,9,0,0
2026-07-06 09:00:00,ICU,Intensive Care Unit (ICU),30,32,0,1.0667,106.7,1,0,1,RED,9,0,0
2026-07-06 09:00:00,General Medicine,General Medicine Ward,120,103,17,0.8583,85.8,3,5,-2,AMBER,9,0,0
2026-07-06 09:00:00,Surgical Ward,Surgical & Post-Op Ward,80,9,71,0.1125,11.2,3,5,-2,GREEN,9,0,0
2026-07-06 09:00:00,Pediatrics,Pediatric Ward,40,39,1,0.975,97.5,2,3,-1,RED,9,0,0
2026-07-06 10:00:00,Emergency,Emergency Department (ED),50,49,1,0.98,98.0,1,6,-5,RED,10,0,0
2026-07-06 10:00:00,ICU,Intensive Care Unit (ICU),30,32,0,1.0667,106.7,1,0,1,RED,10,0,0
2026-07-06 10:00:00,General Medicine,General Medicine Ward,120,103,17,0.8583,85.8,2,2,0,AMBER,10,0,0
2026-07-06 10:00:00,Surgical Ward,Surgical & Post-Op Ward,80,9,71,0.1125,11.2,6,6,0,GREEN,10,0,0
2026-07-06 10:00:00,Pediatrics,Pediatric Ward,40,41,0,1.025,102.5,4,2,2,RED,10,0,0
2026-07-06 11:00:00,Emergency,Emergency Department (ED),50,52,0,1.04,104.0,3,0,3,RED,11,0,0
2026-07-06 11:00:00,ICU,Intensive Care Unit (ICU),30,31,0,1.0333,103.3,0,1,-1,RED,11,0,0
2026-07-06 11:00:00,General Medicine,General Medicine Ward,120,102,18,0.85,85.0,2,3,-1,AMBER,11,0,0
2026-07-06 11:00:00,Surgical Ward,Surgical & Post-Op Ward,80,11,69,0.1375,13.8,6,4,2,GREEN,11,0,0
2026-07-06 11:00:00,Pediatrics,Pediatric Ward,40,43,0,1.075,107.5,2,0,2,RED,11,0,0
2026-07-06 12:00:00,Emergency,Emergency Department (ED),50,53,0,1.06,106.0,2,1,1,RED,12,0,0
2026-07-06 12:00:00,ICU,Intensive Care Unit (ICU),30,32,0,1.0667,106.7,2,0,2,RED,12,0,0
2026-07-06 12:00:00,General Medicine,General Medicine Ward,120,101,19,0.8417,84.2,5,6,-1,AMBER,12,0,0
2026-07-06 12:00:00,Surgical Ward,Surgical & Post-Op Ward,80,12,68,0.15,15.0,3,2,1,GREEN,12,0,0
2026-07-06 12:00:00,Pediatrics,Pediatric Ward,40,43,0,1.075,107.5,4,0,4,RED,12,0,0
2026-07-06 13:00:00,Emergency,Emergency Department (ED),50,51,0,1.02,102.0,3,5,-2,RED,13,0,0
2026-07-06 13:00:00,ICU,Intensive Care Unit (ICU),30,32,0,1.0667,106.7,1,0,1,RED,13,0,0
2026-07-06 13:00:00,General Medicine,General Medicine Ward,120,99,21,0.825,82.5,4,6,-2,AMBER,13,0,0
2026-07-06 13:00:00,Surgical Ward,Surgical & Post-Op Ward,80,12,68,0.15,15.0,0,0,0,GREEN,13,0,0
2026-07-06 13:00:00,Pediatrics,Pediatric Ward,40,43,0,1.075,107.5,2,0,2,RED,13,0,0
2026-07-06 14:00:00,Emergency,Emergency Department (ED),50,49,1,0.98,98.0,2,4,-2,RED,14,0,0
2026-07-06 14:00:00,ICU,Intensive Care Unit (ICU),30,32,0,1.0667,106.7,0,0,0,RED,14,0,0
2026-07-06 14:00:00,General Medicine,General Medicine Ward,120,101,19,0.8417,84.2,7,5,2,AMBER,14,0,0
2026-07-06 14:00:00,Surgical Ward,Surgical & Post-Op Ward,80,7,73,0.0875,8.8,0,5,-5,GREEN,14,0,0
2026-07-06 14:00:00,Pediatrics,Pediatric Ward,40,43,0,1.075,107.5,1,1,0,RED,14,0,0
2026-07-06 15:00:00,Emergency,Emergency Department (ED),50,52,0,1.04,104.0,3,0,3,RED,15,0,0
2026-07-06 15:00:00,ICU,Intensive Care Unit (ICU),30,32,0,1.0667,106.7,2,0,2,RED,15,0,0
2026-07-06 15:00:00,General Medicine,General Medicine Ward,120,105,15,0.875,87.5,8,4,4,AMBER,15,0,0
2026-07-06 15:00:00,Surgical Ward,Surgical & Post-Op Ward,80,3,77,0.0375,3.8,2,6,-4,GREEN,15,0,0
2026-07-06 15:00:00,Pediatrics,Pediatric Ward,40,43,0,1.075,107.5,3,3,0,RED,15,0,0
2026-07-06 16:00:00,Emergency,Emergency Department (ED),50,54,0,1.08,108.0,3,1,2,RED,16,0,0
2026-07-06 16:00:00,ICU,Intensive Care Unit (ICU),30,32,0,1.0667,106.7,1,0,1,RED,16,0,0
2026-07-06 16:00:00,General Medicine,General Medicine Ward,120,109,11,0.9083,90.8,5,1,4,RED,16,0,0
2026-07-06 16:00:00,Surgical Ward,Surgical & Post-Op Ward,80,0,80,0.0,0.0,0,3,-3,GREEN,16,0,0
2026-07-06 16:00:00,Pediatrics,Pediatric Ward,40,43,0,1.075,107.5,2,0,2,RED,16,0,0
2026-07-06 17:00:00,Emergency,Emergency Department (ED),50,54,0,1.08,108.0,4,0,4,RED,17,0,0
2026-07-06 17:00:00,ICU,Intensive Care Unit (ICU),30,32,0,1.0667,106.7,0,0,0,RED,17,0,0
2026-07-06 17:00:00,General Medicine,General Medicine Ward,120,112,8,0.9333,93.3,7,4,3,RED,17,0,0
2026-07-06 17:00:00,Surgical Ward,Surgical & Post-Op Ward,80,2,78,0.025,2.5,2,0,2,GREEN,17,0,0
2026-07-06 17:00:00,Pediatrics,Pediatric Ward,40,43,0,1.075,107.5,2,0,2,RED,17,0,0
2026-07-06 18:00:00,Emergency,Emergency Department (ED),50,54,0,1.08,108.0,6,4,2,RED,18,0,0
2026-07-06 18:00:00,ICU,Intensive Care Unit (ICU),30,30,0,1.0,100.0,0,2,-2,RED,18,0,0
2026-07-06 18:00:00,General Medicine,General Medicine Ward,120,114,6,0.95,95.0,4,2,2,RED,18,0,0
2026-07-06 18:00:00,Surgical Ward,Surgical & Post-Op Ward,80,5,75,0.0625,6.2,5,2,3,GREEN,18,0,0
2026-07-06 18:00:00,Pediatrics,Pediatric Ward,40,43,0,1.075,107.5,5,2,3,RED,18,0,0
2026-07-06 19:00:00,Emergency,Emergency Department (ED),50,54,0,1.08,108.0,3,2,1,RED,19,0,0
2026-07-06 19:00:00,ICU,Intensive Care Unit (ICU),30,29,1,0.9667,96.7,0,1,-1,RED,19,0,0
2026-07-06 19:00:00,General Medicine,General Medicine Ward,120,110,10,0.9167,91.7,0,4,-4,RED,19,0,0
2026-07-06 19:00:00,Surgical Ward,Surgical & Post-Op Ward,80,7,73,0.0875,8.8,2,0,2,GREEN,19,0,0
2026-07-06 19:00:00,Pediatrics,Pediatric Ward,40,43,0,1.075,107.5,0,0,0,RED,19,0,0
2026-07-06 20:00:00,Emergency,Emergency Department (ED),50,54,0,1.08,108.0,6,3,3,RED,20,0,0
2026-07-06 20:00:00,ICU,Intensive Care Unit (ICU),30,29,1,0.9667,96.7,1,1,0,RED,20,0,0
2026-07-06 20:00:00,General Medicine,General Medicine Ward,120,109,11,0.9083,90.8,3,4,-1,RED,20,0,0
2026-07-06 20:00:00,Surgical Ward,Surgical & Post-Op Ward,80,8,72,0.1,10.0,3,2,1,GREEN,20,0,0
2026-07-06 20:00:00,Pediatrics,Pediatric Ward,40,43,0,1.075,107.5,0,0,0,RED,20,0,0
2026-07-06 21:00:00,Emergency,Emergency Department (ED),50,54,0,1.08,108.0,3,3,0,RED,21,0,0
2026-07-06 21:00:00,ICU,Intensive Care Unit (ICU),30,29,1,0.9667,96.7,0,0,0,RED,21,0,0
2026-07-06 21:00:00,General Medicine,General Medicine Ward,120,110,10,0.9167,91.7,5,4,1,RED,21,0,0
2026-07-06 21:00:00,Surgical Ward,Surgical & Post-Op Ward,80,6,74,0.075,7.5,1,3,-2,GREEN,21,0,0
2026-07-06 21:00:00,Pediatrics,Pediatric Ward,40,43,0,1.075,107.5,2,1,1,RED,21,0,0
2026-07-06 22:00:00,Emergency,Emergency Department (ED),50,54,0,1.08,108.0,4,4,0,RED,22,0,0
2026-07-06 22:00:00,ICU,Intensive Care Unit (ICU),30,28,2,0.9333,93.3,0,1,-1,RED,22,0,0
2026-07-06 22:00:00,General Medicine,General Medicine Ward,120,114,6,0.95,95.0,4,0,4,RED,22,0,0
2026-07-06 22:00:00,Surgical Ward,Surgical & Post-Op Ward,80,3,77,0.0375,3.8,0,3,-3,GREEN,22,0,0
2026-07-06 22:00:00,Pediatrics,Pediatric Ward,40,43,0,1.075,107.5,2,2,0,RED,22,0,0
2026-07-06 23:00:00,Emergency,Emergency Department (ED),50,54,0,1.08,108.0,5,5,0,RED,23,0,0
2026-07-06 23:00:00,ICU,Intensive Care Unit (ICU),30,27,3,0.9,90.0,0,1,-1,RED,23,0,0
2026-07-06 23:00:00,General Medicine,General Medicine Ward,120,119,1,0.9917,99.2,6,1,5,RED,23,0,0
2026-07-06 23:00:00,Surgical Ward,Surgical & Post-Op Ward,80,4,76,0.05,5.0,4,3,1,GREEN,23,0,0
2026-07-06 23:00:00,Pediatrics,Pediatric Ward,40,42,0,1.05,105.0,2,3,-1,RED,23,0,0
2026-07-07 00:00:00,Emergency,Emergency Department (ED),50,54,0,1.08,108.0,8,3,5,RED,0,1,0
2026-07-07 00:00:00,ICU,Intensive Care Unit (ICU),30,26,4,0.8667,86.7,0,1,-1,AMBER,0,1,0
2026-07-07 00:00:00,General Medicine,General Medicine Ward,120,118,2,0.9833,98.3,4,5,-1,RED,0,1,0
2026-07-07 00:00:00,Surgical Ward,Surgical & Post-Op Ward,80,5,75,0.0625,6.2,1,0,1,GREEN,0,1,0
2026-07-07 00:00:00,Pediatrics,Pediatric Ward,40,42,0,1.05,105.0,0,0,0,RED,0,1,0
2026-07-07 01:00:00,Emergency,Emergency Department (ED),50,51,0,1.02,102.0,0,3,-3,RED,1,1,0
2026-07-07 01:00:00,ICU,Intensive Care Unit (ICU),30,28,2,0.9333,93.3,2,0,2,RED,1,1,0
2026-07-07 01:00:00,General Medicine,General Medicine Ward,120,120,0,1.0,100.0,2,0,2,RED,1,1,0
2026-07-07 01:00:00,Surgical Ward,Surgical & Post-Op Ward,80,5,75,0.0625,6.2,0,0,0,GREEN,1,1,0
2026-07-07 01:00:00,Pediatrics,Pediatric Ward,40,42,0,1.05,105.0,2,2,0,RED,1,1,0
2026-07-07 02:00:00,Emergency,Emergency Department (ED),50,51,0,1.02,102.0,0,0,0,RED,2,1,0
2026-07-07 02:00:00,ICU,Intensive Care Unit (ICU),30,28,2,0.9333,93.3,0,0,0,RED,2,1,0
2026-07-07 02:00:00,General Medicine,General Medicine Ward,120,120,0,1.0,100.0,0,0,0,RED,2,1,0
2026-07-07 02:00:00,Surgical Ward,Surgical & Post-Op Ward,80,5,75,0.0625,6.2,0,0,0,GREEN,2,1,0
2026-07-07 02:00:00,Pediatrics,Pediatric Ward,40,42,0,1.05,105.0,0,0,0,RED,2,1,0
2026-07-07 03:00:00,Emergency,Emergency Department (ED),50,51,0,1.02,102.0,0,0,0,RED,3,1,0
2026-07-07 03:00:00,ICU,Intensive Care Unit (ICU),30,27,3,0.9,90.0,0,1,-1,RED,3,1,0
2026-07-07 03:00:00,General Medicine,General Medicine Ward,120,120,0,1.0,100.0,0,0,0,RED,3,1,0
2026-07-07 03:00:00,Surgical Ward,Surgical & Post-Op Ward,80,5,75,0.0625,6.2,1,1,0,GREEN,3,1,0
2026-07-07 03:00:00,Pediatrics,Pediatric Ward,40,42,0,1.05,105.0,0,0,0,RED,3,1,0
2026-07-07 04:00:00,Emergency,Emergency Department (ED),50,51,0,1.02,102.0,0,0,0,RED,4,1,0
2026-07-07 04:00:00,ICU,Intensive Care Unit (ICU),30,27,3,0.9,90.0,0,0,0,RED,4,1,0
2026-07-07 04:00:00,General Medicine,General Medicine Ward,120,121,0,1.0083,100.8,1,0,1,RED,4,1,0
2026-07-07 04:00:00,Surgical Ward,Surgical & Post-Op Ward,80,7,73,0.0875,8.8,2,0,2,GREEN,4,1,0
2026-07-07 04:00:00,Pediatrics,Pediatric Ward,40,43,0,1.075,107.5,1,0,1,RED,4,1,0
2026-07-07 05:00:00,Emergency,Emergency Department (ED),50,51,0,1.02,102.0,0,0,0,RED,5,1,0
2026-07-07 05:00:00,ICU,Intensive Care Unit (ICU),30,27,3,0.9,90.0,0,0,0,RED,5,1,0
2026-07-07 05:00:00,General Medicine,General Medicine Ward,120,122,0,1.0167,101.7,1,0,1,RED,5,1,0
2026-07-07 05:00:00,Surgical Ward,Surgical & Post-Op Ward,80,8,72,0.1,10.0,2,1,1,GREEN,5,1,0
2026-07-07 05:00:00,Pediatrics,Pediatric Ward,40,43,0,1.075,107.5,0,0,0,RED,5,1,0
2026-07-07 06:00:00,Emergency,Emergency Department (ED),50,51,0,1.02,102.0,1,1,0,RED,6,1,0
2026-07-07 06:00:00,ICU,Intensive Care Unit (ICU),30,27,3,0.9,90.0,1,1,0,RED,6,1,0
2026-07-07 06:00:00,General Medicine,General Medicine Ward,120,121,0,1.0083,100.8,1,2,-1,RED,6,1,0
2026-07-07 06:00:00,Surgical Ward,Surgical & Post-Op Ward,80,10,70,0.125,12.5,3,1,2,GREEN,6,1,0
2026-07-07 06:00:00,Pediatrics,Pediatric Ward,40,43,0,1.075,107.5,3,0,3,RED,6,1,0
2026-07-07 07:00:00,Emergency,Emergency Department (ED),50,50,0,1.0,100.0,4,5,-1,RED,7,1,0
2026-07-07 07:00:00,ICU,Intensive Care Unit (ICU),30,27,3,0.9,90.0,0,0,0,RED,7,1,0
2026-07-07 07:00:00,General Medicine,General Medicine Ward,120,126,0,1.05,105.0,8,3,5,RED,7,1,0
2026-07-07 07:00:00,Surgical Ward,Surgical & Post-Op Ward,80,10,70,0.125,12.5,1,1,0,GREEN,7,1,0
2026-07-07 07:00:00,Pediatrics,Pediatric Ward,40,43,0,1.075,107.5,2,2,0,RED,7,1,0
2026-07-07 08:00:00,Emergency,Emergency Department (ED),50,48,2,0.96,96.0,0,2,-2,RED,8,1,0
2026-07-07 08:00:00,ICU,Intensive Care Unit (ICU),30,25,5,0.8333,83.3,0,2,-2,AMBER,8,1,0
2026-07-07 08:00:00,General Medicine,General Medicine Ward,120,125,0,1.0417,104.2,4,5,-1,RED,8,1,0
2026-07-07 08:00:00,Surgical Ward,Surgical & Post-Op Ward,80,12,68,0.15,15.0,3,1,2,GREEN,8,1,0
2026-07-07 08:00:00,Pediatrics,Pediatric Ward,40,41,0,1.025,102.5,0,2,-2,RED,8,1,0
2026-07-07 09:00:00,Emergency,Emergency Department (ED),50,51,0,1.02,102.0,5,2,3,RED,9,1,0
2026-07-07 09:00:00,ICU,Intensive Care Unit (ICU),30,23,7,0.7667,76.7,0,2,-2,GREEN,9,1,0
2026-07-07 09:00:00,General Medicine,General Medicine Ward,120,125,0,1.0417,104.2,3,3,0,RED,9,1,0
2026-07-07 09:00:00,Surgical Ward,Surgical & Post-Op Ward,80,15,65,0.1875,18.8,7,4,3,GREEN,9,1,0
2026-07-07 09:00:00,Pediatrics,Pediatric Ward,40,38,2,0.95,95.0,0,3,-3,RED,9,1,0
2026-07-07 10:00:00,Emergency,Emergency Department (ED),50,47,3,0.94,94.0,1,5,-4,RED,10,1,0
2026-07-07 10:00:00,ICU,Intensive Care Unit (ICU),30,23,7,0.7667,76.7,0,0,0,GREEN,10,1,0
2026-07-07 10:00:00,General Medicine,General Medicine Ward,120,129,0,1.075,107.5,5,1,4,RED,10,1,0
2026-07-07 10:00:00,Surgical Ward,Surgical & Post-Op Ward,80,14,66,0.175,17.5,5,6,-1,GREEN,10,1,0
2026-07-07 10:00:00,Pediatrics,Pediatric Ward,40,36,4,0.9,90.0,1,3,-2,RED,10,1,0
2026-07-07 11:00:00,Emergency,Emergency Department (ED),50,47,3,0.94,94.0,5,5,0,RED,11,1,0
2026-07-07 11:00:00,ICU,Intensive Care Unit (ICU),30,23,7,0.7667,76.7,0,0,0,GREEN,11,1,0
2026-07-07 11:00:00,General Medicine,General Medicine Ward,120,129,0,1.075,107.5,5,5,0,RED,11,1,0
2026-07-07 11:00:00,Surgical Ward,Surgical & Post-Op Ward,80,19,61,0.2375,23.8,5,0,5,GREEN,11,1,0
2026-07-07 11:00:00,Pediatrics,Pediatric Ward,40,39,1,0.975,97.5,3,0,3,RED,11,1,0
2026-07-07 12:00:00,Emergency,Emergency Department (ED),50,45,5,0.9,90.0,6,8,-2,RED,12,1,0
2026-07-07 12:00:00,ICU,Intensive Care Unit (ICU),30,26,4,0.8667,86.7,3,0,3,AMBER,12,1,0
2026-07-07 12:00:00,General Medicine,General Medicine Ward,120,129,0,1.075,107.5,5,1,4,RED,12,1,0
2026-07-07 12:00:00,Surgical Ward,Surgical & Post-Op Ward,80,14,66,0.175,17.5,2,7,-5,GREEN,12,1,0
2026-07-07 12:00:00,Pediatrics,Pediatric Ward,40,37,3,0.925,92.5,0,2,-2,RED,12,1,0
2026-07-07 13:00:00,Emergency,Emergency Department (ED),50,43,7,0.86,86.0,3,5,-2,AMBER,13,1,0
2026-07-07 13:00:00,ICU,Intensive Care Unit (ICU),30,25,5,0.8333,83.3,0,1,-1,AMBER,13,1,0
2026-07-07 13:00:00,General Medicine,General Medicine Ward,120,129,0,1.075,107.5,6,3,3,RED,13,1,0
2026-07-07 13:00:00,Surgical Ward,Surgical & Post-Op Ward,80,12,68,0.15,15.0,1,3,-2,GREEN,13,1,0
2026-07-07 13:00:00,Pediatrics,Pediatric Ward,40,35,5,0.875,87.5,0,2,-2,AMBER,13,1,0
2026-07-07 14:00:00,Emergency,Emergency Department (ED),50,36,14,0.72,72.0,0,7,-7,GREEN,14,1,0
2026-07-07 14:00:00,ICU,Intensive Care Unit (ICU),30,23,7,0.7667,76.7,0,2,-2,GREEN,14,1,0
2026-07-07 14:00:00,General Medicine,General Medicine Ward,120,129,0,1.075,107.5,10,5,5,RED,14,1,0
2026-07-07 14:00:00,Surgical Ward,Surgical & Post-Op Ward,80,15,65,0.1875,18.8,7,4,3,GREEN,14,1,0
2026-07-07 14:00:00,Pediatrics,Pediatric Ward,40,34,6,0.85,85.0,2,3,-1,AMBER,14,1,0
2026-07-07 15:00:00,Emergency,Emergency Department (ED),50,36,14,0.72,72.0,4,4,0,GREEN,15,1,0
2026-07-07 15:00:00,ICU,Intensive Care Unit (ICU),30,21,9,0.7,70.0,0,2,-2,GREEN,15,1,0
2026-07-07 15:00:00,General Medicine,General Medicine Ward,120,128,0,1.0667,106.7,4,5,-1,RED,15,1,0
2026-07-07 15:00:00,Surgical Ward,Surgical & Post-Op Ward,80,14,66,0.175,17.5,3,4,-1,GREEN,15,1,0
2026-07-07 15:00:00,Pediatrics,Pediatric Ward,40,33,7,0.825,82.5,0,1,-1,AMBER,15,1,0
2026-07-07 16:00:00,Emergency,Emergency Department (ED),50,39,11,0.78,78.0,6,3,3,AMBER,16,1,0
2026-07-07 16:00:00,ICU,Intensive Care Unit (ICU),30,20,10,0.6667,66.7,0,1,-1,GREEN,16,1,0
2026-07-07 16:00:00,General Medicine,General Medicine Ward,120,129,0,1.075,107.5,5,1,4,RED,16,1,0
2026-07-07 16:00:00,Surgical Ward,Surgical & Post-Op Ward,80,15,65,0.1875,18.8,3,2,1,GREEN,16,1,0
2026-07-07 16:00:00,Pediatrics,Pediatric Ward,40,33,7,0.825,82.5,0,0,0,AMBER,16,1,0
2026-07-07 17:00:00,Emergency,Emergency Department (ED),50,45,5,0.9,90.0,7,1,6,RED,17,1,0
2026-07-07 17:00:00,ICU,Intensive Care Unit (ICU),30,19,11,0.6333,63.3,0,1,-1,GREEN,17,1,0
2026-07-07 17:00:00,General Medicine,General Medicine Ward,120,129,0,1.075,107.5,5,3,2,RED,17,1,0
2026-07-07 17:00:00,Surgical Ward,Surgical & Post-Op Ward,80,16,64,0.2,20.0,2,1,1,GREEN,17,1,0
2026-07-07 17:00:00,Pediatrics,Pediatric Ward,40,31,9,0.775,77.5,0,2,-2,AMBER,17,1,0
2026-07-07 18:00:00,Emergency,Emergency Department (ED),50,48,2,0.96,96.0,6,3,3,RED,18,1,0
2026-07-07 18:00:00,ICU,Intensive Care Unit (ICU),30,20,10,0.6667,66.7,1,0,1,GREEN,18,1,0
2026-07-07 18:00:00,General Medicine,General Medicine Ward,120,129,0,1.075,107.5,4,1,3,RED,18,1,0
2026-07-07 18:00:00,Surgical Ward,Surgical & Post-Op Ward,80,16,64,0.2,20.0,3,3,0,GREEN,18,1,0
2026-07-07 18:00:00,Pediatrics,Pediatric Ward,40,31,9,0.775,77.5,1,1,0,AMBER,18,1,0
2026-07-07 19:00:00,Emergency,Emergency Department (ED),50,51,0,1.02,102.0,6,3,3,RED,19,1,0
2026-07-07 19:00:00,ICU,Intensive Care Unit (ICU),30,20,10,0.6667,66.7,0,0,0,GREEN,19,1,0
2026-07-07 19:00:00,General Medicine,General Medicine Ward,120,128,0,1.0667,106.7,4,5,-1,RED,19,1,0
2026-07-07 19:00:00,Surgical Ward,Surgical & Post-Op Ward,80,16,64,0.2,20.0,2,2,0,GREEN,19,1,0
2026-07-07 19:00:00,Pediatrics,Pediatric Ward,40,32,8,0.8,80.0,1,0,1,AMBER,19,1,0
2026-07-07 20:00:00,Emergency,Emergency Department (ED),50,54,0,1.08,108.0,6,0,6,RED,20,1,0
2026-07-07 20:00:00,ICU,Intensive Care Unit (ICU),30,18,12,0.6,60.0,0,2,-2,GREEN,20,1,0
2026-07-07 20:00:00,General Medicine,General Medicine Ward,120,129,0,1.075,107.5,6,2,4,RED,20,1,0
2026-07-07 20:00:00,Surgical Ward,Surgical & Post-Op Ward,80,18,62,0.225,22.5,3,1,2,GREEN,20,1,0
2026-07-07 20:00:00,Pediatrics,Pediatric Ward,40,31,9,0.775,77.5,0,1,-1,AMBER,20,1,0
2026-07-07 21:00:00,Emergency,Emergency Department (ED),50,53,0,1.06,106.0,3,4,-1,RED,21,1,0
2026-07-07 21:00:00,ICU,Intensive Care Unit (ICU),30,18,12,0.6,60.0,0,0,0,GREEN,21,1,0
2026-07-07 21:00:00,General Medicine,General Medicine Ward,120,129,0,1.075,107.5,4,3,1,RED,21,1,0
2026-07-07 21:00:00,Surgical Ward,Surgical & Post-Op Ward,80,19,61,0.2375,23.8,4,3,1,GREEN,21,1,0
2026-07-07 21:00:00,Pediatrics,Pediatric Ward,40,30,10,0.75,75.0,0,1,-1,AMBER,21,1,0
2026-07-07 22:00:00,Emergency,Emergency Department (ED),50,54,0,1.08,108.0,8,3,5,RED,22,1,0
2026-07-07 22:00:00,ICU,Intensive Care Unit (ICU),30,19,11,0.6333,63.3,1,0,1,GREEN,22,1,0
2026-07-07 22:00:00,General Medicine,General Medicine Ward,120,129,0,1.075,107.5,6,3,3,RED,22,1,0
2026-07-07 22:00:00,Surgical Ward,Surgical & Post-Op Ward,80,22,58,0.275,27.5,5,2,3,GREEN,22,1,0
2026-07-07 22:00:00,Pediatrics,Pediatric Ward,40,32,8,0.8,80.0,2,0,2,AMBER,22,1,0
2026-07-07 23:00:00,Emergency,Emergency Department (ED),50,52,0,1.04,104.0,1,3,-2,RED,23,1,0
2026-07-07 23:00:00,ICU,Intensive Care Unit (ICU),30,19,11,0.6333,63.3,0,0,0,GREEN,23,1,0
2026-07-07 23:00:00,General Medicine,General Medicine Ward,120,128,0,1.0667,106.7,0,1,-1,RED,23,1,0
2026-07-07 23:00:00,Surgical Ward,Surgical & Post-Op Ward,80,25,55,0.3125,31.2,3,0,3,GREEN,23,1,0
2026-07-07 23:00:00,Pediatrics,Pediatric Ward,40,34,6,0.85,85.0,2,0,2,AMBER,23,1,0
2026-07-08 00:00:00,Emergency,Emergency Department (ED),50,54,0,1.08,108.0,7,4,3,RED,0,2,0
2026-07-08 00:00:00,ICU,Intensive Care Unit (ICU),30,19,11,0.6333,63.3,0,0,0,GREEN,0,2,0
2026-07-08 00:00:00,General Medicine,General Medicine Ward,120,129,0,1.075,107.5,4,0,4,RED,0,2,0
2026-07-08 00:00:00,Surgical Ward,Surgical & Post-Op Ward,80,25,55,0.3125,31.2,0,0,0,GREEN,0,2,0
2026-07-08 00:00:00,Pediatrics,Pediatric Ward,40,33,7,0.825,82.5,0,1,-1,AMBER,0,2,0
2026-07-08 01:00:00,Emergency,Emergency Department (ED),50,54,0,1.08,108.0,3,0,3,RED,1,2,0
2026-07-08 01:00:00,ICU,Intensive Care Unit (ICU),30,20,10,0.6667,66.7,2,1,1,GREEN,1,2,0
2026-07-08 01:00:00,General Medicine,General Medicine Ward,120,128,0,1.0667,106.7,0,1,-1,RED,1,2,0
2026-07-08 01:00:00,Surgical Ward,Surgical & Post-Op Ward,80,25,55,0.3125,31.2,0,0,0,GREEN,1,2,0
2026-07-08 01:00:00,Pediatrics,Pediatric Ward,40,33,7,0.825,82.5,1,1,0,AMBER,1,2,0
2026-07-08 02:00:00,Emergency,Emergency Department (ED),50,54,0,1.08,108.0,1,0,1,RED,2,2,0
2026-07-08 02:00:00,ICU,Intensive Care Unit (ICU),30,20,10,0.6667,66.7,0,0,0,GREEN,2,2,0
2026-07-08 02:00:00,General Medicine,General Medicine Ward,120,128,0,1.0667,106.7,1,1,0,RED,2,2,0
2026-07-08 02:00:00,Surgical Ward,Surgical & Post-Op Ward,80,26,54,0.325,32.5,1,0,1,GREEN,2,2,0
2026-07-08 02:00:00,Pediatrics,Pediatric Ward,40,33,7,0.825,82.5,0,0,0,AMBER,2,2,0
2026-07-08 03:00:00,Emergency,Emergency Department (ED),50,54,0,1.08,108.0,0,0,0,RED,3,2,0
2026-07-08 03:00:00,ICU,Intensive Care Unit (ICU),30,20,10,0.6667,66.7,0,0,0,GREEN,3,2,0
2026-07-08 03:00:00,General Medicine,General Medicine Ward,120,127,0,1.0583,105.8,0,1,-1,RED,3,2,0
2026-07-08 03:00:00,Surgical Ward,Surgical & Post-Op Ward,80,27,53,0.3375,33.8,1,0,1,GREEN,3,2,0
2026-07-08 03:00:00,Pediatrics,Pediatric Ward,40,33,7,0.825,82.5,0,0,0,AMBER,3,2,0
2026-07-08 04:00:00,Emergency,Emergency Department (ED),50,54,0,1.08,108.0,1,0,1,RED,4,2,0
2026-07-08 04:00:00,ICU,Intensive Care Unit (ICU),30,20,10,0.6667,66.7,0,0,0,GREEN,4,2,0
2026-07-08 04:00:00,General Medicine,General Medicine Ward,120,128,0,1.0667,106.7,1,0,1,RED,4,2,0
2026-07-08 04:00:00,Surgical Ward,Surgical & Post-Op Ward,80,29,51,0.3625,36.2,2,0,2,GREEN,4,2,0
2026-07-08 04:00:00,Pediatrics,Pediatric Ward,40,33,7,0.825,82.5,0,0,0,AMBER,4,2,0
2026-07-08 05:00:00,Emergency,Emergency Department (ED),50,54,0,1.08,108.0,1,1,0,RED,5,2,0
2026-07-08 05:00:00,ICU,Intensive Care Unit (ICU),30,20,10,0.6667,66.7,0,0,0,GREEN,5,2,0
2026-07-08 05:00:00,General Medicine,General Medicine Ward,120,129,0,1.075,107.5,2,0,2,RED,5,2,0
2026-07-08 05:00:00,Surgical Ward,Surgical & Post-Op Ward,80,29,51,0.3625,36.2,2,2,0,GREEN,5,2,0
2026-07-08 05:00:00,Pediatrics,Pediatric Ward,40,34,6,0.85,85.0,1,0,1,AMBER,5,2,0
2026-07-08 06:00:00,Emergency,Emergency Department (ED),50,54,0,1.08,108.0,1,0,1,RED,6,2,0
2026-07-08 06:00:00,ICU,Intensive Care Unit (ICU),30,19,11,0.6333,63.3,0,1,-1,GREEN,6,2,0
2026-07-08 06:00:00,General Medicine,General Medicine Ward,120,129,0,1.075,107.5,4,1,3,RED,6,2,0
2026-07-08 06:00:00,Surgical Ward,Surgical & Post-Op Ward,80,28,52,0.35,35.0,1,2,-1,GREEN,6,2,0
2026-07-08 06:00:00,Pediatrics,Pediatric Ward,40,33,7,0.825,82.5,1,2,-1,AMBER,6,2,0
2026-07-08 07:00:00,Emergency,Emergency Department (ED),50,54,0,1.08,108.0,4,2,2,RED,7,2,0
2026-07-08 07:00:00,ICU,Intensive Care Unit (ICU),30,18,12,0.6,60.0,1,2,-1,GREEN,7,2,0
2026-07-08 07:00:00,General Medicine,General Medicine Ward,120,129,0,1.075,107.5,4,2,2,RED,7,2,0
2026-07-08 07:00:00,Surgical Ward,Surgical & Post-Op Ward,80,30,50,0.375,37.5,3,1,2,GREEN,7,2,0
2026-07-08 07:00:00,Pediatrics,Pediatric Ward,40,32,8,0.8,80.0,0,1,-1,AMBER,7,2,0
2026-07-08 08:00:00,Emergency,Emergency Department (ED),50,54,0,1.08,108.0,3,1,2,RED,8,2,0
2026-07-08 08:00:00,ICU,Intensive Care Unit (ICU),30,17,13,0.5667,56.7,1,2,-1,GREEN,8,2,0
2026-07-08 08:00:00,General Medicine,General Medicine Ward,120,129,0,1.075,107.5,5,1,4,RED,8,2,0
2026-07-08 08:00:00,Surgical Ward,Surgical & Post-Op Ward,80,32,48,0.4,40.0,4,2,2,GREEN,8,2,0
2026-07-08 08:00:00,Pediatrics,Pediatric Ward,40,32,8,0.8,80.0,1,1,0,AMBER,8,2,0
2026-07-08 09:00:00,Emergency,Emergency Department (ED),50,54,0,1.08,108.0,4,1,3,RED,9,2,0
2026-07-08 09:00:00,ICU,Intensive Care Unit (ICU),30,18,12,0.6,60.0,1,0,1,GREEN,9,2,0
2026-07-08 09:00:00,General Medicine,General Medicine Ward,120,129,0,1.075,107.5,8,2,6,RED,9,2,0
2026-07-08 09:00:00,Surgical Ward,Surgical & Post-Op Ward,80,27,53,0.3375,33.8,0,5,-5,GREEN,9,2,0
2026-07-08 09:00:00,Pediatrics,Pediatric Ward,40,27,13,0.675,67.5,0,5,-5,GREEN,9,2,0
2026-07-08 10:00:00,Emergency,Emergency Department (ED),50,54,0,1.08,108.0,6,5,1,RED,10,2,0
2026-07-08 10:00:00,ICU,Intensive Care Unit (ICU),30,17,13,0.5667,56.7,0,1,-1,GREEN,10,2,0
2026-07-08 10:00:00,General Medicine,General Medicine Ward,120,129,0,1.075,107.5,6,4,2,RED,10,2,0
2026-07-08 10:00:00,Surgical Ward,Surgical & Post-Op Ward,80,28,52,0.35,35.0,3,2,1,GREEN,10,2,0
2026-07-08 10:00:00,Pediatrics,Pediatric Ward,40,28,12,0.7,70.0,3,2,1,AMBER,10,2,0
2026-07-08 11:00:00,Emergency,Emergency Department (ED),50,53,0,1.06,106.0,2,3,-1,RED,11,2,0
2026-07-08 11:00:00,ICU,Intensive Care Unit (ICU),30,17,13,0.5667,56.7,2,2,0,GREEN,11,2,0
2026-07-08 11:00:00,General Medicine,General Medicine Ward,120,129,0,1.075,107.5,4,4,0,RED,11,2,0
2026-07-08 11:00:00,Surgical Ward,Surgical & Post-Op Ward,80,34,46,0.425,42.5,6,0,6,GREEN,11,2,0
2026-07-08 11:00:00,Pediatrics,Pediatric Ward,40,29,11,0.725,72.5,1,0,1,AMBER,11,2,0
2026-07-08 12:00:00,Emergency,Emergency Department (ED),50,51,0,1.02,102.0,2,4,-2,RED,12,2,0
2026-07-08 12:00:00,ICU,Intensive Care Unit (ICU),30,16,14,0.5333,53.3,2,3,-1,GREEN,12,2,0
2026-07-08 12:00:00,General Medicine,General Medicine Ward,120,129,0,1.075,107.5,7,4,3,RED,12,2,0
2026-07-08 12:00:00,Surgical Ward,Surgical & Post-Op Ward,80,35,45,0.4375,43.8,3,2,1,GREEN,12,2,0
2026-07-08 12:00:00,Pediatrics,Pediatric Ward,40,30,10,0.75,75.0,2,1,1,AMBER,12,2,0
2026-07-08 13:00:00,Emergency,Emergency Department (ED),50,49,1,0.98,98.0,4,6,-2,RED,13,2,0
2026-07-08 13:00:00,ICU,Intensive Care Unit (ICU),30,14,16,0.4667,46.7,0,2,-2,GREEN,13,2,0
2026-07-08 13:00:00,General Medicine,General Medicine Ward,120,129,0,1.075,107.5,8,4,4,RED,13,2,0
2026-07-08 13:00:00,Surgical Ward,Surgical & Post-Op Ward,80,30,50,0.375,37.5,1,6,-5,GREEN,13,2,0
2026-07-08 13:00:00,Pediatrics,Pediatric Ward,40,27,13,0.675,67.5,0,3,-3,GREEN,13,2,0
2026-07-08 14:00:00,Emergency,Emergency Department (ED),50,52,0,1.04,104.0,7,4,3,RED,14,2,0
2026-07-08 14:00:00,ICU,Intensive Care Unit (ICU),30,15,15,0.5,50.0,1,0,1,GREEN,14,2,0
2026-07-08 14:00:00,General Medicine,General Medicine Ward,120,125,0,1.0417,104.2,4,8,-4,RED,14,2,0
2026-07-08 14:00:00,Surgical Ward,Surgical & Post-Op Ward,80,30,50,0.375,37.5,3,3,0,GREEN,14,2,0
2026-07-08 14:00:00,Pediatrics,Pediatric Ward,40,30,10,0.75,75.0,4,1,3,AMBER,14,2,0
2026-07-08 15:00:00,Emergency,Emergency Department (ED),50,54,0,1.08,108.0,11,5,6,RED,15,2,0
2026-07-08 15:00:00,ICU,Intensive Care Unit (ICU),30,15,15,0.5,50.0,1,1,0,GREEN,15,2,0
2026-07-08 15:00:00,General Medicine,General Medicine Ward,120,129,0,1.075,107.5,11,2,9,RED,15,2,0
2026-07-08 15:00:00,Surgical Ward,Surgical & Post-Op Ward,80,30,50,0.375,37.5,2,2,0,GREEN,15,2,0
2026-07-08 15:00:00,Pediatrics,Pediatric Ward,40,30,10,0.75,75.0,0,0,0,AMBER,15,2,0
2026-07-08 16:00:00,Emergency,Emergency Department (ED),50,54,0,1.08,108.0,4,4,0,RED,16,2,0
2026-07-08 16:00:00,ICU,Intensive Care Unit (ICU),30,16,14,0.5333,53.3,1,0,1,GREEN,16,2,0
2026-07-08 16:00:00,General Medicine,General Medicine Ward,120,129,0,1.075,107.5,4,1,3,RED,16,2,0
2026-07-08 16:00:00,Surgical Ward,Surgical & Post-Op Ward,80,30,50,0.375,37.5,0,0,0,GREEN,16,2,0
2026-07-08 16:00:00,Pediatrics,Pediatric Ward,40,29,11,0.725,72.5,0,1,-1,AMBER,16,2,0
2026-07-08 17:00:00,Emergency,Emergency Department (ED),50,54,0,1.08,108.0,6,1,5,RED,17,2,0
2026-07-08 17:00:00,ICU,Intensive Care Unit (ICU),30,15,15,0.5,50.0,0,1,-1,GREEN,17,2,0
2026-07-08 17:00:00,General Medicine,General Medicine Ward,120,129,0,1.075,107.5,7,2,5,RED,17,2,0
2026-07-08 17:00:00,Surgical Ward,Surgical & Post-Op Ward,80,31,49,0.3875,38.8,3,2,1,GREEN,17,2,0
2026-07-08 17:00:00,Pediatrics,Pediatric Ward,40,27,13,0.675,67.5,0,2,-2,GREEN,17,2,0
2026-07-08 18:00:00,Emergency,Emergency Department (ED),50,54,0,1.08,108.0,6,3,3,RED,18,2,0
2026-07-08 18:00:00,ICU,Intensive Care Unit (ICU),30,15,15,0.5,50.0,1,1,0,GREEN,18,2,0
2026-07-08 18:00:00,General Medicine,General Medicine Ward,120,123,0,1.025,102.5,1,7,-6,RED,18,2,0
2026-07-08 18:00:00,Surgical Ward,Surgical & Post-Op Ward,80,32,48,0.4,40.0,1,0,1,GREEN,18,2,0
2026-07-08 18:00:00,Pediatrics,Pediatric Ward,40,27,13,0.675,67.5,0,0,0,GREEN,18,2,0
2026-07-08 19:00:00,Emergency,Emergency Department (ED),50,54,0,1.08,108.0,5,1,4,RED,19,2,0
2026-07-08 19:00:00,ICU,Intensive Care Unit (ICU),30,14,16,0.4667,46.7,0,1,-1,GREEN,19,2,0
2026-07-08 19:00:00,General Medicine,General Medicine Ward,120,122,0,1.0167,101.7,0,1,-1,RED,19,2,0
2026-07-08 19:00:00,Surgical Ward,Surgical & Post-Op Ward,80,35,45,0.4375,43.8,6,3,3,GREEN,19,2,0
2026-07-08 19:00:00,Pediatrics,Pediatric Ward,40,27,13,0.675,67.5,1,1,0,GREEN,19,2,0
2026-07-08 20:00:00,Emergency,Emergency Department (ED),50,54,0,1.08,108.0,5,3,2,RED,20,2,0
2026-07-08 20:00:00,ICU,Intensive Care Unit (ICU),30,15,15,0.5,50.0,1,0,1,GREEN,20,2,0
2026-07-08 20:00:00,General Medicine,General Medicine Ward,120,124,0,1.0333,103.3,4,2,2,RED,20,2,0
2026-07-08 20:00:00,Surgical Ward,Surgical & Post-Op Ward,80,33,47,0.4125,41.2,2,4,-2,GREEN,20,2,0
2026-07-08 20:00:00,Pediatrics,Pediatric Ward,40,26,14,0.65,65.0,0,1,-1,GREEN,20,2,0
2026-07-08 21:00:00,Emergency,Emergency Department (ED),50,54,0,1.08,108.0,2,0,2,RED,21,2,0
2026-07-08 21:00:00,ICU,Intensive Care Unit (ICU),30,15,15,0.5,50.0,0,0,0,GREEN,21,2,0
2026-07-08 21:00:00,General Medicine,General Medicine Ward,120,123,0,1.025,102.5,5,6,-1,RED,21,2,0
2026-07-08 21:00:00,Surgical Ward,Surgical & Post-Op Ward,80,33,47,0.4125,41.2,2,2,0,GREEN,21,2,0
2026-07-08 21:00:00,Pediatrics,Pediatric Ward,40,24,16,0.6,60.0,1,3,-2,GREEN,21,2,0
2026-07-08 22:00:00,Emergency,Emergency Department (ED),50,54,0,1.08,108.0,7,2,5,RED,22,2,0
2026-07-08 22:00:00,ICU,Intensive Care Unit (ICU),30,16,14,0.5333,53.3,1,0,1,GREEN,22,2,0
2026-07-08 22:00:00,General Medicine,General Medicine Ward,120,127,0,1.0583,105.8,5,1,4,RED,22,2,0
2026-07-08 22:00:00,Surgical Ward,Surgical & Post-Op Ward,80,32,48,0.4,40.0,0,1,-1,GREEN,22,2,0
2026-07-08 22:00:00,Pediatrics,Pediatric Ward,40,25,15,0.625,62.5,1,0,1,GREEN,22,2,0
2026-07-08 23:00:00,Emergency,Emergency Department (ED),50,54,0,1.08,108.0,3,2,1,RED,23,2,0
2026-07-08 23:00:00,ICU,Intensive Care Unit (ICU),30,15,15,0.5,50.0,0,1,-1,GREEN,23,2,0
2026-07-08 23:00:00,General Medicine,General Medicine Ward,120,129,0,1.075,107.5,5,3,2,RED,23,2,0
2026-07-08 23:00:00,Surgical Ward,Surgical & Post-Op Ward,80,32,48,0.4,40.0,3,3,0,GREEN,23,2,0
2026-07-08 23:00:00,Pediatrics,Pediatric Ward,40,25,15,0.625,62.5,2,2,0,GREEN,23,2,0
2026-07-09 00:00:00,Emergency,Emergency Department (ED),50,50,0,1.0,100.0,2,6,-4,RED,0,3,0
2026-07-09 00:00:00,ICU,Intensive Care Unit (ICU),30,14,16,0.4667,46.7,0,1,-1,GREEN,0,3,0
2026-07-09 00:00:00,General Medicine,General Medicine Ward,120,129,0,1.075,107.5,5,3,2,RED,0,3,0
2026-07-09 00:00:00,Surgical Ward,Surgical & Post-Op Ward,80,33,47,0.4125,41.2,1,0,1,GREEN,0,3,0
2026-07-09 00:00:00,Pediatrics,Pediatric Ward,40,23,17,0.575,57.5,0,2,-2,GREEN,0,3,0
2026-07-09 01:00:00,Emergency,Emergency Department (ED),50,53,0,1.06,106.0,5,2,3,RED,1,3,0
2026-07-09 01:00:00,ICU,Intensive Care Unit (ICU),30,15,15,0.5,50.0,1,0,1,GREEN,1,3,0
2026-07-09 01:00:00,General Medicine,General Medicine Ward,120,129,0,1.075,107.5,3,0,3,RED,1,3,0
2026-07-09 01:00:00,Surgical Ward,Surgical & Post-Op Ward,80,32,48,0.4,40.0,0,1,-1,GREEN,1,3,0
2026-07-09 01:00:00,Pediatrics,Pediatric Ward,40,24,16,0.6,60.0,3,2,1,GREEN,1,3,0
2026-07-09 02:00:00,Emergency,Emergency Department (ED),50,53,0,1.06,106.0,0,0,0,RED,2,3,0
2026-07-09 02:00:00,ICU,Intensive Care Unit (ICU),30,14,16,0.4667,46.7,0,1,-1,GREEN,2,3,0
2026-07-09 02:00:00,General Medicine,General Medicine Ward,120,129,0,1.075,107.5,3,0,3,RED,2,3,0
2026-07-09 02:00:00,Surgical Ward,Surgical & Post-Op Ward,80,32,48,0.4,40.0,0,0,0,GREEN,2,3,0
2026-07-09 02:00:00,Pediatrics,Pediatric Ward,40,24,16,0.6,60.0,1,1,0,GREEN,2,3,0
2026-07-09 03:00:00,Emergency,Emergency Department (ED),50,53,0,1.06,106.0,0,0,0,RED,3,3,0
2026-07-09 03:00:00,ICU,Intensive Care Unit (ICU),30,14,16,0.4667,46.7,0,0,0,GREEN,3,3,0
2026-07-09 03:00:00,General Medicine,General Medicine Ward,120,129,0,1.075,107.5,3,0,3,RED,3,3,0
2026-07-09 03:00:00,Surgical Ward,Surgical & Post-Op Ward,80,33,47,0.4125,41.2,1,0,1,GREEN,3,3,0
2026-07-09 03:00:00,Pediatrics,Pediatric Ward,40,26,14,0.65,65.0,2,0,2,GREEN,3,3,0
2026-07-09 04:00:00,Emergency,Emergency Department (ED),50,51,0,1.02,102.0,0,2,-2,RED,4,3,0
2026-07-09 04:00:00,ICU,Intensive Care Unit (ICU),30,15,15,0.5,50.0,1,0,1,GREEN,4,3,0
2026-07-09 04:00:00,General Medicine,General Medicine Ward,120,129,0,1.075,107.5,0,0,0,RED,4,3,0
2026-07-09 04:00:00,Surgical Ward,Surgical & Post-Op Ward,80,34,46,0.425,42.5,1,0,1,GREEN,4,3,0
2026-07-09 04:00:00,Pediatrics,Pediatric Ward,40,25,15,0.625,62.5,0,1,-1,GREEN,4,3,0
2026-07-09 05:00:00,Emergency,Emergency Department (ED),50,49,1,0.98,98.0,0,2,-2,RED,5,3,0
2026-07-09 05:00:00,ICU,Intensive Care Unit (ICU),30,15,15,0.5,50.0,0,0,0,GREEN,5,3,0
2026-07-09 05:00:00,General Medicine,General Medicine Ward,120,129,0,1.075,107.5,2,0,2,RED,5,3,0
2026-07-09 05:00:00,Surgical Ward,Surgical & Post-Op Ward,80,34,46,0.425,42.5,4,4,0,GREEN,5,3,0
2026-07-09 05:00:00,Pediatrics,Pediatric Ward,40,25,15,0.625,62.5,0,0,0,GREEN,5,3,0
2026-07-09 06:00:00,Emergency,Emergency Department (ED),50,51,0,1.02,102.0,2,0,2,RED,6,3,0
2026-07-09 06:00:00,ICU,Intensive Care Unit (ICU),30,16,14,0.5333,53.3,1,0,1,GREEN,6,3,0
2026-07-09 06:00:00,General Medicine,General Medicine Ward,120,128,0,1.0667,106.7,3,4,-1,RED,6,3,0
2026-07-09 06:00:00,Surgical Ward,Surgical & Post-Op Ward,80,36,44,0.45,45.0,3,1,2,GREEN,6,3,0
2026-07-09 06:00:00,Pediatrics,Pediatric Ward,40,27,13,0.675,67.5,2,0,2,GREEN,6,3,0
2026-07-09 07:00:00,Emergency,Emergency Department (ED),50,53,0,1.06,106.0,4,2,2,RED,7,3,0
2026-07-09 07:00:00,ICU,Intensive Care Unit (ICU),30,16,14,0.5333,53.3,0,0,0,GREEN,7,3,0
2026-07-09 07:00:00,General Medicine,General Medicine Ward,120,128,0,1.0667,106.7,5,5,0,RED,7,3,0
2026-07-09 07:00:00,Surgical Ward,Surgical & Post-Op Ward,80,37,43,0.4625,46.2,1,0,1,GREEN,7,3,0
2026-07-09 07:00:00,Pediatrics,Pediatric Ward,40,28,12,0.7,70.0,2,1,1,AMBER,7,3,0
2026-07-09 08:00:00,Emergency,Emergency Department (ED),50,53,0,1.06,106.0,3,3,0,RED,8,3,0
2026-07-09 08:00:00,ICU,Intensive Care Unit (ICU),30,16,14,0.5333,53.3,0,0,0,GREEN,8,3,0
2026-07-09 08:00:00,General Medicine,General Medicine Ward,120,129,0,1.075,107.5,3,2,1,RED,8,3,0
2026-07-09 08:00:00,Surgical Ward,Surgical & Post-Op Ward,80,41,39,0.5125,51.2,7,3,4,GREEN,8,3,0
2026-07-09 08:00:00,Pediatrics,Pediatric Ward,40,28,12,0.7,70.0,1,1,0,AMBER,8,3,0
2026-07-09 09:00:00,Emergency,Emergency Department (ED),50,54,0,1.08,108.0,8,2,6,RED,9,3,0
2026-07-09 09:00:00,ICU,Intensive Care Unit (ICU),30,15,15,0.5,50.0,0,1,-1,GREEN,9,3,0
2026-07-09 09:00:00,General Medicine,General Medicine Ward,120,129,0,1.075,107.5,6,3,3,RED,9,3,0
2026-07-09 09:00:00,Surgical Ward,Surgical & Post-Op Ward,80,43,37,0.5375,53.8,5,3,2,GREEN,9,3,0
2026-07-09 09:00:00,Pediatrics,Pediatric Ward,40,27,13,0.675,67.5,0,1,-1,GREEN,9,3,0
2026-07-09 10:00:00,Emergency,Emergency Department (ED),50,54,0,1.08,108.0,5,1,4,RED,10,3,0
2026-07-09 10:00:00,ICU,Intensive Care Unit (ICU),30,16,14,0.5333,53.3,1,0,1,GREEN,10,3,0
2026-07-09 10:00:00,General Medicine,General Medicine Ward,120,128,0,1.0667,106.7,4,5,-1,RED,10,3,0
2026-07-09 10:00:00,Surgical Ward,Surgical & Post-Op Ward,80,47,33,0.5875,58.8,7,3,4,GREEN,10,3,0
2026-07-09 10:00:00,Pediatrics,Pediatric Ward,40,27,13,0.675,67.5,1,1,0,GREEN,10,3,0
2026-07-09 11:00:00,Emergency,Emergency Department (ED),50,54,0,1.08,108.0,5,1,4,RED,11,3,0
2026-07-09 11:00:00,ICU,Intensive Care Unit (ICU),30,18,12,0.6,60.0,2,0,2,GREEN,11,3,0
2026-07-09 11:00:00,General Medicine,General Medicine Ward,120,123,0,1.025,102.5,1,6,-5,RED,11,3,0
2026-07-09 11:00:00,Surgical Ward,Surgical & Post-Op Ward,80,50,30,0.625,62.5,5,2,3,GREEN,11,3,0
2026-07-09 11:00:00,Pediatrics,Pediatric Ward,40,29,11,0.725,72.5,2,0,2,AMBER,11,3,0
2026-07-09 12:00:00,Emergency,Emergency Department (ED),50,51,0,1.02,102.0,3,6,-3,RED,12,3,0
2026-07-09 12:00:00,ICU,Intensive Care Unit (ICU),30,16,14,0.5333,53.3,0,2,-2,GREEN,12,3,0
2026-07-09 12:00:00,General Medicine,General Medicine Ward,120,124,0,1.0333,103.3,5,4,1,RED,12,3,0
2026-07-09 12:00:00,Surgical Ward,Surgical & Post-Op Ward,80,50,30,0.625,62.5,5,5,0,GREEN,12,3,0
2026-07-09 12:00:00,Pediatrics,Pediatric Ward,40,27,13,0.675,67.5,1,3,-2,GREEN,12,3,0
2026-07-09 13:00:00,Emergency,Emergency Department (ED),50,50,0,1.0,100.0,1,2,-1,RED,13,3,0
2026-07-09 13:00:00,ICU,Intensive Care Unit (ICU),30,17,13,0.5667,56.7,2,1,1,GREEN,13,3,0
2026-07-09 13:00:00,General Medicine,General Medicine Ward,120,127,0,1.0583,105.8,5,2,3,RED,13,3,0
2026-07-09 13:00:00,Surgical Ward,Surgical & Post-Op Ward,80,52,28,0.65,65.0,3,1,2,GREEN,13,3,0
2026-07-09 13:00:00,Pediatrics,Pediatric Ward,40,26,14,0.65,65.0,0,1,-1,GREEN,13,3,0
2026-07-09 14:00:00,Emergency,Emergency Department (ED),50,46,4,0.92,92.0,1,5,-4,RED,14,3,0
2026-07-09 14:00:00,ICU,Intensive Care Unit (ICU),30,17,13,0.5667,56.7,0,0,0,GREEN,14,3,0
2026-07-09 14:00:00,General Medicine,General Medicine Ward,120,129,0,1.075,107.5,9,5,4,RED,14,3,0
2026-07-09 14:00:00,Surgical Ward,Surgical & Post-Op Ward,80,52,28,0.65,65.0,6,6,0,GREEN,14,3,0
2026-07-09 14:00:00,Pediatrics,Pediatric Ward,40,23,17,0.575,57.5,0,3,-3,GREEN,14,3,0
2026-07-09 15:00:00,Emergency,Emergency Department (ED),50,52,0,1.04,104.0,7,1,6,RED,15,3,0
2026-07-09 15:00:00,ICU,Intensive Care Unit (ICU),30,16,14,0.5333,53.3,0,1,-1,GREEN,15,3,0
2026-07-09 15:00:00,General Medicine,General Medicine Ward,120,127,0,1.0583,105.8,3,5,-2,RED,15,3,0
2026-07-09 15:00:00,Surgical Ward,Surgical & Post-Op Ward,80,55,25,0.6875,68.8,4,1,3,GREEN,15,3,0
2026-07-09 15:00:00,Pediatrics,Pediatric Ward,40,22,18,0.55,55.0,0,1,-1,GREEN,15,3,0
2026-07-09 16:00:00,Emergency,Emergency Department (ED),50,54,0,1.08,108.0,6,0,6,RED,16,3,0
2026-07-09 16:00:00,ICU,Intensive Care Unit (ICU),30,17,13,0.5667,56.7,1,0,1,GREEN,16,3,0
2026-07-09 16:00:00,General Medicine,General Medicine Ward,120,129,0,1.075,107.5,9,3,6,RED,16,3,0
2026-07-09 16:00:00,Surgical Ward,Surgical & Post-Op Ward,80,60,20,0.75,75.0,7,2,5,AMBER,16,3,0
2026-07-09 16:00:00,Pediatrics,Pediatric Ward,40,24,16,0.6,60.0,4,2,2,GREEN,16,3,0
2026-07-09 17:00:00,Emergency,Emergency Department (ED),50,54,0,1.08,108.0,6,0,6,RED,17,3,0
2026-07-09 17:00:00,ICU,Intensive Care Unit (ICU),30,18,12,0.6,60.0,1,0,1,GREEN,17,3,0
2026-07-09 17:00:00,General Medicine,General Medicine Ward,120,129,0,1.075,107.5,7,1,6,RED,17,3,0
2026-07-09 17:00:00,Surgical Ward,Surgical & Post-Op Ward,80,62,18,0.775,77.5,4,2,2,AMBER,17,3,0
2026-07-09 17:00:00,Pediatrics,Pediatric Ward,40,24,16,0.6,60.0,1,1,0,GREEN,17,3,0
2026-07-09 18:00:00,Emergency,Emergency Department (ED),50,50,0,1.0,100.0,0,4,-4,RED,18,3,0
2026-07-09 18:00:00,ICU,Intensive Care Unit (ICU),30,17,13,0.5667,56.7,1,2,-1,GREEN,18,3,0
2026-07-09 18:00:00,General Medicine,General Medicine Ward,120,128,0,1.0667,106.7,5,6,-1,RED,18,3,0
2026-07-09 18:00:00,Surgical Ward,Surgical & Post-Op Ward,80,62,18,0.775,77.5,1,1,0,AMBER,18,3,0
2026-07-09 18:00:00,Pediatrics,Pediatric Ward,40,24,16,0.6,60.0,1,1,0,GREEN,18,3,0
2026-07-09 19:00:00,Emergency,Emergency Department (ED),50,54,0,1.08,108.0,6,0,6,RED,19,3,0
2026-07-09 19:00:00,ICU,Intensive Care Unit (ICU),30,18,12,0.6,60.0,1,0,1,GREEN,19,3,0
2026-07-09 19:00:00,General Medicine,General Medicine Ward,120,128,0,1.0667,106.7,1,1,0,RED,19,3,0
2026-07-09 19:00:00,Surgical Ward,Surgical & Post-Op Ward,80,64,16,0.8,80.0,3,1,2,AMBER,19,3,0
2026-07-09 19:00:00,Pediatrics,Pediatric Ward,40,25,15,0.625,62.5,1,0,1,GREEN,19,3,0
2026-07-09 20:00:00,Emergency,Emergency Department (ED),50,54,0,1.08,108.0,4,0,4,RED,20,3,0
2026-07-09 20:00:00,ICU,Intensive Care Unit (ICU),30,17,13,0.5667,56.7,0,1,-1,GREEN,20,3,0
2026-07-09 20:00:00,General Medicine,General Medicine Ward,120,128,0,1.0667,106.7,5,5,0,RED,20,3,0
2026-07-09 20:00:00,Surgical Ward,Surgical & Post-Op Ward,80,62,18,0.775,77.5,2,4,-2,AMBER,20,3,0
2026-07-09 20:00:00,Pediatrics,Pediatric Ward,40,23,17,0.575,57.5,0,2,-2,GREEN,20,3,0
2026-07-09 21:00:00,Emergency,Emergency Department (ED),50,54,0,1.08,108.0,8,1,7,RED,21,3,0
2026-07-09 21:00:00,ICU,Intensive Care Unit (ICU),30,18,12,0.6,60.0,1,0,1,GREEN,21,3,0
2026-07-09 21:00:00,General Medicine,General Medicine Ward,120,129,0,1.075,107.5,6,5,1,RED,21,3,0
2026-07-09 21:00:00,Surgical Ward,Surgical & Post-Op Ward,80,66,14,0.825,82.5,5,1,4,AMBER,21,3,0
2026-07-09 21:00:00,Pediatrics,Pediatric Ward,40,23,17,0.575,57.5,0,0,0,GREEN,21,3,0
2026-07-09 22:00:00,Emergency,Emergency Department (ED),50,54,0,1.08,108.0,3,2,1,RED,22,3,0
2026-07-09 22:00:00,ICU,Intensive Care Unit (ICU),30,18,12,0.6,60.0,0,0,0,GREEN,22,3,0
2026-07-09 22:00:00,General Medicine,General Medicine Ward,120,129,0,1.075,107.5,6,4,2,RED,22,3,0
2026-07-09 22:00:00,Surgical Ward,Surgical & Post-Op Ward,80,69,11,0.8625,86.2,4,1,3,AMBER,22,3,0
2026-07-09 22:00:00,Pediatrics,Pediatric Ward,40,22,18,0.55,55.0,1,2,-1,GREEN,22,3,0
2026-07-09 23:00:00,Emergency,Emergency Department (ED),50,53,0,1.06,106.0,1,2,-1,RED,23,3,0
2026-07-09 23:00:00,ICU,Intensive Care Unit (ICU),30,19,11,0.6333,63.3,1,0,1,GREEN,23,3,0
2026-07-09 23:00:00,General Medicine,General Medicine Ward,120,129,0,1.075,107.5,8,2,6,RED,23,3,0
2026-07-09 23:00:00,Surgical Ward,Surgical & Post-Op Ward,80,72,8,0.9,90.0,4,1,3,RED,23,3,0
2026-07-09 23:00:00,Pediatrics,Pediatric Ward,40,22,18,0.55,55.0,1,1,0,GREEN,23,3,0
2026-07-10 00:00:00,Emergency,Emergency Department (ED),50,54,0,1.08,108.0,5,2,3,RED,0,4,0
2026-07-10 00:00:00,ICU,Intensive Care Unit (ICU),30,21,9,0.7,70.0,2,0,2,GREEN,0,4,0
2026-07-10 00:00:00,General Medicine,General Medicine Ward,120,129,0,1.075,107.5,3,2,1,RED,0,4,0
2026-07-10 00:00:00,Surgical Ward,Surgical & Post-Op Ward,80,72,8,0.9,90.0,0,0,0,RED,0,4,0
2026-07-10 00:00:00,Pediatrics,Pediatric Ward,40,23,17,0.575,57.5,2,1,1,GREEN,0,4,0
2026-07-10 01:00:00,Emergency,Emergency Department (ED),50,53,0,1.06,106.0,4,5,-1,RED,1,4,0
2026-07-10 01:00:00,ICU,Intensive Care Unit (ICU),30,21,9,0.7,70.0,0,0,0,GREEN,1,4,0
2026-07-10 01:00:00,General Medicine,General Medicine Ward,120,129,0,1.075,107.5,1,0,1,RED,1,4,0
2026-07-10 01:00:00,Surgical Ward,Surgical & Post-Op Ward,80,72,8,0.9,90.0,0,0,0,RED,1,4,0
2026-07-10 01:00:00,Pediatrics,Pediatric Ward,40,22,18,0.55,55.0,0,1,-1,GREEN,1,4,0
2026-07-10 02:00:00,Emergency,Emergency Department (ED),50,53,0,1.06,106.0,0,0,0,RED,2,4,0
2026-07-10 02:00:00,ICU,Intensive Care Unit (ICU),30,22,8,0.7333,73.3,1,0,1,GREEN,2,4,0
2026-07-10 02:00:00,General Medicine,General Medicine Ward,120,129,0,1.075,107.5,0,0,0,RED,2,4,0
2026-07-10 02:00:00,Surgical Ward,Surgical & Post-Op Ward,80,74,6,0.925,92.5,2,0,2,RED,2,4,0
2026-07-10 02:00:00,Pediatrics,Pediatric Ward,40,22,18,0.55,55.0,0,0,0,GREEN,2,4,0
2026-07-10 03:00:00,Emergency,Emergency Department (ED),50,54,0,1.08,108.0,1,0,1,RED,3,4,0
2026-07-10 03:00:00,ICU,Intensive Care Unit (ICU),30,21,9,0.7,70.0,0,1,-1,GREEN,3,4,0
2026-07-10 03:00:00,General Medicine,General Medicine Ward,120,129,0,1.075,107.5,2,0,2,RED,3,4,0
2026-07-10 03:00:00,Surgical Ward,Surgical & Post-Op Ward,80,73,7,0.9125,91.2,0,1,-1,RED,3,4,0
2026-07-10 03:00:00,Pediatrics,Pediatric Ward,40,22,18,0.55,55.0,1,1,0,GREEN,3,4,0
2026-07-10 04:00:00,Emergency,Emergency Department (ED),50,54,0,1.08,108.0,2,0,2,RED,4,4,0
2026-07-10 04:00:00,ICU,Intensive Care Unit (ICU),30,21,9,0.7,70.0,0,0,0,GREEN,4,4,0
2026-07-10 04:00:00,General Medicine,General Medicine Ward,120,129,0,1.075,107.5,3,0,3,RED,4,4,0
2026-07-10 04:00:00,Surgical Ward,Surgical & Post-Op Ward,80,73,7,0.9125,91.2,0,0,0,RED,4,4,0
2026-07-10 04:00:00,Pediatrics,Pediatric Ward,40,21,19,0.525,52.5,0,1,-1,GREEN,4,4,0
2026-07-10 05:00:00,Emergency,Emergency Department (ED),50,54,0,1.08,108.0,0,0,0,RED,5,4,0
2026-07-10 05:00:00,ICU,Intensive Care Unit (ICU),30,21,9,0.7,70.0,0,0,0,GREEN,5,4,0
2026-07-10 05:00:00,General Medicine,General Medicine Ward,120,129,0,1.075,107.5,0,0,0,RED,5,4,0
2026-07-10 05:00:00,Surgical Ward,Surgical & Post-Op Ward,80,71,9,0.8875,88.8,0,2,-2,AMBER,5,4,0
2026-07-10 05:00:00,Pediatrics,Pediatric Ward,40,22,18,0.55,55.0,1,0,1,GREEN,5,4,0
2026-07-10 06:00:00,Emergency,Emergency Department (ED),50,54,0,1.08,108.0,0,0,0,RED,6,4,0
2026-07-10 06:00:00,ICU,Intensive Care Unit (ICU),30,22,8,0.7333,73.3,1,0,1,GREEN,6,4,0
2026-07-10 06:00:00,General Medicine,General Medicine Ward,120,128,0,1.0667,106.7,1,2,-1,RED,6,4,0
2026-07-10 06:00:00,Surgical Ward,Surgical & Post-Op Ward,80,73,7,0.9125,91.2,4,2,2,RED,6,4,0
2026-07-10 06:00:00,Pediatrics,Pediatric Ward,40,24,16,0.6,60.0,2,0,2,GREEN,6,4,0
2026-07-10 07:00:00,Emergency,Emergency Department (ED),50,54,0,1.08,108.0,3,2,1,RED,7,4,0
2026-07-10 07:00:00,ICU,Intensive Care Unit (ICU),30,22,8,0.7333,73.3,0,0,0,GREEN,7,4,0
2026-07-10 07:00:00,General Medicine,General Medicine Ward,120,129,0,1.075,107.5,7,2,5,RED,7,4,0
2026-07-10 07:00:00,Surgical Ward,Surgical & Post-Op Ward,80,75,5,0.9375,93.8,2,0,2,RED,7,4,0
2026-07-10 07:00:00,Pediatrics,Pediatric Ward,40,24,16,0.6,60.0,0,0,0,GREEN,7,4,0
2026-07-10 08:00:00,Emergency,Emergency Department (ED),50,54,0,1.08,108.0,5,2,3,RED,8,4,0
2026-07-10 08:00:00,ICU,Intensive Care Unit (ICU),30,22,8,0.7333,73.3,0,0,0,GREEN,8,4,0
2026-07-10 08:00:00,General Medicine,General Medicine Ward,120,129,0,1.075,107.5,3,2,1,RED,8,4,0
2026-07-10 08:00:00,Surgical Ward,Surgical & Post-Op Ward,80,75,5,0.9375,93.8,0,0,0,RED,8,4,0
2026-07-10 08:00:00,Pediatrics,Pediatric Ward,40,26,14,0.65,65.0,2,0,2,GREEN,8,4,0
2026-07-10 09:00:00,Emergency,Emergency Department (ED),50,52,0,1.04,104.0,0,2,-2,RED,9,4,0
2026-07-10 09:00:00,ICU,Intensive Care Unit (ICU),30,22,8,0.7333,73.3,0,0,0,GREEN,9,4,0
2026-07-10 09:00:00,General Medicine,General Medicine Ward,120,129,0,1.075,107.5,1,1,0,RED,9,4,0
2026-07-10 09:00:00,Surgical Ward,Surgical & Post-Op Ward,80,75,5,0.9375,93.8,4,4,0,RED,9,4,0
2026-07-10 09:00:00,Pediatrics,Pediatric Ward,40,29,11,0.725,72.5,3,0,3,AMBER,9,4,0
2026-07-10 10:00:00,Emergency,Emergency Department (ED),50,49,1,0.98,98.0,0,3,-3,RED,10,4,0
2026-07-10 10:00:00,ICU,Intensive Care Unit (ICU),30,22,8,0.7333,73.3,0,0,0,GREEN,10,4,0
2026-07-10 10:00:00,General Medicine,General Medicine Ward,120,128,0,1.0667,106.7,1,2,-1,RED,10,4,0
2026-07-10 10:00:00,Surgical Ward,Surgical & Post-Op Ward,80,75,5,0.9375,93.8,5,5,0,RED,10,4,0
2026-07-10 10:00:00,Pediatrics,Pediatric Ward,40,30,10,0.75,75.0,1,0,1,AMBER,10,4,0
2026-07-10 11:00:00,Emergency,Emergency Department (ED),50,49,1,0.98,98.0,4,4,0,RED,11,4,0
2026-07-10 11:00:00,ICU,Intensive Care Unit (ICU),30,24,6,0.8,80.0,2,0,2,AMBER,11,4,0
2026-07-10 11:00:00,General Medicine,General Medicine Ward,120,129,0,1.075,107.5,6,4,2,RED,11,4,0
2026-07-10 11:00:00,Surgical Ward,Surgical & Post-Op Ward,80,71,9,0.8875,88.8,1,5,-4,AMBER,11,4,0
2026-07-10 11:00:00,Pediatrics,Pediatric Ward,40,30,10,0.75,75.0,3,3,0,AMBER,11,4,0
2026-07-10 12:00:00,Emergency,Emergency Department (ED),50,49,1,0.98,98.0,5,5,0,RED,12,4,0
2026-07-10 12:00:00,ICU,Intensive Care Unit (ICU),30,24,6,0.8,80.0,0,0,0,AMBER,12,4,0
2026-07-10 12:00:00,General Medicine,General Medicine Ward,120,128,0,1.0667,106.7,3,4,-1,RED,12,4,0
2026-07-10 12:00:00,Surgical Ward,Surgical & Post-Op Ward,80,69,11,0.8625,86.2,1,3,-2,AMBER,12,4,0
2026-07-10 12:00:00,Pediatrics,Pediatric Ward,40,32,8,0.8,80.0,3,1,2,AMBER,12,4,0
2026-07-10 13:00:00,Emergency,Emergency Department (ED),50,45,5,0.9,90.0,2,6,-4,RED,13,4,0
2026-07-10 13:00:00,ICU,Intensive Care Unit (ICU),30,24,6,0.8,80.0,0,0,0,AMBER,13,4,0
2026-07-10 13:00:00,General Medicine,General Medicine Ward,120,127,0,1.0583,105.8,0,1,-1,RED,13,4,0
2026-07-10 13:00:00,Surgical Ward,Surgical & Post-Op Ward,80,70,10,0.875,87.5,4,3,1,AMBER,13,4,0
2026-07-10 13:00:00,Pediatrics,Pediatric Ward,40,31,9,0.775,77.5,3,4,-1,AMBER,13,4,0
2026-07-10 14:00:00,Emergency,Emergency Department (ED),50,44,6,0.88,88.0,3,4,-1,AMBER,14,4,0
2026-07-10 14:00:00,ICU,Intensive Care Unit (ICU),30,24,6,0.8,80.0,1,1,0,AMBER,14,4,0
2026-07-10 14:00:00,General Medicine,General Medicine Ward,120,129,0,1.075,107.5,9,4,5,RED,14,4,0
2026-07-10 14:00:00,Surgical Ward,Surgical & Post-Op Ward,80,77,3,0.9625,96.2,7,0,7,RED,14,4,0
2026-07-10 14:00:00,Pediatrics,Pediatric Ward,40,30,10,0.75,75.0,2,3,-1,AMBER,14,4,0
2026-07-10 15:00:00,Emergency,Emergency Department (ED),50,47,3,0.94,94.0,6,3,3,RED,15,4,0
2026-07-10 15:00:00,ICU,Intensive Care Unit (ICU),30,22,8,0.7333,73.3,0,2,-2,GREEN,15,4,0
2026-07-10 15:00:00,General Medicine,General Medicine Ward,120,129,0,1.075,107.5,9,2,7,RED,15,4,0
2026-07-10 15:00:00,Surgical Ward,Surgical & Post-Op Ward,80,76,4,0.95,95.0,0,1,-1,RED,15,4,0
2026-07-10 15:00:00,Pediatrics,Pediatric Ward,40,30,10,0.75,75.0,0,0,0,AMBER,15,4,0
2026-07-10 16:00:00,Emergency,Emergency Department (ED),50,49,1,0.98,98.0,5,3,2,RED,16,4,0
2026-07-10 16:00:00,ICU,Intensive Care Unit (ICU),30,22,8,0.7333,73.3,0,0,0,GREEN,16,4,0
2026-07-10 16:00:00,General Medicine,General Medicine Ward,120,129,0,1.075,107.5,9,3,6,RED,16,4,0
2026-07-10 16:00:00,Surgical Ward,Surgical & Post-Op Ward,80,81,0,1.0125,101.2,6,1,5,RED,16,4,0
2026-07-10 16:00:00,Pediatrics,Pediatric Ward,40,32,8,0.8,80.0,2,0,2,AMBER,16,4,0
2026-07-10 17:00:00,Emergency,Emergency Department (ED),50,49,1,0.98,98.0,4,4,0,RED,17,4,0
2026-07-10 17:00:00,ICU,Intensive Care Unit (ICU),30,22,8,0.7333,73.3,1,1,0,GREEN,17,4,0
2026-07-10 17:00:00,General Medicine,General Medicine Ward,120,129,0,1.075,107.5,8,2,6,RED,17,4,0
2026-07-10 17:00:00,Surgical Ward,Surgical & Post-Op Ward,80,81,0,1.0125,101.2,0,0,0,RED,17,4,0
2026-07-10 17:00:00,Pediatrics,Pediatric Ward,40,37,3,0.925,92.5,5,0,5,RED,17,4,0
2026-07-10 18:00:00,Emergency,Emergency Department (ED),50,54,0,1.08,108.0,7,1,6,RED,18,4,0
2026-07-10 18:00:00,ICU,Intensive Care Unit (ICU),30,21,9,0.7,70.0,0,1,-1,GREEN,18,4,0
2026-07-10 18:00:00,General Medicine,General Medicine Ward,120,129,0,1.075,107.5,6,5,1,RED,18,4,0
2026-07-10 18:00:00,Surgical Ward,Surgical & Post-Op Ward,80,80,0,1.0,100.0,2,3,-1,RED,18,4,0
2026-07-10 18:00:00,Pediatrics,Pediatric Ward,40,36,4,0.9,90.0,2,3,-1,RED,18,4,0
2026-07-10 19:00:00,Emergency,Emergency Department (ED),50,54,0,1.08,108.0,6,4,2,RED,19,4,0
2026-07-10 19:00:00,ICU,Intensive Care Unit (ICU),30,19,11,0.6333,63.3,0,2,-2,GREEN,19,4,0
2026-07-10 19:00:00,General Medicine,General Medicine Ward,120,129,0,1.075,107.5,7,1,6,RED,19,4,0
2026-07-10 19:00:00,Surgical Ward,Surgical & Post-Op Ward,80,84,0,1.05,105.0,5,1,4,RED,19,4,0
2026-07-10 19:00:00,Pediatrics,Pediatric Ward,40,37,3,0.925,92.5,1,0,1,RED,19,4,0
2026-07-10 20:00:00,Emergency,Emergency Department (ED),50,53,0,1.06,106.0,1,2,-1,RED,20,4,0
2026-07-10 20:00:00,ICU,Intensive Care Unit (ICU),30,18,12,0.6,60.0,0,1,-1,GREEN,20,4,0
2026-07-10 20:00:00,General Medicine,General Medicine Ward,120,129,0,1.075,107.5,2,2,0,RED,20,4,0
2026-07-10 20:00:00,Surgical Ward,Surgical & Post-Op Ward,80,82,0,1.025,102.5,1,3,-2,RED,20,4,0
2026-07-10 20:00:00,Pediatrics,Pediatric Ward,40,36,4,0.9,90.0,1,2,-1,RED,20,4,0
2026-07-10 21:00:00,Emergency,Emergency Department (ED),50,53,0,1.06,106.0,3,3,0,RED,21,4,0
2026-07-10 21:00:00,ICU,Intensive Care Unit (ICU),30,19,11,0.6333,63.3,1,0,1,GREEN,21,4,0
2026-07-10 21:00:00,General Medicine,General Medicine Ward,120,129,0,1.075,107.5,3,3,0,RED,21,4,0
2026-07-10 21:00:00,Surgical Ward,Surgical & Post-Op Ward,80,83,0,1.0375,103.8,3,2,1,RED,21,4,0
2026-07-10 21:00:00,Pediatrics,Pediatric Ward,40,36,4,0.9,90.0,0,0,0,RED,21,4,0
2026-07-10 22:00:00,Emergency,Emergency Department (ED),50,48,2,0.96,96.0,2,7,-5,RED,22,4,0
2026-07-10 22:00:00,ICU,Intensive Care Unit (ICU),30,20,10,0.6667,66.7,1,0,1,GREEN,22,4,0
2026-07-10 22:00:00,General Medicine,General Medicine Ward,120,129,0,1.075,107.5,3,1,2,RED,22,4,0
2026-07-10 22:00:00,Surgical Ward,Surgical & Post-Op Ward,80,86,0,1.075,107.5,7,3,4,RED,22,4,0
2026-07-10 22:00:00,Pediatrics,Pediatric Ward,40,35,5,0.875,87.5,1,2,-1,AMBER,22,4,0
2026-07-10 23:00:00,Emergency,Emergency Department (ED),50,52,0,1.04,104.0,5,1,4,RED,23,4,0
2026-07-10 23:00:00,ICU,Intensive Care Unit (ICU),30,20,10,0.6667,66.7,0,0,0,GREEN,23,4,0
2026-07-10 23:00:00,General Medicine,General Medicine Ward,120,129,0,1.075,107.5,3,3,0,RED,23,4,0
2026-07-10 23:00:00,Surgical Ward,Surgical & Post-Op Ward,80,85,0,1.0625,106.2,2,3,-1,RED,23,4,0
2026-07-10 23:00:00,Pediatrics,Pediatric Ward,40,36,4,0.9,90.0,2,1,1,RED,23,4,0
2026-07-11 00:00:00,Emergency,Emergency Department (ED),50,54,0,1.08,108.0,5,0,5,RED,0,5,1
2026-07-11 00:00:00,ICU,Intensive Care Unit (ICU),30,20,10,0.6667,66.7,0,0,0,GREEN,0,5,1
2026-07-11 00:00:00,General Medicine,General Medicine Ward,120,127,0,1.0583,105.8,3,5,-2,RED,0,5,1
2026-07-11 00:00:00,Surgical Ward,Surgical & Post-Op Ward,80,85,0,1.0625,106.2,0,0,0,RED,0,5,1
2026-07-11 00:00:00,Pediatrics,Pediatric Ward,40,38,2,0.95,95.0,4,2,2,RED,0,5,1
2026-07-11 01:00:00,Emergency,Emergency Department (ED),50,54,0,1.08,108.0,6,1,5,RED,1,5,1
2026-07-11 01:00:00,ICU,Intensive Care Unit (ICU),30,21,9,0.7,70.0,1,0,1,GREEN,1,5,1
2026-07-11 01:00:00,General Medicine,General Medicine Ward,120,127,0,1.0583,105.8,1,1,0,RED,1,5,1
2026-07-11 01:00:00,Surgical Ward,Surgical & Post-Op Ward,80,86,0,1.075,107.5,2,0,2,RED,1,5,1
2026-07-11 01:00:00,Pediatrics,Pediatric Ward,40,38,2,0.95,95.0,2,2,0,RED,1,5,1
2026-07-11 02:00:00,Emergency,Emergency Department (ED),50,54,0,1.08,108.0,1,0,1,RED,2,5,1
2026-07-11 02:00:00,ICU,Intensive Care Unit (ICU),30,20,10,0.6667,66.7,1,2,-1,GREEN,2,5,1
2026-07-11 02:00:00,General Medicine,General Medicine Ward,120,129,0,1.075,107.5,2,0,2,RED,2,5,1
2026-07-11 02:00:00,Surgical Ward,Surgical & Post-Op Ward,80,86,0,1.075,107.5,1,0,1,RED,2,5,1
2026-07-11 02:00:00,Pediatrics,Pediatric Ward,40,37,3,0.925,92.5,0,1,-1,RED,2,5,1
2026-07-11 03:00:00,Emergency,Emergency Department (ED),50,54,0,1.08,108.0,2,0,2,RED,3,5,1
2026-07-11 03:00:00,ICU,Intensive Care Unit (ICU),30,19,11,0.6333,63.3,0,1,-1,GREEN,3,5,1
2026-07-11 03:00:00,General Medicine,General Medicine Ward,120,129,0,1.075,107.5,2,0,2,RED,3,5,1
2026-07-11 03:00:00,Surgical Ward,Surgical & Post-Op Ward,80,86,0,1.075,107.5,0,0,0,RED,3,5,1
2026-07-11 03:00:00,Pediatrics,Pediatric Ward,40,37,3,0.925,92.5,0,0,0,RED,3,5,1
2026-07-11 04:00:00,Emergency,Emergency Department (ED),50,54,0,1.08,108.0,2,0,2,RED,4,5,1
2026-07-11 04:00:00,ICU,Intensive Care Unit (ICU),30,18,12,0.6,60.0,0,1,-1,GREEN,4,5,1
2026-07-11 04:00:00,General Medicine,General Medicine Ward,120,128,0,1.0667,106.7,0,1,-1,RED,4,5,1
2026-07-11 04:00:00,Surgical Ward,Surgical & Post-Op Ward,80,85,0,1.0625,106.2,0,1,-1,RED,4,5,1
2026-07-11 04:00:00,Pediatrics,Pediatric Ward,40,37,3,0.925,92.5,0,0,0,RED,4,5,1
2026-07-11 05:00:00,Emergency,Emergency Department (ED),50,54,0,1.08,108.0,0,0,0,RED,5,5,1
2026-07-11 05:00:00,ICU,Intensive Care Unit (ICU),30,18,12,0.6,60.0,0,0,0,GREEN,5,5,1
2026-07-11 05:00:00,General Medicine,General Medicine Ward,120,127,0,1.0583,105.8,0,1,-1,RED,5,5,1
2026-07-11 05:00:00,Surgical Ward,Surgical & Post-Op Ward,80,82,0,1.025,102.5,1,4,-3,RED,5,5,1
2026-07-11 05:00:00,Pediatrics,Pediatric Ward,40,37,3,0.925,92.5,1,1,0,RED,5,5,1
2026-07-11 06:00:00,Emergency,Emergency Department (ED),50,54,0,1.08,108.0,0,0,0,RED,6,5,1
2026-07-11 06:00:00,ICU,Intensive Care Unit (ICU),30,16,14,0.5333,53.3,0,2,-2,GREEN,6,5,1
2026-07-11 06:00:00,General Medicine,General Medicine Ward,120,124,0,1.0333,103.3,3,6,-3,RED,6,5,1
2026-07-11 06:00:00,Surgical Ward,Surgical & Post-Op Ward,80,83,0,1.0375,103.8,2,1,1,RED,6,5,1
2026-07-11 06:00:00,Pediatrics,Pediatric Ward,40,37,3,0.925,92.5,0,0,0,RED,6,5,1
2026-07-11 07:00:00,Emergency,Emergency Department (ED),50,54,0,1.08,108.0,3,2,1,RED,7,5,1
2026-07-11 07:00:00,ICU,Intensive Care Unit (ICU),30,17,13,0.5667,56.7,2,1,1,GREEN,7,5,1
2026-07-11 07:00:00,General Medicine,General Medicine Ward,120,129,0,1.075,107.5,6,0,6,RED,7,5,1
2026-07-11 07:00:00,Surgical Ward,Surgical & Post-Op Ward,80,82,0,1.025,102.5,0,1,-1,RED,7,5,1
2026-07-11 07:00:00,Pediatrics,Pediatric Ward,40,38,2,0.95,95.0,4,3,1,RED,7,5,1
2026-07-11 08:00:00,Emergency,Emergency Department (ED),50,54,0,1.08,108.0,3,3,0,RED,8,5,1
2026-07-11 08:00:00,ICU,Intensive Care Unit (ICU),30,16,14,0.5333,53.3,1,2,-1,GREEN,8,5,1
2026-07-11 08:00:00,General Medicine,General Medicine Ward,120,127,0,1.0583,105.8,4,6,-2,RED,8,5,1
2026-07-11 08:00:00,Surgical Ward,Surgical & Post-Op Ward,80,83,0,1.0375,103.8,2,1,1,RED,8,5,1
2026-07-11 08:00:00,Pediatrics,Pediatric Ward,40,38,2,0.95,95.0,0,0,0,RED,8,5,1
2026-07-11 09:00:00,Emergency,Emergency Department (ED),50,54,0,1.08,108.0,5,4,1,RED,9,5,1
2026-07-11 09:00:00,ICU,Intensive Care Unit (ICU),30,18,12,0.6,60.0,3,1,2,GREEN,9,5,1
2026-07-11 09:00:00,General Medicine,General Medicine Ward,120,128,0,1.0667,106.7,3,2,1,RED,9,5,1
2026-07-11 09:00:00,Surgical Ward,Surgical & Post-Op Ward,80,80,0,1.0,100.0,2,5,-3,RED,9,5,1
2026-07-11 09:00:00,Pediatrics,Pediatric Ward,40,38,2,0.95,95.0,0,0,0,RED,9,5,1
2026-07-11 10:00:00,Emergency,Emergency Department (ED),50,47,3,0.94,94.0,1,8,-7,RED,10,5,1
2026-07-11 10:00:00,ICU,Intensive Care Unit (ICU),30,19,11,0.6333,63.3,1,0,1,GREEN,10,5,1
2026-07-11 10:00:00,General Medicine,General Medicine Ward,120,124,0,1.0333,103.3,3,7,-4,RED,10,5,1
2026-07-11 10:00:00,Surgical Ward,Surgical & Post-Op Ward,80,77,3,0.9625,96.2,1,4,-3,RED,10,5,1
2026-07-11 10:00:00,Pediatrics,Pediatric Ward,40,38,2,0.95,95.0,2,2,0,RED,10,5,1
2026-07-11 11:00:00,Emergency,Emergency Department (ED),50,46,4,0.92,92.0,4,5,-1,RED,11,5,1
2026-07-11 11:00:00,ICU,Intensive Care Unit (ICU),30,19,11,0.6333,63.3,0,0,0,GREEN,11,5,1
2026-07-11 11:00:00,General Medicine,General Medicine Ward,120,123,0,1.025,102.5,3,4,-1,RED,11,5,1
2026-07-11 11:00:00,Surgical Ward,Surgical & Post-Op Ward,80,72,8,0.9,90.0,1,6,-5,RED,11,5,1
2026-07-11 11:00:00,Pediatrics,Pediatric Ward,40,38,2,0.95,95.0,1,1,0,RED,11,5,1
2026-07-11 12:00:00,Emergency,Emergency Department (ED),50,47,3,0.94,94.0,4,3,1,RED,12,5,1
2026-07-11 12:00:00,ICU,Intensive Care Unit (ICU),30,19,11,0.6333,63.3,0,0,0,GREEN,12,5,1
2026-07-11 12:00:00,General Medicine,General Medicine Ward,120,119,1,0.9917,99.2,0,4,-4,RED,12,5,1
2026-07-11 12:00:00,Surgical Ward,Surgical & Post-Op Ward,80,68,12,0.85,85.0,2,6,-4,AMBER,12,5,1
2026-07-11 12:00:00,Pediatrics,Pediatric Ward,40,37,3,0.925,92.5,1,2,-1,RED,12,5,1
2026-07-11 13:00:00,Emergency,Emergency Department (ED),50,48,2,0.96,96.0,5,4,1,RED,13,5,1
2026-07-11 13:00:00,ICU,Intensive Care Unit (ICU),30,18,12,0.6,60.0,0,1,-1,GREEN,13,5,1
2026-07-11 13:00:00,General Medicine,General Medicine Ward,120,123,0,1.025,102.5,6,2,4,RED,13,5,1
2026-07-11 13:00:00,Surgical Ward,Surgical & Post-Op Ward,80,65,15,0.8125,81.2,1,4,-3,AMBER,13,5,1
2026-07-11 13:00:00,Pediatrics,Pediatric Ward,40,37,3,0.925,92.5,0,0,0,RED,13,5,1
2026-07-11 14:00:00,Emergency,Emergency Department (ED),50,49,1,0.98,98.0,6,5,1,RED,14,5,1
2026-07-11 14:00:00,ICU,Intensive Care Unit (ICU),30,21,9,0.7,70.0,3,0,3,GREEN,14,5,1
2026-07-11 14:00:00,General Medicine,General Medicine Ward,120,122,0,1.0167,101.7,3,4,-1,RED,14,5,1
2026-07-11 14:00:00,Surgical Ward,Surgical & Post-Op Ward,80,63,17,0.7875,78.8,0,2,-2,AMBER,14,5,1
2026-07-11 14:00:00,Pediatrics,Pediatric Ward,40,38,2,0.95,95.0,1,0,1,RED,14,5,1
2026-07-11 15:00:00,Emergency,Emergency Department (ED),50,51,0,1.02,102.0,3,1,2,RED,15,5,1
2026-07-11 15:00:00,ICU,Intensive Care Unit (ICU),30,23,7,0.7667,76.7,2,0,2,GREEN,15,5,1
2026-07-11 15:00:00,General Medicine,General Medicine Ward,120,125,0,1.0417,104.2,5,2,3,RED,15,5,1
2026-07-11 15:00:00,Surgical Ward,Surgical & Post-Op Ward,80,61,19,0.7625,76.2,0,2,-2,AMBER,15,5,1
2026-07-11 15:00:00,Pediatrics,Pediatric Ward,40,37,3,0.925,92.5,2,3,-1,RED,15,5,1
2026-07-11 16:00:00,Emergency,Emergency Department (ED),50,53,0,1.06,106.0,8,6,2,RED,16,5,1
2026-07-11 16:00:00,ICU,Intensive Care Unit (ICU),30,25,5,0.8333,83.3,2,0,2,AMBER,16,5,1
2026-07-11 16:00:00,General Medicine,General Medicine Ward,120,126,0,1.05,105.0,4,3,1,RED,16,5,1
2026-07-11 16:00:00,Surgical Ward,Surgical & Post-Op Ward,80,61,19,0.7625,76.2,1,1,0,AMBER,16,5,1
2026-07-11 16:00:00,Pediatrics,Pediatric Ward,40,36,4,0.9,90.0,0,1,-1,RED,16,5,1
2026-07-11 17:00:00,Emergency,Emergency Department (ED),50,54,0,1.08,108.0,3,2,1,RED,17,5,1
2026-07-11 17:00:00,ICU,Intensive Care Unit (ICU),30,24,6,0.8,80.0,0,1,-1,AMBER,17,5,1
2026-07-11 17:00:00,General Medicine,General Medicine Ward,120,121,0,1.0083,100.8,1,6,-5,RED,17,5,1
2026-07-11 17:00:00,Surgical Ward,Surgical & Post-Op Ward,80,58,22,0.725,72.5,0,3,-3,GREEN,17,5,1
2026-07-11 17:00:00,Pediatrics,Pediatric Ward,40,38,2,0.95,95.0,2,0,2,RED,17,5,1
2026-07-11 18:00:00,Emergency,Emergency Department (ED),50,54,0,1.08,108.0,3,3,0,RED,18,5,1
2026-07-11 18:00:00,ICU,Intensive Care Unit (ICU),30,23,7,0.7667,76.7,0,1,-1,GREEN,18,5,1
2026-07-11 18:00:00,General Medicine,General Medicine Ward,120,122,0,1.0167,101.7,3,2,1,RED,18,5,1
2026-07-11 18:00:00,Surgical Ward,Surgical & Post-Op Ward,80,56,24,0.7,70.0,1,3,-2,GREEN,18,5,1
2026-07-11 18:00:00,Pediatrics,Pediatric Ward,40,38,2,0.95,95.0,3,3,0,RED,18,5,1
2026-07-11 19:00:00,Emergency,Emergency Department (ED),50,54,0,1.08,108.0,3,0,3,RED,19,5,1
2026-07-11 19:00:00,ICU,Intensive Care Unit (ICU),30,24,6,0.8,80.0,1,0,1,AMBER,19,5,1
2026-07-11 19:00:00,General Medicine,General Medicine Ward,120,124,0,1.0333,103.3,3,1,2,RED,19,5,1
2026-07-11 19:00:00,Surgical Ward,Surgical & Post-Op Ward,80,55,25,0.6875,68.8,0,1,-1,GREEN,19,5,1
2026-07-11 19:00:00,Pediatrics,Pediatric Ward,40,39,1,0.975,97.5,2,1,1,RED,19,5,1
2026-07-11 20:00:00,Emergency,Emergency Department (ED),50,54,0,1.08,108.0,4,1,3,RED,20,5,1
2026-07-11 20:00:00,ICU,Intensive Care Unit (ICU),30,26,4,0.8667,86.7,2,0,2,AMBER,20,5,1
2026-07-11 20:00:00,General Medicine,General Medicine Ward,120,123,0,1.025,102.5,2,3,-1,RED,20,5,1
2026-07-11 20:00:00,Surgical Ward,Surgical & Post-Op Ward,80,52,28,0.65,65.0,1,4,-3,GREEN,20,5,1
2026-07-11 20:00:00,Pediatrics,Pediatric Ward,40,39,1,0.975,97.5,2,2,0,RED,20,5,1
2026-07-11 21:00:00,Emergency,Emergency Department (ED),50,54,0,1.08,108.0,4,2,2,RED,21,5,1
2026-07-11 21:00:00,ICU,Intensive Care Unit (ICU),30,25,5,0.8333,83.3,0,1,-1,AMBER,21,5,1
2026-07-11 21:00:00,General Medicine,General Medicine Ward,120,119,1,0.9917,99.2,1,5,-4,RED,21,5,1
2026-07-11 21:00:00,Surgical Ward,Surgical & Post-Op Ward,80,48,32,0.6,60.0,0,4,-4,GREEN,21,5,1
2026-07-11 21:00:00,Pediatrics,Pediatric Ward,40,39,1,0.975,97.5,0,0,0,RED,21,5,1
2026-07-11 22:00:00,Emergency,Emergency Department (ED),50,52,0,1.04,104.0,2,4,-2,RED,22,5,1
2026-07-11 22:00:00,ICU,Intensive Care Unit (ICU),30,25,5,0.8333,83.3,1,1,0,AMBER,22,5,1
2026-07-11 22:00:00,General Medicine,General Medicine Ward,120,115,5,0.9583,95.8,0,4,-4,RED,22,5,1
2026-07-11 22:00:00,Surgical Ward,Surgical & Post-Op Ward,80,46,34,0.575,57.5,2,4,-2,GREEN,22,5,1
2026-07-11 22:00:00,Pediatrics,Pediatric Ward,40,36,4,0.9,90.0,0,3,-3,RED,22,5,1
2026-07-11 23:00:00,Emergency,Emergency Department (ED),50,52,0,1.04,104.0,1,1,0,RED,23,5,1
2026-07-11 23:00:00,ICU,Intensive Care Unit (ICU),30,26,4,0.8667,86.7,1,0,1,AMBER,23,5,1
2026-07-11 23:00:00,General Medicine,General Medicine Ward,120,116,4,0.9667,96.7,3,2,1,RED,23,5,1
2026-07-11 23:00:00,Surgical Ward,Surgical & Post-Op Ward,80,47,33,0.5875,58.8,3,2,1,GREEN,23,5,1
2026-07-11 23:00:00,Pediatrics,Pediatric Ward,40,39,1,0.975,97.5,4,1,3,RED,23,5,1
2026-07-12 00:00:00,Emergency,Emergency Department (ED),50,48,2,0.96,96.0,2,6,-4,RED,0,6,1
2026-07-12 00:00:00,ICU,Intensive Care Unit (ICU),30,26,4,0.8667,86.7,1,1,0,AMBER,0,6,1
2026-07-12 00:00:00,General Medicine,General Medicine Ward,120,112,8,0.9333,93.3,3,7,-4,RED,0,6,1
2026-07-12 00:00:00,Surgical Ward,Surgical & Post-Op Ward,80,46,34,0.575,57.5,0,1,-1,GREEN,0,6,1
2026-07-12 00:00:00,Pediatrics,Pediatric Ward,40,39,1,0.975,97.5,0,0,0,RED,0,6,1
2026-07-12 01:00:00,Emergency,Emergency Department (ED),50,45,5,0.9,90.0,0,3,-3,RED,1,6,1
2026-07-12 01:00:00,ICU,Intensive Care Unit (ICU),30,25,5,0.8333,83.3,0,1,-1,AMBER,1,6,1
2026-07-12 01:00:00,General Medicine,General Medicine Ward,120,112,8,0.9333,93.3,0,0,0,RED,1,6,1
2026-07-12 01:00:00,Surgical Ward,Surgical & Post-Op Ward,80,45,35,0.5625,56.2,0,1,-1,GREEN,1,6,1
2026-07-12 01:00:00,Pediatrics,Pediatric Ward,40,39,1,0.975,97.5,0,0,0,RED,1,6,1
2026-07-12 02:00:00,Emergency,Emergency Department (ED),50,46,4,0.92,92.0,2,1,1,RED,2,6,1
2026-07-12 02:00:00,ICU,Intensive Care Unit (ICU),30,24,6,0.8,80.0,0,1,-1,AMBER,2,6,1
2026-07-12 02:00:00,General Medicine,General Medicine Ward,120,112,8,0.9333,93.3,0,0,0,RED,2,6,1
2026-07-12 02:00:00,Surgical Ward,Surgical & Post-Op Ward,80,46,34,0.575,57.5,1,0,1,GREEN,2,6,1
2026-07-12 02:00:00,Pediatrics,Pediatric Ward,40,40,0,1.0,100.0,1,0,1,RED,2,6,1
2026-07-12 03:00:00,Emergency,Emergency Department (ED),50,47,3,0.94,94.0,1,0,1,RED,3,6,1
2026-07-12 03:00:00,ICU,Intensive Care Unit (ICU),30,24,6,0.8,80.0,0,0,0,AMBER,3,6,1
2026-07-12 03:00:00,General Medicine,General Medicine Ward,120,113,7,0.9417,94.2,1,0,1,RED,3,6,1
2026-07-12 03:00:00,Surgical Ward,Surgical & Post-Op Ward,80,46,34,0.575,57.5,0,0,0,GREEN,3,6,1
2026-07-12 03:00:00,Pediatrics,Pediatric Ward,40,41,0,1.025,102.5,1,0,1,RED,3,6,1
2026-07-12 04:00:00,Emergency,Emergency Department (ED),50,48,2,0.96,96.0,2,1,1,RED,4,6,1
2026-07-12 04:00:00,ICU,Intensive Care Unit (ICU),30,26,4,0.8667,86.7,2,0,2,AMBER,4,6,1
2026-07-12 04:00:00,General Medicine,General Medicine Ward,120,113,7,0.9417,94.2,0,0,0,RED,4,6,1
2026-07-12 04:00:00,Surgical Ward,Surgical & Post-Op Ward,80,47,33,0.5875,58.8,1,0,1,GREEN,4,6,1
2026-07-12 04:00:00,Pediatrics,Pediatric Ward,40,41,0,1.025,102.5,0,0,0,RED,4,6,1
2026-07-12 05:00:00,Emergency,Emergency Department (ED),50,48,2,0.96,96.0,1,1,0,RED,5,6,1
2026-07-12 05:00:00,ICU,Intensive Care Unit (ICU),30,26,4,0.8667,86.7,1,1,0,AMBER,5,6,1
2026-07-12 05:00:00,General Medicine,General Medicine Ward,120,114,6,0.95,95.0,1,0,1,RED,5,6,1
2026-07-12 05:00:00,Surgical Ward,Surgical & Post-Op Ward,80,48,32,0.6,60.0,2,1,1,GREEN,5,6,1
2026-07-12 05:00:00,Pediatrics,Pediatric Ward,40,41,0,1.025,102.5,0,0,0,RED,5,6,1
2026-07-12 06:00:00,Emergency,Emergency Department (ED),50,49,1,0.98,98.0,2,1,1,RED,6,6,1
2026-07-12 06:00:00,ICU,Intensive Care Unit (ICU),30,26,4,0.8667,86.7,0,0,0,AMBER,6,6,1
2026-07-12 06:00:00,General Medicine,General Medicine Ward,120,116,4,0.9667,96.7,4,2,2,RED,6,6,1
2026-07-12 06:00:00,Surgical Ward,Surgical & Post-Op Ward,80,46,34,0.575,57.5,2,4,-2,GREEN,6,6,1
2026-07-12 06:00:00,Pediatrics,Pediatric Ward,40,41,0,1.025,102.5,2,2,0,RED,6,6,1
2026-07-12 07:00:00,Emergency,Emergency Department (ED),50,47,3,0.94,94.0,0,2,-2,RED,7,6,1
2026-07-12 07:00:00,ICU,Intensive Care Unit (ICU),30,26,4,0.8667,86.7,0,0,0,AMBER,7,6,1
2026-07-12 07:00:00,General Medicine,General Medicine Ward,120,117,3,0.975,97.5,4,3,1,RED,7,6,1
2026-07-12 07:00:00,Surgical Ward,Surgical & Post-Op Ward,80,43,37,0.5375,53.8,0,3,-3,GREEN,7,6,1
2026-07-12 07:00:00,Pediatrics,Pediatric Ward,40,41,0,1.025,102.5,1,1,0,RED,7,6,1
2026-07-12 08:00:00,Emergency,Emergency Department (ED),50,50,0,1.0,100.0,3,0,3,RED,8,6,1
2026-07-12 08:00:00,ICU,Intensive Care Unit (ICU),30,26,4,0.8667,86.7,0,0,0,AMBER,8,6,1
2026-07-12 08:00:00,General Medicine,General Medicine Ward,120,116,4,0.9667,96.7,2,3,-1,RED,8,6,1
2026-07-12 08:00:00,Surgical Ward,Surgical & Post-Op Ward,80,45,35,0.5625,56.2,3,1,2,GREEN,8,6,1
2026-07-12 08:00:00,Pediatrics,Pediatric Ward,40,42,0,1.05,105.0,1,0,1,RED,8,6,1
2026-07-12 09:00:00,Emergency,Emergency Department (ED),50,45,5,0.9,90.0,0,5,-5,RED,9,6,1
2026-07-12 09:00:00,ICU,Intensive Care Unit (ICU),30,26,4,0.8667,86.7,0,0,0,AMBER,9,6,1
2026-07-12 09:00:00,General Medicine,General Medicine Ward,120,117,3,0.975,97.5,1,0,1,RED,9,6,1
2026-07-12 09:00:00,Surgical Ward,Surgical & Post-Op Ward,80,39,41,0.4875,48.8,0,6,-6,GREEN,9,6,1
2026-07-12 09:00:00,Pediatrics,Pediatric Ward,40,43,0,1.075,107.5,3,0,3,RED,9,6,1
2026-07-12 10:00:00,Emergency,Emergency Department (ED),50,42,8,0.84,84.0,2,5,-3,AMBER,10,6,1
2026-07-12 10:00:00,ICU,Intensive Care Unit (ICU),30,28,2,0.9333,93.3,2,0,2,RED,10,6,1
2026-07-12 10:00:00,General Medicine,General Medicine Ward,120,114,6,0.95,95.0,1,4,-3,RED,10,6,1
2026-07-12 10:00:00,Surgical Ward,Surgical & Post-Op Ward,80,32,48,0.4,40.0,1,8,-7,GREEN,10,6,1
2026-07-12 10:00:00,Pediatrics,Pediatric Ward,40,43,0,1.075,107.5,3,1,2,RED,10,6,1
2026-07-12 11:00:00,Emergency,Emergency Department (ED),50,43,7,0.86,86.0,3,2,1,AMBER,11,6,1
2026-07-12 11:00:00,ICU,Intensive Care Unit (ICU),30,27,3,0.9,90.0,0,1,-1,RED,11,6,1
2026-07-12 11:00:00,General Medicine,General Medicine Ward,120,117,3,0.975,97.5,4,1,3,RED,11,6,1
2026-07-12 11:00:00,Surgical Ward,Surgical & Post-Op Ward,80,30,50,0.375,37.5,2,4,-2,GREEN,11,6,1
2026-07-12 11:00:00,Pediatrics,Pediatric Ward,40,42,0,1.05,105.0,1,2,-1,RED,11,6,1
2026-07-12 12:00:00,Emergency,Emergency Department (ED),50,48,2,0.96,96.0,5,0,5,RED,12,6,1
2026-07-12 12:00:00,ICU,Intensive Care Unit (ICU),30,27,3,0.9,90.0,1,1,0,RED,12,6,1
2026-07-12 12:00:00,General Medicine,General Medicine Ward,120,118,2,0.9833,98.3,6,5,1,RED,12,6,1
2026-07-12 12:00:00,Surgical Ward,Surgical & Post-Op Ward,80,31,49,0.3875,38.8,2,1,1,GREEN,12,6,1
2026-07-12 12:00:00,Pediatrics,Pediatric Ward,40,41,0,1.025,102.5,2,3,-1,RED,12,6,1
2026-07-12 13:00:00,Emergency,Emergency Department (ED),50,51,0,1.02,102.0,5,2,3,RED,13,6,1
2026-07-12 13:00:00,ICU,Intensive Care Unit (ICU),30,29,1,0.9667,96.7,2,0,2,RED,13,6,1
2026-07-12 13:00:00,General Medicine,General Medicine Ward,120,117,3,0.975,97.5,5,6,-1,RED,13,6,1
2026-07-12 13:00:00,Surgical Ward,Surgical & Post-Op Ward,80,29,51,0.3625,36.2,0,2,-2,GREEN,13,6,1
2026-07-12 13:00:00,Pediatrics,Pediatric Ward,40,41,0,1.025,102.5,1,1,0,RED,13,6,1
2026-07-12 14:00:00,Emergency,Emergency Department (ED),50,53,0,1.06,106.0,8,6,2,RED,14,6,1
2026-07-12 14:00:00,ICU,Intensive Care Unit (ICU),30,31,0,1.0333,103.3,3,1,2,RED,14,6,1
2026-07-12 14:00:00,General Medicine,General Medicine Ward,120,115,5,0.9583,95.8,4,6,-2,RED,14,6,1
2026-07-12 14:00:00,Surgical Ward,Surgical & Post-Op Ward,80,27,53,0.3375,33.8,2,4,-2,GREEN,14,6,1
2026-07-12 14:00:00,Pediatrics,Pediatric Ward,40,40,0,1.0,100.0,0,1,-1,RED,14,6,1
2026-07-12 15:00:00,Emergency,Emergency Department (ED),50,53,0,1.06,106.0,7,7,0,RED,15,6,1
2026-07-12 15:00:00,ICU,Intensive Care Unit (ICU),30,31,0,1.0333,103.3,0,0,0,RED,15,6,1
2026-07-12 15:00:00,General Medicine,General Medicine Ward,120,113,7,0.9417,94.2,3,5,-2,RED,15,6,1
2026-07-12 15:00:00,Surgical Ward,Surgical & Post-Op Ward,80,26,54,0.325,32.5,1,2,-1,GREEN,15,6,1
2026-07-12 15:00:00,Pediatrics,Pediatric Ward,40,40,0,1.0,100.0,1,1,0,RED,15,6,1
2026-07-12 16:00:00,Emergency,Emergency Department (ED),50,54,0,1.08,108.0,6,3,3,RED,16,6,1
2026-07-12 16:00:00,ICU,Intensive Care Unit (ICU),30,31,0,1.0333,103.3,1,1,0,RED,16,6,1
2026-07-12 16:00:00,General Medicine,General Medicine Ward,120,118,2,0.9833,98.3,7,2,5,RED,16,6,1
2026-07-12 16:00:00,Surgical Ward,Surgical & Post-Op Ward,80,26,54,0.325,32.5,1,1,0,GREEN,16,6,1
2026-07-12 16:00:00,Pediatrics,Pediatric Ward,40,41,0,1.025,102.5,2,1,1,RED,16,6,1
2026-07-12 17:00:00,Emergency,Emergency Department (ED),50,54,0,1.08,108.0,6,2,4,RED,17,6,1
2026-07-12 17:00:00,ICU,Intensive Care Unit (ICU),30,31,0,1.0333,103.3,0,0,0,RED,17,6,1
2026-07-12 17:00:00,General Medicine,General Medicine Ward,120,118,2,0.9833,98.3,2,2,0,RED,17,6,1
2026-07-12 17:00:00,Surgical Ward,Surgical & Post-Op Ward,80,23,57,0.2875,28.7,0,3,-3,GREEN,17,6,1
2026-07-12 17:00:00,Pediatrics,Pediatric Ward,40,43,0,1.075,107.5,3,0,3,RED,17,6,1
2026-07-12 18:00:00,Emergency,Emergency Department (ED),50,54,0,1.08,108.0,2,2,0,RED,18,6,1
2026-07-12 18:00:00,ICU,Intensive Care Unit (ICU),30,32,0,1.0667,106.7,2,0,2,RED,18,6,1
2026-07-12 18:00:00,General Medicine,General Medicine Ward,120,119,1,0.9917,99.2,3,2,1,RED,18,6,1
2026-07-12 18:00:00,Surgical Ward,Surgical & Post-Op Ward,80,23,57,0.2875,28.7,2,2,0,GREEN,18,6,1
2026-07-12 18:00:00,Pediatrics,Pediatric Ward,40,43,0,1.075,107.5,2,0,2,RED,18,6,1
2026-07-12 19:00:00,Emergency,Emergency Department (ED),50,54,0,1.08,108.0,5,2,3,RED,19,6,1
2026-07-12 19:00:00,ICU,Intensive Care Unit (ICU),30,32,0,1.0667,106.7,1,0,1,RED,19,6,1
2026-07-12 19:00:00,General Medicine,General Medicine Ward,120,122,0,1.0167,101.7,6,3,3,RED,19,6,1
2026-07-12 19:00:00,Surgical Ward,Surgical & Post-Op Ward,80,22,58,0.275,27.5,2,3,-1,GREEN,19,6,1
2026-07-12 19:00:00,Pediatrics,Pediatric Ward,40,43,0,1.075,107.5,2,0,2,RED,19,6,1
2026-07-12 20:00:00,Emergency,Emergency Department (ED),50,54,0,1.08,108.0,4,0,4,RED,20,6,1
2026-07-12 20:00:00,ICU,Intensive Care Unit (ICU),30,32,0,1.0667,106.7,2,0,2,RED,20,6,1
2026-07-12 20:00:00,General Medicine,General Medicine Ward,120,125,0,1.0417,104.2,4,1,3,RED,20,6,1
2026-07-12 20:00:00,Surgical Ward,Surgical & Post-Op Ward,80,23,57,0.2875,28.7,1,0,1,GREEN,20,6,1
2026-07-12 20:00:00,Pediatrics,Pediatric Ward,40,42,0,1.05,105.0,0,1,-1,RED,20,6,1
2026-07-12 21:00:00,Emergency,Emergency Department (ED),50,48,2,0.96,96.0,2,8,-6,RED,21,6,1
2026-07-12 21:00:00,ICU,Intensive Care Unit (ICU),30,32,0,1.0667,106.7,1,1,0,RED,21,6,1
2026-07-12 21:00:00,General Medicine,General Medicine Ward,120,126,0,1.05,105.0,4,3,1,RED,21,6,1
2026-07-12 21:00:00,Surgical Ward,Surgical & Post-Op Ward,80,21,59,0.2625,26.2,0,2,-2,GREEN,21,6,1
2026-07-12 21:00:00,Pediatrics,Pediatric Ward,40,43,0,1.075,107.5,3,0,3,RED,21,6,1
2026-07-12 22:00:00,Emergency,Emergency Department (ED),50,54,0,1.08,108.0,8,2,6,RED,22,6,1
2026-07-12 22:00:00,ICU,Intensive Care Unit (ICU),30,32,0,1.0667,106.7,1,0,1,RED,22,6,1
2026-07-12 22:00:00,General Medicine,General Medicine Ward,120,126,0,1.05,105.0,5,5,0,RED,22,6,1
2026-07-12 22:00:00,Surgical Ward,Surgical & Post-Op Ward,80,19,61,0.2375,23.8,0,2,-2,GREEN,22,6,1
2026-07-12 22:00:00,Pediatrics,Pediatric Ward,40,43,0,1.075,107.5,2,1,1,RED,22,6,1
2026-07-12 23:00:00,Emergency,Emergency Department (ED),50,54,0,1.08,108.0,6,2,4,RED,23,6,1
2026-07-12 23:00:00,ICU,Intensive Care Unit (ICU),30,32,0,1.0667,106.7,0,0,0,RED,23,6,1
2026-07-12 23:00:00,General Medicine,General Medicine Ward,120,129,0,1.075,107.5,3,0,3,RED,23,6,1
2026-07-12 23:00:00,Surgical Ward,Surgical & Post-Op Ward,80,16,64,0.2,20.0,1,4,-3,GREEN,23,6,1
2026-07-12 23:00:00,Pediatrics,Pediatric Ward,40,43,0,1.075,107.5,1,1,0,RED,23,6,1
2026-07-13 00:00:00,Emergency,Emergency Department (ED),50,53,0,1.06,106.0,2,3,-1,RED,0,0,0
2026-07-13 00:00:00,ICU,Intensive Care Unit (ICU),30,32,0,1.0667,106.7,0,0,0,RED,0,0,0
2026-07-13 00:00:00,General Medicine,General Medicine Ward,120,128,0,1.0667,106.7,3,4,-1,RED,0,0,0
2026-07-13 00:00:00,Surgical Ward,Surgical & Post-Op Ward,80,18,62,0.225,22.5,2,0,2,GREEN,0,0,0
2026-07-13 00:00:00,Pediatrics,Pediatric Ward,40,42,0,1.05,105.0,1,2,-1,RED,0,0,0
2026-07-13 01:00:00,Emergency,Emergency Department (ED),50,54,0,1.08,108.0,3,1,2,RED,1,0,0
2026-07-13 01:00:00,ICU,Intensive Care Unit (ICU),30,32,0,1.0667,106.7,1,0,1,RED,1,0,0
2026-07-13 01:00:00,General Medicine,General Medicine Ward,120,129,0,1.075,107.5,2,0,2,RED,1,0,0
2026-07-13 01:00:00,Surgical Ward,Surgical & Post-Op Ward,80,19,61,0.2375,23.8,1,0,1,GREEN,1,0,0
2026-07-13 01:00:00,Pediatrics,Pediatric Ward,40,40,0,1.0,100.0,0,2,-2,RED,1,0,0
2026-07-13 02:00:00,Emergency,Emergency Department (ED),50,54,0,1.08,108.0,1,1,0,RED,2,0,0
2026-07-13 02:00:00,ICU,Intensive Care Unit (ICU),30,32,0,1.0667,106.7,2,0,2,RED,2,0,0
2026-07-13 02:00:00,General Medicine,General Medicine Ward,120,129,0,1.075,107.5,1,0,1,RED,2,0,0
2026-07-13 02:00:00,Surgical Ward,Surgical & Post-Op Ward,80,19,61,0.2375,23.8,0,0,0,GREEN,2,0,0
2026-07-13 02:00:00,Pediatrics,Pediatric Ward,40,40,0,1.0,100.0,0,0,0,RED,2,0,0
2026-07-13 03:00:00,Emergency,Emergency Department (ED),50,54,0,1.08,108.0,0,0,0,RED,3,0,0
2026-07-13 03:00:00,ICU,Intensive Care Unit (ICU),30,32,0,1.0667,106.7,0,0,0,RED,3,0,0
2026-07-13 03:00:00,General Medicine,General Medicine Ward,120,129,0,1.075,107.5,1,0,1,RED,3,0,0
2026-07-13 03:00:00,Surgical Ward,Surgical & Post-Op Ward,80,20,60,0.25,25.0,1,0,1,GREEN,3,0,0
2026-07-13 03:00:00,Pediatrics,Pediatric Ward,40,40,0,1.0,100.0,0,0,0,RED,3,0,0
2026-07-13 04:00:00,Emergency,Emergency Department (ED),50,54,0,1.08,108.0,0,0,0,RED,4,0,0
2026-07-13 04:00:00,ICU,Intensive Care Unit (ICU),30,32,0,1.0667,106.7,0,0,0,RED,4,0,0
2026-07-13 04:00:00,General Medicine,General Medicine Ward,120,128,0,1.0667,106.7,1,2,-1,RED,4,0,0
2026-07-13 04:00:00,Surgical Ward,Surgical & Post-Op Ward,80,19,61,0.2375,23.8,0,1,-1,GREEN,4,0,0
2026-07-13 04:00:00,Pediatrics,Pediatric Ward,40,41,0,1.025,102.5,1,0,1,RED,4,0,0
2026-07-13 05:00:00,Emergency,Emergency Department (ED),50,54,0,1.08,108.0,0,0,0,RED,5,0,0
2026-07-13 05:00:00,ICU,Intensive Care Unit (ICU),30,32,0,1.0667,106.7,0,0,0,RED,5,0,0
2026-07-13 05:00:00,General Medicine,General Medicine Ward,120,129,0,1.075,107.5,2,1,1,RED,5,0,0
2026-07-13 05:00:00,Surgical Ward,Surgical & Post-Op Ward,80,19,61,0.2375,23.8,0,0,0,GREEN,5,0,0
2026-07-13 05:00:00,Pediatrics,Pediatric Ward,40,40,0,1.0,100.0,0,1,-1,RED,5,0,0
2026-07-13 06:00:00,Emergency,Emergency Department (ED),50,54,0,1.08,108.0,1,1,0,RED,6,0,0
2026-07-13 06:00:00,ICU,Intensive Care Unit (ICU),30,32,0,1.0667,106.7,0,0,0,RED,6,0,0
2026-07-13 06:00:00,General Medicine,General Medicine Ward,120,129,0,1.075,107.5,7,3,4,RED,6,0,0
2026-07-13 06:00:00,Surgical Ward,Surgical & Post-Op Ward,80,21,59,0.2625,26.2,5,3,2,GREEN,6,0,0
2026-07-13 06:00:00,Pediatrics,Pediatric Ward,40,41,0,1.025,102.5,1,0,1,RED,6,0,0
2026-07-13 07:00:00,Emergency,Emergency Department (ED),50,52,0,1.04,104.0,1,3,-2,RED,7,0,0
2026-07-13 07:00:00,ICU,Intensive Care Unit (ICU),30,32,0,1.0667,106.7,2,0,2,RED,7,0,0
2026-07-13 07:00:00,General Medicine,General Medicine Ward,120,128,0,1.0667,106.7,4,5,-1,RED,7,0,0
2026-07-13 07:00:00,Surgical Ward,Surgical & Post-Op Ward,80,24,56,0.3,30.0,3,0,3,GREEN,7,0,0
2026-07-13 07:00:00,Pediatrics,Pediatric Ward,40,41,0,1.025,102.5,1,1,0,RED,7,0,0
2026-07-13 08:00:00,Emergency,Emergency Department (ED),50,54,0,1.08,108.0,4,2,2,RED,8,0,0
2026-07-13 08:00:00,ICU,Intensive Care Unit (ICU),30,31,0,1.0333,103.3,0,1,-1,RED,8,0,0
2026-07-13 08:00:00,General Medicine,General Medicine Ward,120,124,0,1.0333,103.3,2,6,-4,RED,8,0,0
2026-07-13 08:00:00,Surgical Ward,Surgical & Post-Op Ward,80,25,55,0.3125,31.2,3,2,1,GREEN,8,0,0
2026-07-13 08:00:00,Pediatrics,Pediatric Ward,40,40,0,1.0,100.0,1,2,-1,RED,8,0,0
2026-07-13 09:00:00,Emergency,Emergency Department (ED),50,54,0,1.08,108.0,6,2,4,RED,9,0,0
2026-07-13 09:00:00,ICU,Intensive Care Unit (ICU),30,31,0,1.0333,103.3,0,0,0,RED,9,0,0
2026-07-13 09:00:00,General Medicine,General Medicine Ward,120,125,0,1.0417,104.2,1,0,1,RED,9,0,0
2026-07-13 09:00:00,Surgical Ward,Surgical & Post-Op Ward,80,25,55,0.3125,31.2,3,3,0,GREEN,9,0,0
2026-07-13 09:00:00,Pediatrics,Pediatric Ward,40,41,0,1.025,102.5,1,0,1,RED,9,0,0
2026-07-13 10:00:00,Emergency,Emergency Department (ED),50,51,0,1.02,102.0,4,7,-3,RED,10,0,0
2026-07-13 10:00:00,ICU,Intensive Care Unit (ICU),30,29,1,0.9667,96.7,0,2,-2,RED,10,0,0
2026-07-13 10:00:00,General Medicine,General Medicine Ward,120,120,0,1.0,100.0,1,6,-5,RED,10,0,0
2026-07-13 10:00:00,Surgical Ward,Surgical & Post-Op Ward,80,27,53,0.3375,33.8,6,4,2,GREEN,10,0,0
2026-07-13 10:00:00,Pediatrics,Pediatric Ward,40,41,0,1.025,102.5,2,2,0,RED,10,0,0
2026-07-13 11:00:00,Emergency,Emergency Department (ED),50,51,0,1.02,102.0,1,1,0,RED,11,0,0
2026-07-13 11:00:00,ICU,Intensive Care Unit (ICU),30,30,0,1.0,100.0,2,1,1,RED,11,0,0
2026-07-13 11:00:00,General Medicine,General Medicine Ward,120,121,0,1.0083,100.8,5,4,1,RED,11,0,0
2026-07-13 11:00:00,Surgical Ward,Surgical & Post-Op Ward,80,27,53,0.3375,33.8,2,2,0,GREEN,11,0,0
2026-07-13 11:00:00,Pediatrics,Pediatric Ward,40,41,0,1.025,102.5,0,0,0,RED,11,0,0
2026-07-13 12:00:00,Emergency,Emergency Department (ED),50,51,0,1.02,102.0,5,5,0,RED,12,0,0
2026-07-13 12:00:00,ICU,Intensive Care Unit (ICU),30,29,1,0.9667,96.7,1,2,-1,RED,12,0,0
2026-07-13 12:00:00,General Medicine,General Medicine Ward,120,119,1,0.9917,99.2,3,5,-2,RED,12,0,0
2026-07-13 12:00:00,Surgical Ward,Surgical & Post-Op Ward,80,26,54,0.325,32.5,5,6,-1,GREEN,12,0,0
2026-07-13 12:00:00,Pediatrics,Pediatric Ward,40,41,0,1.025,102.5,3,3,0,RED,12,0,0
2026-07-13 13:00:00,Emergency,Emergency Department (ED),50,50,0,1.0,100.0,2,3,-1,RED,13,0,0
2026-07-13 13:00:00,ICU,Intensive Care Unit (ICU),30,27,3,0.9,90.0,0,2,-2,RED,13,0,0
2026-07-13 13:00:00,General Medicine,General Medicine Ward,120,118,2,0.9833,98.3,3,4,-1,RED,13,0,0
2026-07-13 13:00:00,Surgical Ward,Surgical & Post-Op Ward,80,26,54,0.325,32.5,1,1,0,GREEN,13,0,0
2026-07-13 13:00:00,Pediatrics,Pediatric Ward,40,38,2,0.95,95.0,0,3,-3,RED,13,0,0
2026-07-13 14:00:00,Emergency,Emergency Department (ED),50,51,0,1.02,102.0,5,4,1,RED,14,0,0
2026-07-13 14:00:00,ICU,Intensive Care Unit (ICU),30,27,3,0.9,90.0,0,0,0,RED,14,0,0
2026-07-13 14:00:00,General Medicine,General Medicine Ward,120,120,0,1.0,100.0,7,5,2,RED,14,0,0
2026-07-13 14:00:00,Surgical Ward,Surgical & Post-Op Ward,80,28,52,0.35,35.0,4,2,2,GREEN,14,0,0
2026-07-13 14:00:00,Pediatrics,Pediatric Ward,40,39,1,0.975,97.5,2,1,1,RED,14,0,0
2026-07-13 15:00:00,Emergency,Emergency Department (ED),50,53,0,1.06,106.0,6,4,2,RED,15,0,0
2026-07-13 15:00:00,ICU,Intensive Care Unit (ICU),30,28,2,0.9333,93.3,1,0,1,RED,15,0,0
2026-07-13 15:00:00,General Medicine,General Medicine Ward,120,126,0,1.05,105.0,6,0,6,RED,15,0,0
2026-07-13 15:00:00,Surgical Ward,Surgical & Post-Op Ward,80,26,54,0.325,32.5,2,4,-2,GREEN,15,0,0
2026-07-13 15:00:00,Pediatrics,Pediatric Ward,40,40,0,1.0,100.0,1,0,1,RED,15,0,0
2026-07-13 16:00:00,Emergency,Emergency Department (ED),50,53,0,1.06,106.0,2,2,0,RED,16,0,0
2026-07-13 16:00:00,ICU,Intensive Care Unit (ICU),30,28,2,0.9333,93.3,0,0,0,RED,16,0,0
2026-07-13 16:00:00,General Medicine,General Medicine Ward,120,128,0,1.0667,106.7,8,6,2,RED,16,0,0
2026-07-13 16:00:00,Surgical Ward,Surgical & Post-Op Ward,80,29,51,0.3625,36.2,3,0,3,GREEN,16,0,0
2026-07-13 16:00:00,Pediatrics,Pediatric Ward,40,42,0,1.05,105.0,4,2,2,RED,16,0,0
2026-07-13 17:00:00,Emergency,Emergency Department (ED),50,54,0,1.08,108.0,5,4,1,RED,17,0,0
2026-07-13 17:00:00,ICU,Intensive Care Unit (ICU),30,28,2,0.9333,93.3,0,0,0,RED,17,0,0
2026-07-13 17:00:00,General Medicine,General Medicine Ward,120,129,0,1.075,107.5,10,4,6,RED,17,0,0
2026-07-13 17:00:00,Surgical Ward,Surgical & Post-Op Ward,80,30,50,0.375,37.5,3,2,1,GREEN,17,0,0
2026-07-13 17:00:00,Pediatrics,Pediatric Ward,40,43,0,1.075,107.5,2,1,1,RED,17,0,0
2026-07-13 18:00:00,Emergency,Emergency Department (ED),50,54,0,1.08,108.0,7,5,2,RED,18,0,0
2026-07-13 18:00:00,ICU,Intensive Care Unit (ICU),30,28,2,0.9333,93.3,0,0,0,RED,18,0,0
2026-07-13 18:00:00,General Medicine,General Medicine Ward,120,129,0,1.075,107.5,4,0,4,RED,18,0,0
2026-07-13 18:00:00,Surgical Ward,Surgical & Post-Op Ward,80,33,47,0.4125,41.2,5,2,3,GREEN,18,0,0
2026-07-13 18:00:00,Pediatrics,Pediatric Ward,40,42,0,1.05,105.0,0,1,-1,RED,18,0,0
2026-07-13 19:00:00,Emergency,Emergency Department (ED),50,54,0,1.08,108.0,4,0,4,RED,19,0,0
2026-07-13 19:00:00,ICU,Intensive Care Unit (ICU),30,30,0,1.0,100.0,2,0,2,RED,19,0,0
2026-07-13 19:00:00,General Medicine,General Medicine Ward,120,129,0,1.075,107.5,5,5,0,RED,19,0,0
2026-07-13 19:00:00,Surgical Ward,Surgical & Post-Op Ward,80,36,44,0.45,45.0,5,2,3,GREEN,19,0,0
2026-07-13 19:00:00,Pediatrics,Pediatric Ward,40,42,0,1.05,105.0,0,0,0,RED,19,0,0
2026-07-13 20:00:00,Emergency,Emergency Department (ED),50,54,0,1.08,108.0,6,2,4,RED,20,0,0
2026-07-13 20:00:00,ICU,Intensive Care Unit (ICU),30,30,0,1.0,100.0,1,1,0,RED,20,0,0
2026-07-13 20:00:00,General Medicine,General Medicine Ward,120,129,0,1.075,107.5,7,1,6,RED,20,0,0
2026-07-13 20:00:00,Surgical Ward,Surgical & Post-Op Ward,80,34,46,0.425,42.5,2,4,-2,GREEN,20,0,0
2026-07-13 20:00:00,Pediatrics,Pediatric Ward,40,41,0,1.025,102.5,0,1,-1,RED,20,0,0
2026-07-13 21:00:00,Emergency,Emergency Department (ED),50,54,0,1.08,108.0,6,4,2,RED,21,0,0
2026-07-13 21:00:00,ICU,Intensive Care Unit (ICU),30,29,1,0.9667,96.7,0,1,-1,RED,21,0,0
2026-07-13 21:00:00,General Medicine,General Medicine Ward,120,129,0,1.075,107.5,4,4,0,RED,21,0,0
2026-07-13 21:00:00,Surgical Ward,Surgical & Post-Op Ward,80,34,46,0.425,42.5,2,2,0,GREEN,21,0,0
2026-07-13 21:00:00,Pediatrics,Pediatric Ward,40,41,0,1.025,102.5,0,0,0,RED,21,0,0
2026-07-13 22:00:00,Emergency,Emergency Department (ED),50,54,0,1.08,108.0,3,2,1,RED,22,0,0
2026-07-13 22:00:00,ICU,Intensive Care Unit (ICU),30,30,0,1.0,100.0,1,0,1,RED,22,0,0
2026-07-13 22:00:00,General Medicine,General Medicine Ward,120,129,0,1.075,107.5,5,0,5,RED,22,0,0
2026-07-13 22:00:00,Surgical Ward,Surgical & Post-Op Ward,80,36,44,0.45,45.0,3,1,2,GREEN,22,0,0
2026-07-13 22:00:00,Pediatrics,Pediatric Ward,40,41,0,1.025,102.5,0,0,0,RED,22,0,0
2026-07-13 23:00:00,Emergency,Emergency Department (ED),50,54,0,1.08,108.0,5,0,5,RED,23,0,0
2026-07-13 23:00:00,ICU,Intensive Care Unit (ICU),30,32,0,1.0667,106.7,2,0,2,RED,23,0,0
2026-07-13 23:00:00,General Medicine,General Medicine Ward,120,129,0,1.075,107.5,4,4,0,RED,23,0,0
2026-07-13 23:00:00,Surgical Ward,Surgical & Post-Op Ward,80,37,43,0.4625,46.2,1,0,1,GREEN,23,0,0
2026-07-13 23:00:00,Pediatrics,Pediatric Ward,40,43,0,1.075,107.5,2,0,2,RED,23,0,0
2026-07-14 00:00:00,Emergency,Emergency Department (ED),50,54,0,1.08,108.0,2,2,0,RED,0,1,0
2026-07-14 00:00:00,ICU,Intensive Care Unit (ICU),30,32,0,1.0667,106.7,1,1,0,RED,0,1,0
2026-07-14 00:00:00,General Medicine,General Medicine Ward,120,127,0,1.0583,105.8,3,5,-2,RED,0,1,0
2026-07-14 00:00:00,Surgical Ward,Surgical & Post-Op Ward,80,37,43,0.4625,46.2,0,0,0,GREEN,0,1,0
2026-07-14 00:00:00,Pediatrics,Pediatric Ward,40,42,0,1.05,105.0,0,1,-1,RED,0,1,0
2026-07-14 01:00:00,Emergency,Emergency Department (ED),50,54,0,1.08,108.0,3,0,3,RED,1,1,0
2026-07-14 01:00:00,ICU,Intensive Care Unit (ICU),30,32,0,1.0667,106.7,0,0,0,RED,1,1,0
2026-07-14 01:00:00,General Medicine,General Medicine Ward,120,129,0,1.075,107.5,2,0,2,RED,1,1,0
2026-07-14 01:00:00,Surgical Ward,Surgical & Post-Op Ward,80,38,42,0.475,47.5,1,0,1,GREEN,1,1,0
2026-07-14 01:00:00,Pediatrics,Pediatric Ward,40,42,0,1.05,105.0,1,1,0,RED,1,1,0
2026-07-14 02:00:00,Emergency,Emergency Department (ED),50,54,0,1.08,108.0,1,0,1,RED,2,1,0
2026-07-14 02:00:00,ICU,Intensive Care Unit (ICU),30,32,0,1.0667,106.7,1,0,1,RED,2,1,0
2026-07-14 02:00:00,General Medicine,General Medicine Ward,120,129,0,1.075,107.5,3,0,3,RED,2,1,0
2026-07-14 02:00:00,Surgical Ward,Surgical & Post-Op Ward,80,38,42,0.475,47.5,0,0,0,GREEN,2,1,0
2026-07-14 02:00:00,Pediatrics,Pediatric Ward,40,43,0,1.075,107.5,1,0,1,RED,2,1,0
2026-07-14 03:00:00,Emergency,Emergency Department (ED),50,54,0,1.08,108.0,0,0,0,RED,3,1,0
2026-07-14 03:00:00,ICU,Intensive Care Unit (ICU),30,32,0,1.0667,106.7,0,0,0,RED,3,1,0
2026-07-14 03:00:00,General Medicine,General Medicine Ward,120,129,0,1.075,107.5,1,1,0,RED,3,1,0
2026-07-14 03:00:00,Surgical Ward,Surgical & Post-Op Ward,80,39,41,0.4875,48.8,1,0,1,GREEN,3,1,0
2026-07-14 03:00:00,Pediatrics,Pediatric Ward,40,43,0,1.075,107.5,0,0,0,RED,3,1,0
2026-07-14 04:00:00,Emergency,Emergency Department (ED),50,53,0,1.06,106.0,0,1,-1,RED,4,1,0
2026-07-14 04:00:00,ICU,Intensive Care Unit (ICU),30,32,0,1.0667,106.7,1,0,1,RED,4,1,0
2026-07-14 04:00:00,General Medicine,General Medicine Ward,120,129,0,1.075,107.5,2,1,1,RED,4,1,0
2026-07-14 04:00:00,Surgical Ward,Surgical & Post-Op Ward,80,41,39,0.5125,51.2,2,0,2,GREEN,4,1,0
2026-07-14 04:00:00,Pediatrics,Pediatric Ward,40,43,0,1.075,107.5,1,0,1,RED,4,1,0
2026-07-14 05:00:00,Emergency,Emergency Department (ED),50,54,0,1.08,108.0,1,0,1,RED,5,1,0
2026-07-14 05:00:00,ICU,Intensive Care Unit (ICU),30,32,0,1.0667,106.7,0,0,0,RED,5,1,0
2026-07-14 05:00:00,General Medicine,General Medicine Ward,120,129,0,1.075,107.5,3,0,3,RED,5,1,0
2026-07-14 05:00:00,Surgical Ward,Surgical & Post-Op Ward,80,41,39,0.5125,51.2,2,2,0,GREEN,5,1,0
2026-07-14 05:00:00,Pediatrics,Pediatric Ward,40,43,0,1.075,107.5,0,0,0,RED,5,1,0
2026-07-14 06:00:00,Emergency,Emergency Department (ED),50,54,0,1.08,108.0,1,0,1,RED,6,1,0
2026-07-14 06:00:00,ICU,Intensive Care Unit (ICU),30,31,0,1.0333,103.3,0,1,-1,RED,6,1,0
2026-07-14 06:00:00,General Medicine,General Medicine Ward,120,129,0,1.075,107.5,6,3,3,RED,6,1,0
2026-07-14 06:00:00,Surgical Ward,Surgical & Post-Op Ward,80,40,40,0.5,50.0,1,2,-1,GREEN,6,1,0
2026-07-14 06:00:00,Pediatrics,Pediatric Ward,40,43,0,1.075,107.5,4,1,3,RED,6,1,0
2026-07-14 07:00:00,Emergency,Emergency Department (ED),50,54,0,1.08,108.0,1,0,1,RED,7,1,0
2026-07-14 07:00:00,ICU,Intensive Care Unit (ICU),30,32,0,1.0667,106.7,1,0,1,RED,7,1,0
2026-07-14 07:00:00,General Medicine,General Medicine Ward,120,129,0,1.075,107.5,4,2,2,RED,7,1,0
2026-07-14 07:00:00,Surgical Ward,Surgical & Post-Op Ward,80,38,42,0.475,47.5,2,4,-2,GREEN,7,1,0
2026-07-14 07:00:00,Pediatrics,Pediatric Ward,40,43,0,1.075,107.5,2,1,1,RED,7,1,0
2026-07-14 08:00:00,Emergency,Emergency Department (ED),50,54,0,1.08,108.0,2,0,2,RED,8,1,0
2026-07-14 08:00:00,ICU,Intensive Care Unit (ICU),30,32,0,1.0667,106.7,1,0,1,RED,8,1,0
2026-07-14 08:00:00,General Medicine,General Medicine Ward,120,127,0,1.0583,105.8,0,2,-2,RED,8,1,0
2026-07-14 08:00:00,Surgical Ward,Surgical & Post-Op Ward,80,38,42,0.475,47.5,1,1,0,GREEN,8,1,0
2026-07-14 08:00:00,Pediatrics,Pediatric Ward,40,43,0,1.075,107.5,2,0,2,RED,8,1,0
2026-07-14 09:00:00,Emergency,Emergency Department (ED),50,54,0,1.08,108.0,3,1,2,RED,9,1,0
2026-07-14 09:00:00,ICU,Intensive Care Unit (ICU),30,32,0,1.0667,106.7,1,1,0,RED,9,1,0
2026-07-14 09:00:00,General Medicine,General Medicine Ward,120,129,0,1.075,107.5,5,1,4,RED,9,1,0
2026-07-14 09:00:00,Surgical Ward,Surgical & Post-Op Ward,80,33,47,0.4125,41.2,1,6,-5,GREEN,9,1,0
2026-07-14 09:00:00,Pediatrics,Pediatric Ward,40,43,0,1.075,107.5,1,0,1,RED,9,1,0
2026-07-14 10:00:00,Emergency,Emergency Department (ED),50,50,0,1.0,100.0,2,6,-4,RED,10,1,0
2026-07-14 10:00:00,ICU,Intensive Care Unit (ICU),30,31,0,1.0333,103.3,0,1,-1,RED,10,1,0
2026-07-14 10:00:00,General Medicine,General Medicine Ward,120,120,0,1.0,100.0,0,9,-9,RED,10,1,0
2026-07-14 10:00:00,Surgical Ward,Surgical & Post-Op Ward,80,35,45,0.4375,43.8,4,2,2,GREEN,10,1,0
2026-07-14 10:00:00,Pediatrics,Pediatric Ward,40,43,0,1.075,107.5,0,0,0,RED,10,1,0
2026-07-14 11:00:00,Emergency,Emergency Department (ED),50,50,0,1.0,100.0,2,2,0,RED,11,1,0
2026-07-14 11:00:00,ICU,Intensive Care Unit (ICU),30,31,0,1.0333,103.3,1,1,0,RED,11,1,0
2026-07-14 11:00:00,General Medicine,General Medicine Ward,120,118,2,0.9833,98.3,4,6,-2,RED,11,1,0
2026-07-14 11:00:00,Surgical Ward,Surgical & Post-Op Ward,80,40,40,0.5,50.0,7,2,5,GREEN,11,1,0
2026-07-14 11:00:00,Pediatrics,Pediatric Ward,40,41,0,1.025,102.5,0,2,-2,RED,11,1,0
2026-07-14 12:00:00,Emergency,Emergency Department (ED),50,52,0,1.04,104.0,2,0,2,RED,12,1,0
2026-07-14 12:00:00,ICU,Intensive Care Unit (ICU),30,28,2,0.9333,93.3,0,3,-3,RED,12,1,0
2026-07-14 12:00:00,General Medicine,General Medicine Ward,120,119,1,0.9917,99.2,5,4,1,RED,12,1,0
2026-07-14 12:00:00,Surgical Ward,Surgical & Post-Op Ward,80,36,44,0.45,45.0,1,5,-4,GREEN,12,1,0
2026-07-14 12:00:00,Pediatrics,Pediatric Ward,40,42,0,1.05,105.0,1,0,1,RED,12,1,0
2026-07-14 13:00:00,Emergency,Emergency Department (ED),50,51,0,1.02,102.0,0,1,-1,RED,13,1,0
2026-07-14 13:00:00,ICU,Intensive Care Unit (ICU),30,29,1,0.9667,96.7,1,0,1,RED,13,1,0
2026-07-14 13:00:00,General Medicine,General Medicine Ward,120,113,7,0.9417,94.2,2,8,-6,RED,13,1,0
2026-07-14 13:00:00,Surgical Ward,Surgical & Post-Op Ward,80,42,38,0.525,52.5,6,0,6,GREEN,13,1,0
2026-07-14 13:00:00,Pediatrics,Pediatric Ward,40,41,0,1.025,102.5,0,1,-1,RED,13,1,0
2026-07-14 14:00:00,Emergency,Emergency Department (ED),50,50,0,1.0,100.0,2,3,-1,RED,14,1,0
2026-07-14 14:00:00,ICU,Intensive Care Unit (ICU),30,29,1,0.9667,96.7,0,0,0,RED,14,1,0
2026-07-14 14:00:00,General Medicine,General Medicine Ward,120,117,3,0.975,97.5,6,2,4,RED,14,1,0
2026-07-14 14:00:00,Surgical Ward,Surgical & Post-Op Ward,80,45,35,0.5625,56.2,4,1,3,GREEN,14,1,0
2026-07-14 14:00:00,Pediatrics,Pediatric Ward,40,38,2,0.95,95.0,0,3,-3,RED,14,1,0
2026-07-14 15:00:00,Emergency,Emergency Department (ED),50,46,4,0.92,92.0,1,5,-4,RED,15,1,0
2026-07-14 15:00:00,ICU,Intensive Care Unit (ICU),30,29,1,0.9667,96.7,0,0,0,RED,15,1,0
2026-07-14 15:00:00,General Medicine,General Medicine Ward,120,119,1,0.9917,99.2,6,4,2,RED,15,1,0
2026-07-14 15:00:00,Surgical Ward,Surgical & Post-Op Ward,80,41,39,0.5125,51.2,0,4,-4,GREEN,15,1,0
2026-07-14 15:00:00,Pediatrics,Pediatric Ward,40,39,1,0.975,97.5,3,2,1,RED,15,1,0
2026-07-14 16:00:00,Emergency,Emergency Department (ED),50,44,6,0.88,88.0,1,3,-2,AMBER,16,1,0
2026-07-14 16:00:00,ICU,Intensive Care Unit (ICU),30,30,0,1.0,100.0,1,0,1,RED,16,1,0
2026-07-14 16:00:00,General Medicine,General Medicine Ward,120,126,0,1.05,105.0,10,3,7,RED,16,1,0
2026-07-14 16:00:00,Surgical Ward,Surgical & Post-Op Ward,80,41,39,0.5125,51.2,2,2,0,GREEN,16,1,0
2026-07-14 16:00:00,Pediatrics,Pediatric Ward,40,40,0,1.0,100.0,2,1,1,RED,16,1,0
2026-07-14 17:00:00,Emergency,Emergency Department (ED),50,48,2,0.96,96.0,6,2,4,RED,17,1,0
2026-07-14 17:00:00,ICU,Intensive Care Unit (ICU),30,29,1,0.9667,96.7,0,1,-1,RED,17,1,0
2026-07-14 17:00:00,General Medicine,General Medicine Ward,120,128,0,1.0667,106.7,5,3,2,RED,17,1,0
2026-07-14 17:00:00,Surgical Ward,Surgical & Post-Op Ward,80,42,38,0.525,52.5,3,2,1,GREEN,17,1,0
2026-07-14 17:00:00,Pediatrics,Pediatric Ward,40,41,0,1.025,102.5,2,1,1,RED,17,1,0
2026-07-14 18:00:00,Emergency,Emergency Department (ED),50,49,1,0.98,98.0,6,5,1,RED,18,1,0
2026-07-14 18:00:00,ICU,Intensive Care Unit (ICU),30,30,0,1.0,100.0,1,0,1,RED,18,1,0
2026-07-14 18:00:00,General Medicine,General Medicine Ward,120,129,0,1.075,107.5,6,2,4,RED,18,1,0
2026-07-14 18:00:00,Surgical Ward,Surgical & Post-Op Ward,80,40,40,0.5,50.0,1,3,-2,GREEN,18,1,0
2026-07-14 18:00:00,Pediatrics,Pediatric Ward,40,42,0,1.05,105.0,1,0,1,RED,18,1,0
2026-07-14 19:00:00,Emergency,Emergency Department (ED),50,50,0,1.0,100.0,4,3,1,RED,19,1,0
2026-07-14 19:00:00,ICU,Intensive Care Unit (ICU),30,29,1,0.9667,96.7,0,1,-1,RED,19,1,0
2026-07-14 19:00:00,General Medicine,General Medicine Ward,120,127,0,1.0583,105.8,1,3,-2,RED,19,1,0
2026-07-14 19:00:00,Surgical Ward,Surgical & Post-Op Ward,80,42,38,0.525,52.5,4,2,2,GREEN,19,1,0
2026-07-14 19:00:00,Pediatrics,Pediatric Ward,40,43,0,1.075,107.5,2,1,1,RED,19,1,0
2026-07-14 20:00:00,Emergency,Emergency Department (ED),50,54,0,1.08,108.0,8,3,5,RED,20,1,0
2026-07-14 20:00:00,ICU,Intensive Care Unit (ICU),30,30,0,1.0,100.0,1,0,1,RED,20,1,0
2026-07-14 20:00:00,General Medicine,General Medicine Ward,120,127,0,1.0583,105.8,3,3,0,RED,20,1,0
2026-07-14 20:00:00,Surgical Ward,Surgical & Post-Op Ward,80,44,36,0.55,55.0,2,0,2,GREEN,20,1,0
2026-07-14 20:00:00,Pediatrics,Pediatric Ward,40,40,0,1.0,100.0,0,3,-3,RED,20,1,0
2026-07-14 21:00:00,Emergency,Emergency Department (ED),50,54,0,1.08,108.0,4,2,2,RED,21,1,0
2026-07-14 21:00:00,ICU,Intensive Care Unit (ICU),30,31,0,1.0333,103.3,1,0,1,RED,21,1,0
2026-07-14 21:00:00,General Medicine,General Medicine Ward,120,129,0,1.075,107.5,6,2,4,RED,21,1,0
2026-07-14 21:00:00,Surgical Ward,Surgical & Post-Op Ward,80,44,36,0.55,55.0,2,2,0,GREEN,21,1,0
2026-07-14 21:00:00,Pediatrics,Pediatric Ward,40,41,0,1.025,102.5,1,0,1,RED,21,1,0
2026-07-14 22:00:00,Emergency,Emergency Department (ED),50,54,0,1.08,108.0,7,1,6,RED,22,1,0
2026-07-14 22:00:00,ICU,Intensive Care Unit (ICU),30,31,0,1.0333,103.3,0,0,0,RED,22,1,0
2026-07-14 22:00:00,General Medicine,General Medicine Ward,120,129,0,1.075,107.5,5,3,2,RED,22,1,0
2026-07-14 22:00:00,Surgical Ward,Surgical & Post-Op Ward,80,41,39,0.5125,51.2,1,4,-3,GREEN,22,1,0
2026-07-14 22:00:00,Pediatrics,Pediatric Ward,40,43,0,1.075,107.5,2,0,2,RED,22,1,0
2026-07-14 23:00:00,Emergency,Emergency Department (ED),50,54,0,1.08,108.0,3,3,0,RED,23,1,0
2026-07-14 23:00:00,ICU,Intensive Care Unit (ICU),30,32,0,1.0667,106.7,2,1,1,RED,23,1,0
2026-07-14 23:00:00,General Medicine,General Medicine Ward,120,129,0,1.075,107.5,5,0,5,RED,23,1,0
2026-07-14 23:00:00,Surgical Ward,Surgical & Post-Op Ward,80,40,40,0.5,50.0,1,2,-1,GREEN,23,1,0
2026-07-14 23:00:00,Pediatrics,Pediatric Ward,40,42,0,1.05,105.0,0,1,-1,RED,23,1,0
2026-07-15 00:00:00,Emergency,Emergency Department (ED),50,49,1,0.98,98.0,0,5,-5,RED,0,2,0
2026-07-15 00:00:00,ICU,Intensive Care Unit (ICU),30,32,0,1.0667,106.7,0,0,0,RED,0,2,0
2026-07-15 00:00:00,General Medicine,General Medicine Ward,120,128,0,1.0667,106.7,1,2,-1,RED,0,2,0
2026-07-15 00:00:00,Surgical Ward,Surgical & Post-Op Ward,80,40,40,0.5,50.0,0,0,0,GREEN,0,2,0
2026-07-15 00:00:00,Pediatrics,Pediatric Ward,40,42,0,1.05,105.0,1,1,0,RED,0,2,0
2026-07-15 01:00:00,Emergency,Emergency Department (ED),50,48,2,0.96,96.0,3,4,-1,RED,1,2,0
2026-07-15 01:00:00,ICU,Intensive Care Unit (ICU),30,32,0,1.0667,106.7,1,0,1,RED,1,2,0
2026-07-15 01:00:00,General Medicine,General Medicine Ward,120,129,0,1.075,107.5,2,0,2,RED,1,2,0
2026-07-15 01:00:00,Surgical Ward,Surgical & Post-Op Ward,80,40,40,0.5,50.0,0,0,0,GREEN,1,2,0
2026-07-15 01:00:00,Pediatrics,Pediatric Ward,40,43,0,1.075,107.5,1,0,1,RED,1,2,0
2026-07-15 02:00:00,Emergency,Emergency Department (ED),50,51,0,1.02,102.0,3,0,3,RED,2,2,0
2026-07-15 02:00:00,ICU,Intensive Care Unit (ICU),30,32,0,1.0667,106.7,1,0,1,RED,2,2,0
2026-07-15 02:00:00,General Medicine,General Medicine Ward,120,128,0,1.0667,106.7,0,1,-1,RED,2,2,0
2026-07-15 02:00:00,Surgical Ward,Surgical & Post-Op Ward,80,41,39,0.5125,51.2,1,0,1,GREEN,2,2,0
2026-07-15 02:00:00,Pediatrics,Pediatric Ward,40,43,0,1.075,107.5,0,0,0,RED,2,2,0
2026-07-15 03:00:00,Emergency,Emergency Department (ED),50,52,0,1.04,104.0,1,0,1,RED,3,2,0
2026-07-15 03:00:00,ICU,Intensive Care Unit (ICU),30,32,0,1.0667,106.7,1,1,0,RED,3,2,0
2026-07-15 03:00:00,General Medicine,General Medicine Ward,120,129,0,1.075,107.5,3,0,3,RED,3,2,0
2026-07-15 03:00:00,Surgical Ward,Surgical & Post-Op Ward,80,41,39,0.5125,51.2,0,0,0,GREEN,3,2,0
2026-07-15 03:00:00,Pediatrics,Pediatric Ward,40,43,0,1.075,107.5,0,0,0,RED,3,2,0
2026-07-15 04:00:00,Emergency,Emergency Department (ED),50,52,0,1.04,104.0,0,0,0,RED,4,2,0
2026-07-15 04:00:00,ICU,Intensive Care Unit (ICU),30,32,0,1.0667,106.7,0,0,0,RED,4,2,0
2026-07-15 04:00:00,General Medicine,General Medicine Ward,120,129,0,1.075,107.5,0,0,0,RED,4,2,0
2026-07-15 04:00:00,Surgical Ward,Surgical & Post-Op Ward,80,41,39,0.5125,51.2,0,0,0,GREEN,4,2,0
2026-07-15 04:00:00,Pediatrics,Pediatric Ward,40,43,0,1.075,107.5,1,0,1,RED,4,2,0
2026-07-15 05:00:00,Emergency,Emergency Department (ED),50,54,0,1.08,108.0,2,0,2,RED,5,2,0
2026-07-15 05:00:00,ICU,Intensive Care Unit (ICU),30,31,0,1.0333,103.3,0,1,-1,RED,5,2,0
2026-07-15 05:00:00,General Medicine,General Medicine Ward,120,129,0,1.075,107.5,3,0,3,RED,5,2,0
2026-07-15 05:00:00,Surgical Ward,Surgical & Post-Op Ward,80,42,38,0.525,52.5,3,2,1,GREEN,5,2,0
2026-07-15 05:00:00,Pediatrics,Pediatric Ward,40,43,0,1.075,107.5,0,0,0,RED,5,2,0
2026-07-15 06:00:00,Emergency,Emergency Department (ED),50,53,0,1.06,106.0,0,1,-1,RED,6,2,0
2026-07-15 06:00:00,ICU,Intensive Care Unit (ICU),30,30,0,1.0,100.0,0,1,-1,RED,6,2,0
2026-07-15 06:00:00,General Medicine,General Medicine Ward,120,129,0,1.075,107.5,7,4,3,RED,6,2,0
2026-07-15 06:00:00,Surgical Ward,Surgical & Post-Op Ward,80,42,38,0.525,52.5,3,3,0,GREEN,6,2,0
2026-07-15 06:00:00,Pediatrics,Pediatric Ward,40,43,0,1.075,107.5,0,0,0,RED,6,2,0
2026-07-15 07:00:00,Emergency,Emergency Department (ED),50,54,0,1.08,108.0,4,3,1,RED,7,2,0
2026-07-15 07:00:00,ICU,Intensive Care Unit (ICU),30,30,0,1.0,100.0,0,0,0,RED,7,2,0
2026-07-15 07:00:00,General Medicine,General Medicine Ward,120,129,0,1.075,107.5,7,4,3,RED,7,2,0
2026-07-15 07:00:00,Surgical Ward,Surgical & Post-Op Ward,80,43,37,0.5375,53.8,4,3,1,GREEN,7,2,0
2026-07-15 07:00:00,Pediatrics,Pediatric Ward,40,43,0,1.075,107.5,1,1,0,RED,7,2,0
2026-07-15 08:00:00,Emergency,Emergency Department (ED),50,54,0,1.08,108.0,4,2,2,RED,8,2,0
2026-07-15 08:00:00,ICU,Intensive Care Unit (ICU),30,32,0,1.0667,106.7,2,0,2,RED,8,2,0
2026-07-15 08:00:00,General Medicine,General Medicine Ward,120,129,0,1.075,107.5,4,2,2,RED,8,2,0
2026-07-15 08:00:00,Surgical Ward,Surgical & Post-Op Ward,80,43,37,0.5375,53.8,2,2,0,GREEN,8,2,0
2026-07-15 08:00:00,Pediatrics,Pediatric Ward,40,43,0,1.075,107.5,2,1,1,RED,8,2,0
2026-07-15 09:00:00,Emergency,Emergency Department (ED),50,54,0,1.08,108.0,2,1,1,RED,9,2,0
2026-07-15 09:00:00,ICU,Intensive Care Unit (ICU),30,32,0,1.0667,106.7,1,0,1,RED,9,2,0
2026-07-15 09:00:00,General Medicine,General Medicine Ward,120,129,0,1.075,107.5,6,5,1,RED,9,2,0
2026-07-15 09:00:00,Surgical Ward,Surgical & Post-Op Ward,80,45,35,0.5625,56.2,5,3,2,GREEN,9,2,0
2026-07-15 09:00:00,Pediatrics,Pediatric Ward,40,43,0,1.075,107.5,0,0,0,RED,9,2,0
2026-07-15 10:00:00,Emergency,Emergency Department (ED),50,53,0,1.06,106.0,2,3,-1,RED,10,2,0
2026-07-15 10:00:00,ICU,Intensive Care Unit (ICU),30,32,0,1.0667,106.7,0,0,0,RED,10,2,0
2026-07-15 10:00:00,General Medicine,General Medicine Ward,120,126,0,1.05,105.0,3,6,-3,RED,10,2,0
2026-07-15 10:00:00,Surgical Ward,Surgical & Post-Op Ward,80,45,35,0.5625,56.2,4,4,0,GREEN,10,2,0
2026-07-15 10:00:00,Pediatrics,Pediatric Ward,40,40,0,1.0,100.0,0,3,-3,RED,10,2,0
2026-07-15 11:00:00,Emergency,Emergency Department (ED),50,53,0,1.06,106.0,3,3,0,RED,11,2,0
2026-07-15 11:00:00,ICU,Intensive Care Unit (ICU),30,32,0,1.0667,106.7,0,0,0,RED,11,2,0
2026-07-15 11:00:00,General Medicine,General Medicine Ward,120,122,0,1.0167,101.7,2,6,-4,RED,11,2,0
2026-07-15 11:00:00,Surgical Ward,Surgical & Post-Op Ward,80,51,29,0.6375,63.7,7,1,6,GREEN,11,2,0
2026-07-15 11:00:00,Pediatrics,Pediatric Ward,40,41,0,1.025,102.5,4,3,1,RED,11,2,0
2026-07-15 12:00:00,Emergency,Emergency Department (ED),50,54,0,1.08,108.0,4,0,4,RED,12,2,0
2026-07-15 12:00:00,ICU,Intensive Care Unit (ICU),30,32,0,1.0667,106.7,0,0,0,RED,12,2,0
2026-07-15 12:00:00,General Medicine,General Medicine Ward,120,121,0,1.0083,100.8,6,7,-1,RED,12,2,0
2026-07-15 12:00:00,Surgical Ward,Surgical & Post-Op Ward,80,47,33,0.5875,58.8,2,6,-4,GREEN,12,2,0
2026-07-15 12:00:00,Pediatrics,Pediatric Ward,40,41,0,1.025,102.5,1,1,0,RED,12,2,0
2026-07-15 13:00:00,Emergency,Emergency Department (ED),50,54,0,1.08,108.0,4,4,0,RED,13,2,0
2026-07-15 13:00:00,ICU,Intensive Care Unit (ICU),30,32,0,1.0667,106.7,1,0,1,RED,13,2,0
2026-07-15 13:00:00,General Medicine,General Medicine Ward,120,122,0,1.0167,101.7,5,4,1,RED,13,2,0
2026-07-15 13:00:00,Surgical Ward,Surgical & Post-Op Ward,80,44,36,0.55,55.0,1,4,-3,GREEN,13,2,0
2026-07-15 13:00:00,Pediatrics,Pediatric Ward,40,43,0,1.075,107.5,2,0,2,RED,13,2,0
2026-07-15 14:00:00,Emergency,Emergency Department (ED),50,50,0,1.0,100.0,2,6,-4,RED,14,2,0
2026-07-15 14:00:00,ICU,Intensive Care Unit (ICU),30,31,0,1.0333,103.3,0,1,-1,RED,14,2,0
2026-07-15 14:00:00,General Medicine,General Medicine Ward,120,126,0,1.05,105.0,9,5,4,RED,14,2,0
2026-07-15 14:00:00,Surgical Ward,Surgical & Post-Op Ward,80,39,41,0.4875,48.8,1,6,-5,GREEN,14,2,0
2026-07-15 14:00:00,Pediatrics,Pediatric Ward,40,43,0,1.075,107.5,0,0,0,RED,14,2,0
2026-07-15 15:00:00,Emergency,Emergency Department (ED),50,54,0,1.08,108.0,8,1,7,RED,15,2,0
2026-07-15 15:00:00,ICU,Intensive Care Unit (ICU),30,31,0,1.0333,103.3,0,0,0,RED,15,2,0
2026-07-15 15:00:00,General Medicine,General Medicine Ward,120,128,0,1.0667,106.7,5,3,2,RED,15,2,0
2026-07-15 15:00:00,Surgical Ward,Surgical & Post-Op Ward,80,37,43,0.4625,46.2,1,3,-2,GREEN,15,2,0
2026-07-15 15:00:00,Pediatrics,Pediatric Ward,40,42,0,1.05,105.0,0,1,-1,RED,15,2,0
2026-07-15 16:00:00,Emergency,Emergency Department (ED),50,54,0,1.08,108.0,5,4,1,RED,16,2,0
2026-07-15 16:00:00,ICU,Intensive Care Unit (ICU),30,30,0,1.0,100.0,0,1,-1,RED,16,2,0
2026-07-15 16:00:00,General Medicine,General Medicine Ward,120,129,0,1.075,107.5,4,3,1,RED,16,2,0
2026-07-15 16:00:00,Surgical Ward,Surgical & Post-Op Ward,80,43,37,0.5375,53.8,6,0,6,GREEN,16,2,0
2026-07-15 16:00:00,Pediatrics,Pediatric Ward,40,42,0,1.05,105.0,0,0,0,RED,16,2,0
2026-07-15 17:00:00,Emergency,Emergency Department (ED),50,52,0,1.04,104.0,3,5,-2,RED,17,2,0
2026-07-15 17:00:00,ICU,Intensive Care Unit (ICU),30,30,0,1.0,100.0,0,0,0,RED,17,2,0
2026-07-15 17:00:00,General Medicine,General Medicine Ward,120,129,0,1.075,107.5,5,5,0,RED,17,2,0
2026-07-15 17:00:00,Surgical Ward,Surgical & Post-Op Ward,80,44,36,0.55,55.0,1,0,1,GREEN,17,2,0
2026-07-15 17:00:00,Pediatrics,Pediatric Ward,40,43,0,1.075,107.5,2,0,2,RED,17,2,0
2026-07-15 18:00:00,Emergency,Emergency Department (ED),50,54,0,1.08,108.0,5,1,4,RED,18,2,0
2026-07-15 18:00:00,ICU,Intensive Care Unit (ICU),30,30,0,1.0,100.0,0,0,0,RED,18,2,0
2026-07-15 18:00:00,General Medicine,General Medicine Ward,120,128,0,1.0667,106.7,2,3,-1,RED,18,2,0
2026-07-15 18:00:00,Surgical Ward,Surgical & Post-Op Ward,80,47,33,0.5875,58.8,3,0,3,GREEN,18,2,0
2026-07-15 18:00:00,Pediatrics,Pediatric Ward,40,43,0,1.075,107.5,3,2,1,RED,18,2,0
2026-07-15 19:00:00,Emergency,Emergency Department (ED),50,54,0,1.08,108.0,7,1,6,RED,19,2,0
2026-07-15 19:00:00,ICU,Intensive Care Unit (ICU),30,29,1,0.9667,96.7,1,2,-1,RED,19,2,0
2026-07-15 19:00:00,General Medicine,General Medicine Ward,120,129,0,1.075,107.5,5,2,3,RED,19,2,0
2026-07-15 19:00:00,Surgical Ward,Surgical & Post-Op Ward,80,48,32,0.6,60.0,1,0,1,GREEN,19,2,0
2026-07-15 19:00:00,Pediatrics,Pediatric Ward,40,42,0,1.05,105.0,1,2,-1,RED,19,2,0
2026-07-15 20:00:00,Emergency,Emergency Department (ED),50,54,0,1.08,108.0,4,4,0,RED,20,2,0
2026-07-15 20:00:00,ICU,Intensive Care Unit (ICU),30,29,1,0.9667,96.7,0,0,0,RED,20,2,0
2026-07-15 20:00:00,General Medicine,General Medicine Ward,120,129,0,1.075,107.5,3,2,1,RED,20,2,0
2026-07-15 20:00:00,Surgical Ward,Surgical & Post-Op Ward,80,53,27,0.6625,66.2,6,1,5,GREEN,20,2,0
2026-07-15 20:00:00,Pediatrics,Pediatric Ward,40,42,0,1.05,105.0,1,1,0,RED,20,2,0
2026-07-15 21:00:00,Emergency,Emergency Department (ED),50,54,0,1.08,108.0,7,6,1,RED,21,2,0
2026-07-15 21:00:00,ICU,Intensive Care Unit (ICU),30,30,0,1.0,100.0,1,0,1,RED,21,2,0
2026-07-15 21:00:00,General Medicine,General Medicine Ward,120,129,0,1.075,107.5,7,3,4,RED,21,2,0
2026-07-15 21:00:00,Surgical Ward,Surgical & Post-Op Ward,80,51,29,0.6375,63.7,2,4,-2,GREEN,21,2,0
2026-07-15 21:00:00,Pediatrics,Pediatric Ward,40,42,0,1.05,105.0,1,1,0,RED,21,2,0
2026-07-15 22:00:00,Emergency,Emergency Department (ED),50,50,0,1.0,100.0,0,4,-4,RED,22,2,0
2026-07-15 22:00:00,ICU,Intensive Care Unit (ICU),30,30,0,1.0,100.0,0,0,0,RED,22,2,0
2026-07-15 22:00:00,General Medicine,General Medicine Ward,120,128,0,1.0667,106.7,3,4,-1,RED,22,2,0
2026-07-15 22:00:00,Surgical Ward,Surgical & Post-Op Ward,80,51,29,0.6375,63.7,3,3,0,GREEN,22,2,0
2026-07-15 22:00:00,Pediatrics,Pediatric Ward,40,43,0,1.075,107.5,1,0,1,RED,22,2,0
2026-07-15 23:00:00,Emergency,Emergency Department (ED),50,53,0,1.06,106.0,4,1,3,RED,23,2,0
2026-07-15 23:00:00,ICU,Intensive Care Unit (ICU),30,30,0,1.0,100.0,0,0,0,RED,23,2,0
2026-07-15 23:00:00,General Medicine,General Medicine Ward,120,129,0,1.075,107.5,5,0,5,RED,23,2,0
2026-07-15 23:00:00,Surgical Ward,Surgical & Post-Op Ward,80,52,28,0.65,65.0,2,1,1,GREEN,23,2,0
2026-07-15 23:00:00,Pediatrics,Pediatric Ward,40,43,0,1.075,107.5,2,0,2,RED,23,2,0
2026-07-16 00:00:00,Emergency,Emergency Department (ED),50,54,0,1.08,108.0,5,3,2,RED,0,3,0
2026-07-16 00:00:00,ICU,Intensive Care Unit (ICU),30,30,0,1.0,100.0,0,0,0,RED,0,3,0
2026-07-16 00:00:00,General Medicine,General Medicine Ward,120,128,0,1.0667,106.7,3,4,-1,RED,0,3,0
2026-07-16 00:00:00,Surgical Ward,Surgical & Post-Op Ward,80,52,28,0.65,65.0,0,0,0,GREEN,0,3,0
2026-07-16 00:00:00,Pediatrics,Pediatric Ward,40,42,0,1.05,105.0,1,2,-1,RED,0,3,0
2026-07-16 01:00:00,Emergency,Emergency Department (ED),50,54,0,1.08,108.0,4,2,2,RED,1,3,0
2026-07-16 01:00:00,ICU,Intensive Care Unit (ICU),30,30,0,1.0,100.0,0,0,0,RED,1,3,0
2026-07-16 01:00:00,General Medicine,General Medicine Ward,120,128,0,1.0667,106.7,2,2,0,RED,1,3,0
2026-07-16 01:00:00,Surgical Ward,Surgical & Post-Op Ward,80,53,27,0.6625,66.2,1,0,1,GREEN,1,3,0
2026-07-16 01:00:00,Pediatrics,Pediatric Ward,40,42,0,1.05,105.0,0,0,0,RED,1,3,0
2026-07-16 02:00:00,Emergency,Emergency Department (ED),50,54,0,1.08,108.0,3,1,2,RED,2,3,0
2026-07-16 02:00:00,ICU,Intensive Care Unit (ICU),30,31,0,1.0333,103.3,1,0,1,RED,2,3,0
2026-07-16 02:00:00,General Medicine,General Medicine Ward,120,129,0,1.075,107.5,1,0,1,RED,2,3,0
2026-07-16 02:00:00,Surgical Ward,Surgical & Post-Op Ward,80,54,26,0.675,67.5,1,0,1,GREEN,2,3,0
2026-07-16 02:00:00,Pediatrics,Pediatric Ward,40,42,0,1.05,105.0,0,0,0,RED,2,3,0
2026-07-16 03:00:00,Emergency,Emergency Department (ED),50,54,0,1.08,108.0,1,1,0,RED,3,3,0
2026-07-16 03:00:00,ICU,Intensive Care Unit (ICU),30,31,0,1.0333,103.3,0,0,0,RED,3,3,0
2026-07-16 03:00:00,General Medicine,General Medicine Ward,120,129,0,1.075,107.5,1,1,0,RED,3,3,0
2026-07-16 03:00:00,Surgical Ward,Surgical & Post-Op Ward,80,54,26,0.675,67.5,0,0,0,GREEN,3,3,0
2026-07-16 03:00:00,Pediatrics,Pediatric Ward,40,42,0,1.05,105.0,0,0,0,RED,3,3,0
2026-07-16 04:00:00,Emergency,Emergency Department (ED),50,54,0,1.08,108.0,3,1,2,RED,4,3,0
2026-07-16 04:00:00,ICU,Intensive Care Unit (ICU),30,31,0,1.0333,103.3,0,0,0,RED,4,3,0
2026-07-16 04:00:00,General Medicine,General Medicine Ward,120,128,0,1.0667,106.7,0,1,-1,RED,4,3,0
2026-07-16 04:00:00,Surgical Ward,Surgical & Post-Op Ward,80,53,27,0.6625,66.2,0,1,-1,GREEN,4,3,0
2026-07-16 04:00:00,Pediatrics,Pediatric Ward,40,41,0,1.025,102.5,0,1,-1,RED,4,3,0
2026-07-16 05:00:00,Emergency,Emergency Department (ED),50,54,0,1.08,108.0,0,0,0,RED,5,3,0
2026-07-16 05:00:00,ICU,Intensive Care Unit (ICU),30,31,0,1.0333,103.3,0,0,0,RED,5,3,0
2026-07-16 05:00:00,General Medicine,General Medicine Ward,120,128,0,1.0667,106.7,0,0,0,RED,5,3,0
2026-07-16 05:00:00,Surgical Ward,Surgical & Post-Op Ward,80,57,23,0.7125,71.2,4,0,4,GREEN,5,3,0
2026-07-16 05:00:00,Pediatrics,Pediatric Ward,40,40,0,1.0,100.0,0,1,-1,RED,5,3,0
2026-07-16 06:00:00,Emergency,Emergency Department (ED),50,54,0,1.08,108.0,0,0,0,RED,6,3,0
2026-07-16 06:00:00,ICU,Intensive Care Unit (ICU),30,30,0,1.0,100.0,0,1,-1,RED,6,3,0
2026-07-16 06:00:00,General Medicine,General Medicine Ward,120,127,0,1.0583,105.8,4,5,-1,RED,6,3,0
2026-07-16 06:00:00,Surgical Ward,Surgical & Post-Op Ward,80,56,24,0.7,70.0,1,2,-1,GREEN,6,3,0
2026-07-16 06:00:00,Pediatrics,Pediatric Ward,40,40,0,1.0,100.0,1,1,0,RED,6,3,0
2026-07-16 07:00:00,Emergency,Emergency Department (ED),50,54,0,1.08,108.0,2,1,1,RED,7,3,0
2026-07-16 07:00:00,ICU,Intensive Care Unit (ICU),30,32,0,1.0667,106.7,3,0,3,RED,7,3,0
2026-07-16 07:00:00,General Medicine,General Medicine Ward,120,125,0,1.0417,104.2,4,6,-2,RED,7,3,0
2026-07-16 07:00:00,Surgical Ward,Surgical & Post-Op Ward,80,53,27,0.6625,66.2,0,3,-3,GREEN,7,3,0
2026-07-16 07:00:00,Pediatrics,Pediatric Ward,40,39,1,0.975,97.5,0,1,-1,RED,7,3,0
2026-07-16 08:00:00,Emergency,Emergency Department (ED),50,52,0,1.04,104.0,2,4,-2,RED,8,3,0
2026-07-16 08:00:00,ICU,Intensive Care Unit (ICU),30,32,0,1.0667,106.7,0,0,0,RED,8,3,0
2026-07-16 08:00:00,General Medicine,General Medicine Ward,120,126,0,1.05,105.0,5,4,1,RED,8,3,0
2026-07-16 08:00:00,Surgical Ward,Surgical & Post-Op Ward,80,55,25,0.6875,68.8,5,3,2,GREEN,8,3,0
2026-07-16 08:00:00,Pediatrics,Pediatric Ward,40,41,0,1.025,102.5,3,1,2,RED,8,3,0
2026-07-16 09:00:00,Emergency,Emergency Department (ED),50,52,0,1.04,104.0,5,5,0,RED,9,3,0
2026-07-16 09:00:00,ICU,Intensive Care Unit (ICU),30,32,0,1.0667,106.7,0,0,0,RED,9,3,0
2026-07-16 09:00:00,General Medicine,General Medicine Ward,120,129,0,1.075,107.5,6,0,6,RED,9,3,0
2026-07-16 09:00:00,Surgical Ward,Surgical & Post-Op Ward,80,58,22,0.725,72.5,6,3,3,GREEN,9,3,0
2026-07-16 09:00:00,Pediatrics,Pediatric Ward,40,42,0,1.05,105.0,1,0,1,RED,9,3,0
2026-07-16 10:00:00,Emergency,Emergency Department (ED),50,53,0,1.06,106.0,4,3,1,RED,10,3,0
2026-07-16 10:00:00,ICU,Intensive Care Unit (ICU),30,32,0,1.0667,106.7,0,0,0,RED,10,3,0
2026-07-16 10:00:00,General Medicine,General Medicine Ward,120,129,0,1.075,107.5,8,7,1,RED,10,3,0
2026-07-16 10:00:00,Surgical Ward,Surgical & Post-Op Ward,80,57,23,0.7125,71.2,3,4,-1,GREEN,10,3,0
2026-07-16 10:00:00,Pediatrics,Pediatric Ward,40,43,0,1.075,107.5,3,1,2,RED,10,3,0
2026-07-16 11:00:00,Emergency,Emergency Department (ED),50,54,0,1.08,108.0,5,3,2,RED,11,3,0
2026-07-16 11:00:00,ICU,Intensive Care Unit (ICU),30,30,0,1.0,100.0,0,2,-2,RED,11,3,0
2026-07-16 11:00:00,General Medicine,General Medicine Ward,120,128,0,1.0667,106.7,4,5,-1,RED,11,3,0
2026-07-16 11:00:00,Surgical Ward,Surgical & Post-Op Ward,80,60,20,0.75,75.0,7,4,3,AMBER,11,3,0
2026-07-16 11:00:00,Pediatrics,Pediatric Ward,40,43,0,1.075,107.5,3,0,3,RED,11,3,0
2026-07-16 12:00:00,Emergency,Emergency Department (ED),50,54,0,1.08,108.0,4,3,1,RED,12,3,0
2026-07-16 12:00:00,ICU,Intensive Care Unit (ICU),30,30,0,1.0,100.0,0,0,0,RED,12,3,0
2026-07-16 12:00:00,General Medicine,General Medicine Ward,120,129,0,1.075,107.5,5,3,2,RED,12,3,0
2026-07-16 12:00:00,Surgical Ward,Surgical & Post-Op Ward,80,61,19,0.7625,76.2,3,2,1,AMBER,12,3,0
2026-07-16 12:00:00,Pediatrics,Pediatric Ward,40,43,0,1.075,107.5,1,1,0,RED,12,3,0
2026-07-16 13:00:00,Emergency,Emergency Department (ED),50,54,0,1.08,108.0,6,6,0,RED,13,3,0
2026-07-16 13:00:00,ICU,Intensive Care Unit (ICU),30,30,0,1.0,100.0,1,1,0,RED,13,3,0
2026-07-16 13:00:00,General Medicine,General Medicine Ward,120,125,0,1.0417,104.2,2,6,-4,RED,13,3,0
2026-07-16 13:00:00,Surgical Ward,Surgical & Post-Op Ward,80,61,19,0.7625,76.2,2,2,0,AMBER,13,3,0
2026-07-16 13:00:00,Pediatrics,Pediatric Ward,40,43,0,1.075,107.5,2,1,1,RED,13,3,0
2026-07-16 14:00:00,Emergency,Emergency Department (ED),50,54,0,1.08,108.0,7,4,3,RED,14,3,0
2026-07-16 14:00:00,ICU,Intensive Care Unit (ICU),30,31,0,1.0333,103.3,1,0,1,RED,14,3,0
2026-07-16 14:00:00,General Medicine,General Medicine Ward,120,128,0,1.0667,106.7,9,6,3,RED,14,3,0
2026-07-16 14:00:00,Surgical Ward,Surgical & Post-Op Ward,80,62,18,0.775,77.5,5,4,1,AMBER,14,3,0
2026-07-16 14:00:00,Pediatrics,Pediatric Ward,40,43,0,1.075,107.5,2,1,1,RED,14,3,0
2026-07-16 15:00:00,Emergency,Emergency Department (ED),50,54,0,1.08,108.0,8,5,3,RED,15,3,0
2026-07-16 15:00:00,ICU,Intensive Care Unit (ICU),30,32,0,1.0667,106.7,1,0,1,RED,15,3,0
2026-07-16 15:00:00,General Medicine,General Medicine Ward,120,129,0,1.075,107.5,6,4,2,RED,15,3,0
2026-07-16 15:00:00,Surgical Ward,Surgical & Post-Op Ward,80,62,18,0.775,77.5,3,3,0,AMBER,15,3,0
2026-07-16 15:00:00,Pediatrics,Pediatric Ward,40,41,0,1.025,102.5,1,3,-2,RED,15,3,0
2026-07-16 16:00:00,Emergency,Emergency Department (ED),50,54,0,1.08,108.0,5,2,3,RED,16,3,0
2026-07-16 16:00:00,ICU,Intensive Care Unit (ICU),30,32,0,1.0667,106.7,0,0,0,RED,16,3,0
2026-07-16 16:00:00,General Medicine,General Medicine Ward,120,126,0,1.05,105.0,1,4,-3,RED,16,3,0
2026-07-16 16:00:00,Surgical Ward,Surgical & Post-Op Ward,80,64,16,0.8,80.0,2,0,2,AMBER,16,3,0
2026-07-16 16:00:00,Pediatrics,Pediatric Ward,40,41,0,1.025,102.5,0,0,0,RED,16,3,0
2026-07-16 17:00:00,Emergency,Emergency Department (ED),50,52,0,1.04,104.0,0,2,-2,RED,17,3,0
2026-07-16 17:00:00,ICU,Intensive Care Unit (ICU),30,32,0,1.0667,106.7,1,0,1,RED,17,3,0
2026-07-16 17:00:00,General Medicine,General Medicine Ward,120,128,0,1.0667,106.7,3,1,2,RED,17,3,0
2026-07-16 17:00:00,Surgical Ward,Surgical & Post-Op Ward,80,66,14,0.825,82.5,2,0,2,AMBER,17,3,0
2026-07-16 17:00:00,Pediatrics,Pediatric Ward,40,41,0,1.025,102.5,0,0,0,RED,17,3,0
2026-07-16 18:00:00,Emergency,Emergency Department (ED),50,52,0,1.04,104.0,2,2,0,RED,18,3,0
2026-07-16 18:00:00,ICU,Intensive Care Unit (ICU),30,32,0,1.0667,106.7,1,0,1,RED,18,3,0
2026-07-16 18:00:00,General Medicine,General Medicine Ward,120,128,0,1.0667,106.7,2,2,0,RED,18,3,0
2026-07-16 18:00:00,Surgical Ward,Surgical & Post-Op Ward,80,64,16,0.8,80.0,2,4,-2,AMBER,18,3,0
2026-07-16 18:00:00,Pediatrics,Pediatric Ward,40,40,0,1.0,100.0,0,1,-1,RED,18,3,0
2026-07-16 19:00:00,Emergency,Emergency Department (ED),50,52,0,1.04,104.0,3,3,0,RED,19,3,0
2026-07-16 19:00:00,ICU,Intensive Care Unit (ICU),30,32,0,1.0667,106.7,0,0,0,RED,19,3,0
2026-07-16 19:00:00,General Medicine,General Medicine Ward,120,125,0,1.0417,104.2,1,4,-3,RED,19,3,0
2026-07-16 19:00:00,Surgical Ward,Surgical & Post-Op Ward,80,65,15,0.8125,81.2,5,4,1,AMBER,19,3,0
2026-07-16 19:00:00,Pediatrics,Pediatric Ward,40,42,0,1.05,105.0,2,0,2,RED,19,3,0
2026-07-16 20:00:00,Emergency,Emergency Department (ED),50,54,0,1.08,108.0,4,1,3,RED,20,3,0
2026-07-16 20:00:00,ICU,Intensive Care Unit (ICU),30,32,0,1.0667,106.7,1,0,1,RED,20,3,0
2026-07-16 20:00:00,General Medicine,General Medicine Ward,120,124,0,1.0333,103.3,4,5,-1,RED,20,3,0
2026-07-16 20:00:00,Surgical Ward,Surgical & Post-Op Ward,80,64,16,0.8,80.0,1,2,-1,AMBER,20,3,0
2026-07-16 20:00:00,Pediatrics,Pediatric Ward,40,41,0,1.025,102.5,0,1,-1,RED,20,3,0
2026-07-16 21:00:00,Emergency,Emergency Department (ED),50,54,0,1.08,108.0,3,3,0,RED,21,3,0
2026-07-16 21:00:00,ICU,Intensive Care Unit (ICU),30,32,0,1.0667,106.7,3,1,2,RED,21,3,0
2026-07-16 21:00:00,General Medicine,General Medicine Ward,120,129,0,1.075,107.5,8,0,8,RED,21,3,0
2026-07-16 21:00:00,Surgical Ward,Surgical & Post-Op Ward,80,64,16,0.8,80.0,2,2,0,AMBER,21,3,0
2026-07-16 21:00:00,Pediatrics,Pediatric Ward,40,40,0,1.0,100.0,0,1,-1,RED,21,3,0
2026-07-16 22:00:00,Emergency,Emergency Department (ED),50,54,0,1.08,108.0,4,1,3,RED,22,3,0
2026-07-16 22:00:00,ICU,Intensive Care Unit (ICU),30,32,0,1.0667,106.7,0,0,0,RED,22,3,0
2026-07-16 22:00:00,General Medicine,General Medicine Ward,120,128,0,1.0667,106.7,2,3,-1,RED,22,3,0
2026-07-16 22:00:00,Surgical Ward,Surgical & Post-Op Ward,80,69,11,0.8625,86.2,6,1,5,AMBER,22,3,0
2026-07-16 22:00:00,Pediatrics,Pediatric Ward,40,39,1,0.975,97.5,0,1,-1,RED,22,3,0
2026-07-16 23:00:00,Emergency,Emergency Department (ED),50,53,0,1.06,106.0,5,6,-1,RED,23,3,0
2026-07-16 23:00:00,ICU,Intensive Care Unit (ICU),30,32,0,1.0667,106.7,2,2,0,RED,23,3,0
2026-07-16 23:00:00,General Medicine,General Medicine Ward,120,129,0,1.075,107.5,6,5,1,RED,23,3,0
2026-07-16 23:00:00,Surgical Ward,Surgical & Post-Op Ward,80,69,11,0.8625,86.2,2,2,0,AMBER,23,3,0
2026-07-16 23:00:00,Pediatrics,Pediatric Ward,40,38,2,0.95,95.0,1,2,-1,RED,23,3,0
2026-07-17 00:00:00,Emergency,Emergency Department (ED),50,54,0,1.08,108.0,5,3,2,RED,0,4,0
2026-07-17 00:00:00,ICU,Intensive Care Unit (ICU),30,32,0,1.0667,106.7,1,0,1,RED,0,4,0
2026-07-17 00:00:00,General Medicine,General Medicine Ward,120,129,0,1.075,107.5,3,2,1,RED,0,4,0
2026-07-17 00:00:00,Surgical Ward,Surgical & Post-Op Ward,80,71,9,0.8875,88.8,2,0,2,AMBER,0,4,0
2026-07-17 00:00:00,Pediatrics,Pediatric Ward,40,38,2,0.95,95.0,2,2,0,RED,0,4,0
2026-07-17 01:00:00,Emergency,Emergency Department (ED),50,51,0,1.02,102.0,0,3,-3,RED,1,4,0
2026-07-17 01:00:00,ICU,Intensive Care Unit (ICU),30,32,0,1.0667,106.7,2,1,1,RED,1,4,0
2026-07-17 01:00:00,General Medicine,General Medicine Ward,120,129,0,1.075,107.5,1,0,1,RED,1,4,0
2026-07-17 01:00:00,Surgical Ward,Surgical & Post-Op Ward,80,73,7,0.9125,91.2,3,1,2,RED,1,4,0
2026-07-17 01:00:00,Pediatrics,Pediatric Ward,40,40,0,1.0,100.0,2,0,2,RED,1,4,0
2026-07-17 02:00:00,Emergency,Emergency Department (ED),50,51,0,1.02,102.0,0,0,0,RED,2,4,0
2026-07-17 02:00:00,ICU,Intensive Care Unit (ICU),30,32,0,1.0667,106.7,0,0,0,RED,2,4,0
2026-07-17 02:00:00,General Medicine,General Medicine Ward,120,129,0,1.075,107.5,3,2,1,RED,2,4,0
2026-07-17 02:00:00,Surgical Ward,Surgical & Post-Op Ward,80,74,6,0.925,92.5,1,0,1,RED,2,4,0
2026-07-17 02:00:00,Pediatrics,Pediatric Ward,40,40,0,1.0,100.0,0,0,0,RED,2,4,0
2026-07-17 03:00:00,Emergency,Emergency Department (ED),50,49,1,0.98,98.0,0,2,-2,RED,3,4,0
2026-07-17 03:00:00,ICU,Intensive Care Unit (ICU),30,32,0,1.0667,106.7,0,0,0,RED,3,4,0
2026-07-17 03:00:00,General Medicine,General Medicine Ward,120,128,0,1.0667,106.7,0,1,-1,RED,3,4,0
2026-07-17 03:00:00,Surgical Ward,Surgical & Post-Op Ward,80,74,6,0.925,92.5,1,1,0,RED,3,4,0
2026-07-17 03:00:00,Pediatrics,Pediatric Ward,40,39,1,0.975,97.5,0,1,-1,RED,3,4,0
2026-07-17 04:00:00,Emergency,Emergency Department (ED),50,50,0,1.0,100.0,1,0,1,RED,4,4,0
2026-07-17 04:00:00,ICU,Intensive Care Unit (ICU),30,32,0,1.0667,106.7,0,0,0,RED,4,4,0
2026-07-17 04:00:00,General Medicine,General Medicine Ward,120,129,0,1.075,107.5,1,0,1,RED,4,4,0
2026-07-17 04:00:00,Surgical Ward,Surgical & Post-Op Ward,80,74,6,0.925,92.5,0,0,0,RED,4,4,0
2026-07-17 04:00:00,Pediatrics,Pediatric Ward,40,40,0,1.0,100.0,1,0,1,RED,4,4,0
2026-07-17 05:00:00,Emergency,Emergency Department (ED),50,52,0,1.04,104.0,2,0,2,RED,5,4,0
2026-07-17 05:00:00,ICU,Intensive Care Unit (ICU),30,32,0,1.0667,106.7,1,0,1,RED,5,4,0
2026-07-17 05:00:00,General Medicine,General Medicine Ward,120,129,0,1.075,107.5,4,0,4,RED,5,4,0
2026-07-17 05:00:00,Surgical Ward,Surgical & Post-Op Ward,80,77,3,0.9625,96.2,4,1,3,RED,5,4,0
2026-07-17 05:00:00,Pediatrics,Pediatric Ward,40,40,0,1.0,100.0,0,0,0,RED,5,4,0
2026-07-17 06:00:00,Emergency,Emergency Department (ED),50,53,0,1.06,106.0,1,0,1,RED,6,4,0
2026-07-17 06:00:00,ICU,Intensive Care Unit (ICU),30,32,0,1.0667,106.7,0,0,0,RED,6,4,0
2026-07-17 06:00:00,General Medicine,General Medicine Ward,120,129,0,1.075,107.5,2,0,2,RED,6,4,0
2026-07-17 06:00:00,Surgical Ward,Surgical & Post-Op Ward,80,76,4,0.95,95.0,0,1,-1,RED,6,4,0
2026-07-17 06:00:00,Pediatrics,Pediatric Ward,40,42,0,1.05,105.0,2,0,2,RED,6,4,0
2026-07-17 07:00:00,Emergency,Emergency Department (ED),50,50,0,1.0,100.0,3,6,-3,RED,7,4,0
2026-07-17 07:00:00,ICU,Intensive Care Unit (ICU),30,32,0,1.0667,106.7,0,0,0,RED,7,4,0
2026-07-17 07:00:00,General Medicine,General Medicine Ward,120,129,0,1.075,107.5,6,2,4,RED,7,4,0
2026-07-17 07:00:00,Surgical Ward,Surgical & Post-Op Ward,80,83,0,1.0375,103.8,8,1,7,RED,7,4,0
2026-07-17 07:00:00,Pediatrics,Pediatric Ward,40,43,0,1.075,107.5,3,1,2,RED,7,4,0
2026-07-17 08:00:00,Emergency,Emergency Department (ED),50,53,0,1.06,106.0,4,1,3,RED,8,4,0
2026-07-17 08:00:00,ICU,Intensive Care Unit (ICU),30,32,0,1.0667,106.7,1,0,1,RED,8,4,0
2026-07-17 08:00:00,General Medicine,General Medicine Ward,120,129,0,1.075,107.5,5,2,3,RED,8,4,0
2026-07-17 08:00:00,Surgical Ward,Surgical & Post-Op Ward,80,86,0,1.075,107.5,7,1,6,RED,8,4,0
2026-07-17 08:00:00,Pediatrics,Pediatric Ward,40,43,0,1.075,107.5,1,1,0,RED,8,4,0
2026-07-17 09:00:00,Emergency,Emergency Department (ED),50,53,0,1.06,106.0,2,2,0,RED,9,4,0
2026-07-17 09:00:00,ICU,Intensive Care Unit (ICU),30,32,0,1.0667,106.7,0,0,0,RED,9,4,0
2026-07-17 09:00:00,General Medicine,General Medicine Ward,120,129,0,1.075,107.5,4,4,0,RED,9,4,0
2026-07-17 09:00:00,Surgical Ward,Surgical & Post-Op Ward,80,86,0,1.075,107.5,6,5,1,RED,9,4,0
2026-07-17 09:00:00,Pediatrics,Pediatric Ward,40,43,0,1.075,107.5,2,1,1,RED,9,4,0
2026-07-17 10:00:00,Emergency,Emergency Department (ED),50,48,2,0.96,96.0,2,7,-5,RED,10,4,0
2026-07-17 10:00:00,ICU,Intensive Care Unit (ICU),30,31,0,1.0333,103.3,0,1,-1,RED,10,4,0
2026-07-17 10:00:00,General Medicine,General Medicine Ward,120,128,0,1.0667,106.7,5,6,-1,RED,10,4,0
2026-07-17 10:00:00,Surgical Ward,Surgical & Post-Op Ward,80,86,0,1.075,107.5,9,4,5,RED,10,4,0
2026-07-17 10:00:00,Pediatrics,Pediatric Ward,40,43,0,1.075,107.5,3,2,1,RED,10,4,0
2026-07-17 11:00:00,Emergency,Emergency Department (ED),50,51,0,1.02,102.0,5,2,3,RED,11,4,0
2026-07-17 11:00:00,ICU,Intensive Care Unit (ICU),30,32,0,1.0667,106.7,2,0,2,RED,11,4,0
2026-07-17 11:00:00,General Medicine,General Medicine Ward,120,122,0,1.0167,101.7,1,7,-6,RED,11,4,0
2026-07-17 11:00:00,Surgical Ward,Surgical & Post-Op Ward,80,84,0,1.05,105.0,4,6,-2,RED,11,4,0
2026-07-17 11:00:00,Pediatrics,Pediatric Ward,40,43,0,1.075,107.5,2,2,0,RED,11,4,0
2026-07-17 12:00:00,Emergency,Emergency Department (ED),50,48,2,0.96,96.0,2,5,-3,RED,12,4,0
2026-07-17 12:00:00,ICU,Intensive Care Unit (ICU),30,32,0,1.0667,106.7,1,1,0,RED,12,4,0
2026-07-17 12:00:00,General Medicine,General Medicine Ward,120,122,0,1.0167,101.7,4,4,0,RED,12,4,0
2026-07-17 12:00:00,Surgical Ward,Surgical & Post-Op Ward,80,83,0,1.0375,103.8,1,2,-1,RED,12,4,0
2026-07-17 12:00:00,Pediatrics,Pediatric Ward,40,43,0,1.075,107.5,4,3,1,RED,12,4,0
2026-07-17 13:00:00,Emergency,Emergency Department (ED),50,51,0,1.02,102.0,4,1,3,RED,13,4,0
2026-07-17 13:00:00,ICU,Intensive Care Unit (ICU),30,32,0,1.0667,106.7,0,0,0,RED,13,4,0
2026-07-17 13:00:00,General Medicine,General Medicine Ward,120,122,0,1.0167,101.7,7,7,0,RED,13,4,0
2026-07-17 13:00:00,Surgical Ward,Surgical & Post-Op Ward,80,84,0,1.05,105.0,4,3,1,RED,13,4,0
2026-07-17 13:00:00,Pediatrics,Pediatric Ward,40,43,0,1.075,107.5,0,0,0,RED,13,4,0
2026-07-17 14:00:00,Emergency,Emergency Department (ED),50,47,3,0.94,94.0,2,6,-4,RED,14,4,0
2026-07-17 14:00:00,ICU,Intensive Care Unit (ICU),30,32,0,1.0667,106.7,3,1,2,RED,14,4,0
2026-07-17 14:00:00,General Medicine,General Medicine Ward,120,122,0,1.0167,101.7,6,6,0,RED,14,4,0
2026-07-17 14:00:00,Surgical Ward,Surgical & Post-Op Ward,80,84,0,1.05,105.0,0,0,0,RED,14,4,0
2026-07-17 14:00:00,Pediatrics,Pediatric Ward,40,43,0,1.075,107.5,0,0,0,RED,14,4,0
2026-07-17 15:00:00,Emergency,Emergency Department (ED),50,49,1,0.98,98.0,5,3,2,RED,15,4,0
2026-07-17 15:00:00,ICU,Intensive Care Unit (ICU),30,30,0,1.0,100.0,0,2,-2,RED,15,4,0
2026-07-17 15:00:00,General Medicine,General Medicine Ward,120,126,0,1.05,105.0,8,4,4,RED,15,4,0
2026-07-17 15:00:00,Surgical Ward,Surgical & Post-Op Ward,80,84,0,1.05,105.0,1,1,0,RED,15,4,0
2026-07-17 15:00:00,Pediatrics,Pediatric Ward,40,43,0,1.075,107.5,2,0,2,RED,15,4,0
2026-07-17 16:00:00,Emergency,Emergency Department (ED),50,54,0,1.08,108.0,8,3,5,RED,16,4,0
2026-07-17 16:00:00,ICU,Intensive Care Unit (ICU),30,29,1,0.9667,96.7,0,1,-1,RED,16,4,0
2026-07-17 16:00:00,General Medicine,General Medicine Ward,120,129,0,1.075,107.5,5,2,3,RED,16,4,0
2026-07-17 16:00:00,Surgical Ward,Surgical & Post-Op Ward,80,84,0,1.05,105.0,0,0,0,RED,16,4,0
2026-07-17 16:00:00,Pediatrics,Pediatric Ward,40,43,0,1.075,107.5,5,1,4,RED,16,4,0
2026-07-17 17:00:00,Emergency,Emergency Department (ED),50,54,0,1.08,108.0,3,0,3,RED,17,4,0
2026-07-17 17:00:00,ICU,Intensive Care Unit (ICU),30,30,0,1.0,100.0,1,0,1,RED,17,4,0
2026-07-17 17:00:00,General Medicine,General Medicine Ward,120,129,0,1.075,107.5,4,3,1,RED,17,4,0
2026-07-17 17:00:00,Surgical Ward,Surgical & Post-Op Ward,80,86,0,1.075,107.5,2,0,2,RED,17,4,0
2026-07-17 17:00:00,Pediatrics,Pediatric Ward,40,43,0,1.075,107.5,2,0,2,RED,17,4,0
2026-07-17 18:00:00,Emergency,Emergency Department (ED),50,54,0,1.08,108.0,7,2,5,RED,18,4,0
2026-07-17 18:00:00,ICU,Intensive Care Unit (ICU),30,29,1,0.9667,96.7,0,1,-1,RED,18,4,0
2026-07-17 18:00:00,General Medicine,General Medicine Ward,120,129,0,1.075,107.5,5,4,1,RED,18,4,0
2026-07-17 18:00:00,Surgical Ward,Surgical & Post-Op Ward,80,86,0,1.075,107.5,5,3,2,RED,18,4,0
2026-07-17 18:00:00,Pediatrics,Pediatric Ward,40,43,0,1.075,107.5,2,1,1,RED,18,4,0
2026-07-17 19:00:00,Emergency,Emergency Department (ED),50,54,0,1.08,108.0,3,3,0,RED,19,4,0
2026-07-17 19:00:00,ICU,Intensive Care Unit (ICU),30,30,0,1.0,100.0,2,1,1,RED,19,4,0
2026-07-17 19:00:00,General Medicine,General Medicine Ward,120,129,0,1.075,107.5,3,1,2,RED,19,4,0
2026-07-17 19:00:00,Surgical Ward,Surgical & Post-Op Ward,80,86,0,1.075,107.5,2,0,2,RED,19,4,0
2026-07-17 19:00:00,Pediatrics,Pediatric Ward,40,43,0,1.075,107.5,2,2,0,RED,19,4,0
2026-07-17 20:00:00,Emergency,Emergency Department (ED),50,54,0,1.08,108.0,7,2,5,RED,20,4,0
2026-07-17 20:00:00,ICU,Intensive Care Unit (ICU),30,30,0,1.0,100.0,0,0,0,RED,20,4,0
2026-07-17 20:00:00,General Medicine,General Medicine Ward,120,129,0,1.075,107.5,5,5,0,RED,20,4,0
2026-07-17 20:00:00,Surgical Ward,Surgical & Post-Op Ward,80,86,0,1.075,107.5,3,2,1,RED,20,4,0
2026-07-17 20:00:00,Pediatrics,Pediatric Ward,40,43,0,1.075,107.5,1,1,0,RED,20,4,0
2026-07-17 21:00:00,Emergency,Emergency Department (ED),50,54,0,1.08,108.0,9,3,6,RED,21,4,0
2026-07-17 21:00:00,ICU,Intensive Care Unit (ICU),30,29,1,0.9667,96.7,0,1,-1,RED,21,4,0
2026-07-17 21:00:00,General Medicine,General Medicine Ward,120,127,0,1.0583,105.8,1,3,-2,RED,21,4,0
2026-07-17 21:00:00,Surgical Ward,Surgical & Post-Op Ward,80,83,0,1.0375,103.8,0,3,-3,RED,21,4,0
2026-07-17 21:00:00,Pediatrics,Pediatric Ward,40,43,0,1.075,107.5,1,1,0,RED,21,4,0
2026-07-17 22:00:00,Emergency,Emergency Department (ED),50,50,0,1.0,100.0,2,6,-4,RED,22,4,0
2026-07-17 22:00:00,ICU,Intensive Care Unit (ICU),30,28,2,0.9333,93.3,0,1,-1,RED,22,4,0
2026-07-17 22:00:00,General Medicine,General Medicine Ward,120,129,0,1.075,107.5,6,2,4,RED,22,4,0
2026-07-17 22:00:00,Surgical Ward,Surgical & Post-Op Ward,80,83,0,1.0375,103.8,2,2,0,RED,22,4,0
2026-07-17 22:00:00,Pediatrics,Pediatric Ward,40,43,0,1.075,107.5,2,0,2,RED,22,4,0
2026-07-17 23:00:00,Emergency,Emergency Department (ED),50,48,2,0.96,96.0,1,3,-2,RED,23,4,0
2026-07-17 23:00:00,ICU,Intensive Care Unit (ICU),30,29,1,0.9667,96.7,1,0,1,RED,23,4,0
2026-07-17 23:00:00,General Medicine,General Medicine Ward,120,129,0,1.075,107.5,5,2,3,RED,23,4,0
2026-07-17 23:00:00,Surgical Ward,Surgical & Post-Op Ward,80,83,0,1.0375,103.8,0,0,0,RED,23,4,0
2026-07-17 23:00:00,Pediatrics,Pediatric Ward,40,43,0,1.075,107.5,3,0,3,RED,23,4,0
2026-07-18 00:00:00,Emergency,Emergency Department (ED),50,44,6,0.88,88.0,0,4,-4,AMBER,0,5,1
2026-07-18 00:00:00,ICU,Intensive Care Unit (ICU),30,29,1,0.9667,96.7,0,0,0,RED,0,5,1
2026-07-18 00:00:00,General Medicine,General Medicine Ward,120,129,0,1.075,107.5,3,1,2,RED,0,5,1
2026-07-18 00:00:00,Surgical Ward,Surgical & Post-Op Ward,80,84,0,1.05,105.0,1,0,1,RED,0,5,1
2026-07-18 00:00:00,Pediatrics,Pediatric Ward,40,43,0,1.075,107.5,2,0,2,RED,0,5,1
2026-07-18 01:00:00,Emergency,Emergency Department (ED),50,44,6,0.88,88.0,4,4,0,AMBER,1,5,1
2026-07-18 01:00:00,ICU,Intensive Care Unit (ICU),30,29,1,0.9667,96.7,0,0,0,RED,1,5,1
2026-07-18 01:00:00,General Medicine,General Medicine Ward,120,129,0,1.075,107.5,0,0,0,RED,1,5,1
2026-07-18 01:00:00,Surgical Ward,Surgical & Post-Op Ward,80,86,0,1.075,107.5,2,0,2,RED,1,5,1
2026-07-18 01:00:00,Pediatrics,Pediatric Ward,40,43,0,1.075,107.5,0,0,0,RED,1,5,1
2026-07-18 02:00:00,Emergency,Emergency Department (ED),50,43,7,0.86,86.0,0,1,-1,AMBER,2,5,1
2026-07-18 02:00:00,ICU,Intensive Care Unit (ICU),30,30,0,1.0,100.0,1,0,1,RED,2,5,1
2026-07-18 02:00:00,General Medicine,General Medicine Ward,120,129,0,1.075,107.5,0,0,0,RED,2,5,1
2026-07-18 02:00:00,Surgical Ward,Surgical & Post-Op Ward,80,86,0,1.075,107.5,0,0,0,RED,2,5,1
2026-07-18 02:00:00,Pediatrics,Pediatric Ward,40,43,0,1.075,107.5,1,0,1,RED,2,5,1
2026-07-18 03:00:00,Emergency,Emergency Department (ED),50,42,8,0.84,84.0,0,1,-1,AMBER,3,5,1
2026-07-18 03:00:00,ICU,Intensive Care Unit (ICU),30,30,0,1.0,100.0,0,0,0,RED,3,5,1
2026-07-18 03:00:00,General Medicine,General Medicine Ward,120,129,0,1.075,107.5,2,0,2,RED,3,5,1
2026-07-18 03:00:00,Surgical Ward,Surgical & Post-Op Ward,80,86,0,1.075,107.5,1,0,1,RED,3,5,1
2026-07-18 03:00:00,Pediatrics,Pediatric Ward,40,43,0,1.075,107.5,0,0,0,RED,3,5,1
2026-07-18 04:00:00,Emergency,Emergency Department (ED),50,42,8,0.84,84.0,0,0,0,AMBER,4,5,1
2026-07-18 04:00:00,ICU,Intensive Care Unit (ICU),30,29,1,0.9667,96.7,0,1,-1,RED,4,5,1
2026-07-18 04:00:00,General Medicine,General Medicine Ward,120,129,0,1.075,107.5,1,0,1,RED,4,5,1
2026-07-18 04:00:00,Surgical Ward,Surgical & Post-Op Ward,80,86,0,1.075,107.5,0,0,0,RED,4,5,1
2026-07-18 04:00:00,Pediatrics,Pediatric Ward,40,42,0,1.05,105.0,0,1,-1,RED,4,5,1
2026-07-18 05:00:00,Emergency,Emergency Department (ED),50,45,5,0.9,90.0,4,1,3,RED,5,5,1
2026-07-18 05:00:00,ICU,Intensive Care Unit (ICU),30,29,1,0.9667,96.7,0,0,0,RED,5,5,1
2026-07-18 05:00:00,General Medicine,General Medicine Ward,120,128,0,1.0667,106.7,0,1,-1,RED,5,5,1
2026-07-18 05:00:00,Surgical Ward,Surgical & Post-Op Ward,80,86,0,1.075,107.5,1,1,0,RED,5,5,1
2026-07-18 05:00:00,Pediatrics,Pediatric Ward,40,43,0,1.075,107.5,1,0,1,RED,5,5,1
2026-07-18 06:00:00,Emergency,Emergency Department (ED),50,45,5,0.9,90.0,0,0,0,RED,6,5,1
2026-07-18 06:00:00,ICU,Intensive Care Unit (ICU),30,31,0,1.0333,103.3,2,0,2,RED,6,5,1
2026-07-18 06:00:00,General Medicine,General Medicine Ward,120,128,0,1.0667,106.7,2,2,0,RED,6,5,1
2026-07-18 06:00:00,Surgical Ward,Surgical & Post-Op Ward,80,84,0,1.05,105.0,0,2,-2,RED,6,5,1
2026-07-18 06:00:00,Pediatrics,Pediatric Ward,40,43,0,1.075,107.5,2,1,1,RED,6,5,1
2026-07-18 07:00:00,Emergency,Emergency Department (ED),50,47,3,0.94,94.0,3,1,2,RED,7,5,1
2026-07-18 07:00:00,ICU,Intensive Care Unit (ICU),30,31,0,1.0333,103.3,1,1,0,RED,7,5,1
2026-07-18 07:00:00,General Medicine,General Medicine Ward,120,129,0,1.075,107.5,5,3,2,RED,7,5,1
2026-07-18 07:00:00,Surgical Ward,Surgical & Post-Op Ward,80,80,0,1.0,100.0,0,4,-4,RED,7,5,1
2026-07-18 07:00:00,Pediatrics,Pediatric Ward,40,43,0,1.075,107.5,2,2,0,RED,7,5,1
2026-07-18 08:00:00,Emergency,Emergency Department (ED),50,49,1,0.98,98.0,6,4,2,RED,8,5,1
2026-07-18 08:00:00,ICU,Intensive Care Unit (ICU),30,32,0,1.0667,106.7,1,0,1,RED,8,5,1
2026-07-18 08:00:00,General Medicine,General Medicine Ward,120,129,0,1.075,107.5,5,5,0,RED,8,5,1
2026-07-18 08:00:00,Surgical Ward,Surgical & Post-Op Ward,80,77,3,0.9625,96.2,1,4,-3,RED,8,5,1
2026-07-18 08:00:00,Pediatrics,Pediatric Ward,40,43,0,1.075,107.5,1,0,1,RED,8,5,1
2026-07-18 09:00:00,Emergency,Emergency Department (ED),50,52,0,1.04,104.0,5,2,3,RED,9,5,1
2026-07-18 09:00:00,ICU,Intensive Care Unit (ICU),30,32,0,1.0667,106.7,1,1,0,RED,9,5,1
2026-07-18 09:00:00,General Medicine,General Medicine Ward,120,129,0,1.075,107.5,4,2,2,RED,9,5,1
2026-07-18 09:00:00,Surgical Ward,Surgical & Post-Op Ward,80,74,6,0.925,92.5,0,3,-3,RED,9,5,1
2026-07-18 09:00:00,Pediatrics,Pediatric Ward,40,43,0,1.075,107.5,5,2,3,RED,9,5,1
2026-07-18 10:00:00,Emergency,Emergency Department (ED),50,54,0,1.08,108.0,6,1,5,RED,10,5,1
2026-07-18 10:00:00,ICU,Intensive Care Unit (ICU),30,32,0,1.0667,106.7,1,0,1,RED,10,5,1
2026-07-18 10:00:00,General Medicine,General Medicine Ward,120,129,0,1.075,107.5,3,0,3,RED,10,5,1
2026-07-18 10:00:00,Surgical Ward,Surgical & Post-Op Ward,80,77,3,0.9625,96.2,5,2,3,RED,10,5,1
2026-07-18 10:00:00,Pediatrics,Pediatric Ward,40,43,0,1.075,107.5,4,3,1,RED,10,5,1
2026-07-18 11:00:00,Emergency,Emergency Department (ED),50,54,0,1.08,108.0,6,6,0,RED,11,5,1
2026-07-18 11:00:00,ICU,Intensive Care Unit (ICU),30,32,0,1.0667,106.7,1,0,1,RED,11,5,1
2026-07-18 11:00:00,General Medicine,General Medicine Ward,120,127,0,1.0583,105.8,5,7,-2,RED,11,5,1
2026-07-18 11:00:00,Surgical Ward,Surgical & Post-Op Ward,80,74,6,0.925,92.5,1,4,-3,RED,11,5,1
2026-07-18 11:00:00,Pediatrics,Pediatric Ward,40,43,0,1.075,107.5,2,0,2,RED,11,5,1
2026-07-18 12:00:00,Emergency,Emergency Department (ED),50,52,0,1.04,104.0,2,4,-2,RED,12,5,1
2026-07-18 12:00:00,ICU,Intensive Care Unit (ICU),30,32,0,1.0667,106.7,3,0,3,RED,12,5,1
2026-07-18 12:00:00,General Medicine,General Medicine Ward,120,129,0,1.075,107.5,5,3,2,RED,12,5,1
2026-07-18 12:00:00,Surgical Ward,Surgical & Post-Op Ward,80,74,6,0.925,92.5,2,2,0,RED,12,5,1
2026-07-18 12:00:00,Pediatrics,Pediatric Ward,40,43,0,1.075,107.5,2,1,1,RED,12,5,1
2026-07-18 13:00:00,Emergency,Emergency Department (ED),50,48,2,0.96,96.0,2,6,-4,RED,13,5,1
2026-07-18 13:00:00,ICU,Intensive Care Unit (ICU),30,32,0,1.0667,106.7,0,0,0,RED,13,5,1
2026-07-18 13:00:00,General Medicine,General Medicine Ward,120,129,0,1.075,107.5,8,5,3,RED,13,5,1
2026-07-18 13:00:00,Surgical Ward,Surgical & Post-Op Ward,80,70,10,0.875,87.5,0,4,-4,AMBER,13,5,1
2026-07-18 13:00:00,Pediatrics,Pediatric Ward,40,40,0,1.0,100.0,0,3,-3,RED,13,5,1
2026-07-18 14:00:00,Emergency,Emergency Department (ED),50,48,2,0.96,96.0,5,5,0,RED,14,5,1
2026-07-18 14:00:00,ICU,Intensive Care Unit (ICU),30,32,0,1.0667,106.7,1,0,1,RED,14,5,1
2026-07-18 14:00:00,General Medicine,General Medicine Ward,120,125,0,1.0417,104.2,5,9,-4,RED,14,5,1
2026-07-18 14:00:00,Surgical Ward,Surgical & Post-Op Ward,80,71,9,0.8875,88.8,1,0,1,AMBER,14,5,1
2026-07-18 14:00:00,Pediatrics,Pediatric Ward,40,42,0,1.05,105.0,5,3,2,RED,14,5,1
2026-07-18 15:00:00,Emergency,Emergency Department (ED),50,49,1,0.98,98.0,6,5,1,RED,15,5,1
2026-07-18 15:00:00,ICU,Intensive Care Unit (ICU),30,32,0,1.0667,106.7,1,0,1,RED,15,5,1
2026-07-18 15:00:00,General Medicine,General Medicine Ward,120,128,0,1.0667,106.7,4,1,3,RED,15,5,1
2026-07-18 15:00:00,Surgical Ward,Surgical & Post-Op Ward,80,69,11,0.8625,86.2,0,2,-2,AMBER,15,5,1
2026-07-18 15:00:00,Pediatrics,Pediatric Ward,40,43,0,1.075,107.5,3,2,1,RED,15,5,1
2026-07-18 16:00:00,Emergency,Emergency Department (ED),50,54,0,1.08,108.0,7,2,5,RED,16,5,1
2026-07-18 16:00:00,ICU,Intensive Care Unit (ICU),30,32,0,1.0667,106.7,3,0,3,RED,16,5,1
2026-07-18 16:00:00,General Medicine,General Medicine Ward,120,129,0,1.075,107.5,3,1,2,RED,16,5,1
2026-07-18 16:00:00,Surgical Ward,Surgical & Post-Op Ward,80,71,9,0.8875,88.8,2,0,2,AMBER,16,5,1
2026-07-18 16:00:00,Pediatrics,Pediatric Ward,40,43,0,1.075,107.5,2,0,2,RED,16,5,1
2026-07-18 17:00:00,Emergency,Emergency Department (ED),50,54,0,1.08,108.0,7,0,7,RED,17,5,1
2026-07-18 17:00:00,ICU,Intensive Care Unit (ICU),30,32,0,1.0667,106.7,0,0,0,RED,17,5,1
2026-07-18 17:00:00,General Medicine,General Medicine Ward,120,129,0,1.075,107.5,6,4,2,RED,17,5,1
2026-07-18 17:00:00,Surgical Ward,Surgical & Post-Op Ward,80,71,9,0.8875,88.8,2,2,0,AMBER,17,5,1
2026-07-18 17:00:00,Pediatrics,Pediatric Ward,40,42,0,1.05,105.0,1,2,-1,RED,17,5,1
2026-07-18 18:00:00,Emergency,Emergency Department (ED),50,54,0,1.08,108.0,9,3,6,RED,18,5,1
2026-07-18 18:00:00,ICU,Intensive Care Unit (ICU),30,31,0,1.0333,103.3,0,1,-1,RED,18,5,1
2026-07-18 18:00:00,General Medicine,General Medicine Ward,120,129,0,1.075,107.5,3,2,1,RED,18,5,1
2026-07-18 18:00:00,Surgical Ward,Surgical & Post-Op Ward,80,71,9,0.8875,88.8,1,1,0,AMBER,18,5,1
2026-07-18 18:00:00,Pediatrics,Pediatric Ward,40,40,0,1.0,100.0,1,3,-2,RED,18,5,1
2026-07-18 19:00:00,Emergency,Emergency Department (ED),50,54,0,1.08,108.0,6,3,3,RED,19,5,1
2026-07-18 19:00:00,ICU,Intensive Care Unit (ICU),30,30,0,1.0,100.0,0,1,-1,RED,19,5,1
2026-07-18 19:00:00,General Medicine,General Medicine Ward,120,126,0,1.05,105.0,2,5,-3,RED,19,5,1
2026-07-18 19:00:00,Surgical Ward,Surgical & Post-Op Ward,80,70,10,0.875,87.5,2,3,-1,AMBER,19,5,1
2026-07-18 19:00:00,Pediatrics,Pediatric Ward,40,41,0,1.025,102.5,2,1,1,RED,19,5,1
2026-07-18 20:00:00,Emergency,Emergency Department (ED),50,54,0,1.08,108.0,5,3,2,RED,20,5,1
2026-07-18 20:00:00,ICU,Intensive Care Unit (ICU),30,32,0,1.0667,106.7,2,0,2,RED,20,5,1
2026-07-18 20:00:00,General Medicine,General Medicine Ward,120,128,0,1.0667,106.7,2,0,2,RED,20,5,1
2026-07-18 20:00:00,Surgical Ward,Surgical & Post-Op Ward,80,71,9,0.8875,88.8,2,1,1,AMBER,20,5,1
2026-07-18 20:00:00,Pediatrics,Pediatric Ward,40,43,0,1.075,107.5,2,0,2,RED,20,5,1
2026-07-18 21:00:00,Emergency,Emergency Department (ED),50,54,0,1.08,108.0,7,3,4,RED,21,5,1
2026-07-18 21:00:00,ICU,Intensive Care Unit (ICU),30,30,0,1.0,100.0,0,2,-2,RED,21,5,1
2026-07-18 21:00:00,General Medicine,General Medicine Ward,120,127,0,1.0583,105.8,3,4,-1,RED,21,5,1
2026-07-18 21:00:00,Surgical Ward,Surgical & Post-Op Ward,80,71,9,0.8875,88.8,1,1,0,AMBER,21,5,1
2026-07-18 21:00:00,Pediatrics,Pediatric Ward,40,41,0,1.025,102.5,1,3,-2,RED,21,5,1
2026-07-18 22:00:00,Emergency,Emergency Department (ED),50,54,0,1.08,108.0,2,2,0,RED,22,5,1
2026-07-18 22:00:00,ICU,Intensive Care Unit (ICU),30,32,0,1.0667,106.7,2,0,2,RED,22,5,1
2026-07-18 22:00:00,General Medicine,General Medicine Ward,120,125,0,1.0417,104.2,0,2,-2,RED,22,5,1
2026-07-18 22:00:00,Surgical Ward,Surgical & Post-Op Ward,80,70,10,0.875,87.5,0,1,-1,AMBER,22,5,1
2026-07-18 22:00:00,Pediatrics,Pediatric Ward,40,41,0,1.025,102.5,0,0,0,RED,22,5,1
2026-07-18 23:00:00,Emergency,Emergency Department (ED),50,54,0,1.08,108.0,6,1,5,RED,23,5,1
2026-07-18 23:00:00,ICU,Intensive Care Unit (ICU),30,32,0,1.0667,106.7,3,1,2,RED,23,5,1
2026-07-18 23:00:00,General Medicine,General Medicine Ward,120,121,0,1.0083,100.8,0,4,-4,RED,23,5,1
2026-07-18 23:00:00,Surgical Ward,Surgical & Post-Op Ward,80,69,11,0.8625,86.2,1,2,-1,AMBER,23,5,1
2026-07-18 23:00:00,Pediatrics,Pediatric Ward,40,43,0,1.075,107.5,4,2,2,RED,23,5,1
2026-07-19 00:00:00,Emergency,Emergency Department (ED),50,54,0,1.08,108.0,3,2,1,RED,0,6,1
2026-07-19 00:00:00,ICU,Intensive Care Unit (ICU),30,32,0,1.0667,106.7,0,0,0,RED,0,6,1
2026-07-19 00:00:00,General Medicine,General Medicine Ward,120,117,3,0.975,97.5,1,5,-4,RED,0,6,1
2026-07-19 00:00:00,Surgical Ward,Surgical & Post-Op Ward,80,68,12,0.85,85.0,0,1,-1,AMBER,0,6,1
2026-07-19 00:00:00,Pediatrics,Pediatric Ward,40,43,0,1.075,107.5,0,0,0,RED,0,6,1
2026-07-19 01:00:00,Emergency,Emergency Department (ED),50,54,0,1.08,108.0,5,3,2,RED,1,6,1
2026-07-19 01:00:00,ICU,Intensive Care Unit (ICU),30,32,0,1.0667,106.7,0,0,0,RED,1,6,1
2026-07-19 01:00:00,General Medicine,General Medicine Ward,120,119,1,0.9917,99.2,2,0,2,RED,1,6,1
2026-07-19 01:00:00,Surgical Ward,Surgical & Post-Op Ward,80,68,12,0.85,85.0,0,0,0,AMBER,1,6,1
2026-07-19 01:00:00,Pediatrics,Pediatric Ward,40,43,0,1.075,107.5,1,0,1,RED,1,6,1
2026-07-19 02:00:00,Emergency,Emergency Department (ED),50,54,0,1.08,108.0,3,0,3,RED,2,6,1
2026-07-19 02:00:00,ICU,Intensive Care Unit (ICU),30,32,0,1.0667,106.7,0,0,0,RED,2,6,1
2026-07-19 02:00:00,General Medicine,General Medicine Ward,120,121,0,1.0083,100.8,2,0,2,RED,2,6,1
2026-07-19 02:00:00,Surgical Ward,Surgical & Post-Op Ward,80,67,13,0.8375,83.8,0,1,-1,AMBER,2,6,1
2026-07-19 02:00:00,Pediatrics,Pediatric Ward,40,43,0,1.075,107.5,0,0,0,RED,2,6,1
2026-07-19 03:00:00,Emergency,Emergency Department (ED),50,54,0,1.08,108.0,1,0,1,RED,3,6,1
2026-07-19 03:00:00,ICU,Intensive Care Unit (ICU),30,31,0,1.0333,103.3,0,1,-1,RED,3,6,1
2026-07-19 03:00:00,General Medicine,General Medicine Ward,120,121,0,1.0083,100.8,1,1,0,RED,3,6,1
2026-07-19 03:00:00,Surgical Ward,Surgical & Post-Op Ward,80,66,14,0.825,82.5,0,1,-1,AMBER,3,6,1
2026-07-19 03:00:00,Pediatrics,Pediatric Ward,40,43,0,1.075,107.5,0,0,0,RED,3,6,1
2026-07-19 04:00:00,Emergency,Emergency Department (ED),50,54,0,1.08,108.0,1,1,0,RED,4,6,1
2026-07-19 04:00:00,ICU,Intensive Care Unit (ICU),30,31,0,1.0333,103.3,0,0,0,RED,4,6,1
2026-07-19 04:00:00,General Medicine,General Medicine Ward,120,120,0,1.0,100.0,0,1,-1,RED,4,6,1
2026-07-19 04:00:00,Surgical Ward,Surgical & Post-Op Ward,80,66,14,0.825,82.5,0,0,0,AMBER,4,6,1
2026-07-19 04:00:00,Pediatrics,Pediatric Ward,40,43,0,1.075,107.5,0,0,0,RED,4,6,1
2026-07-19 05:00:00,Emergency,Emergency Department (ED),50,54,0,1.08,108.0,1,0,1,RED,5,6,1
2026-07-19 05:00:00,ICU,Intensive Care Unit (ICU),30,30,0,1.0,100.0,0,1,-1,RED,5,6,1
2026-07-19 05:00:00,General Medicine,General Medicine Ward,120,121,0,1.0083,100.8,2,1,1,RED,5,6,1
2026-07-19 05:00:00,Surgical Ward,Surgical & Post-Op Ward,80,65,15,0.8125,81.2,1,2,-1,AMBER,5,6,1
2026-07-19 05:00:00,Pediatrics,Pediatric Ward,40,43,0,1.075,107.5,1,0,1,RED,5,6,1
2026-07-19 06:00:00,Emergency,Emergency Department (ED),50,54,0,1.08,108.0,1,0,1,RED,6,6,1
2026-07-19 06:00:00,ICU,Intensive Care Unit (ICU),30,30,0,1.0,100.0,1,1,0,RED,6,6,1
2026-07-19 06:00:00,General Medicine,General Medicine Ward,120,124,0,1.0333,103.3,5,2,3,RED,6,6,1
2026-07-19 06:00:00,Surgical Ward,Surgical & Post-Op Ward,80,65,15,0.8125,81.2,0,0,0,AMBER,6,6,1
2026-07-19 06:00:00,Pediatrics,Pediatric Ward,40,43,0,1.075,107.5,1,1,0,RED,6,6,1
2026-07-19 07:00:00,Emergency,Emergency Department (ED),50,54,0,1.08,108.0,5,3,2,RED,7,6,1
2026-07-19 07:00:00,ICU,Intensive Care Unit (ICU),30,30,0,1.0,100.0,1,1,0,RED,7,6,1
2026-07-19 07:00:00,General Medicine,General Medicine Ward,120,128,0,1.0667,106.7,4,0,4,RED,7,6,1
2026-07-19 07:00:00,Surgical Ward,Surgical & Post-Op Ward,80,62,18,0.775,77.5,0,3,-3,AMBER,7,6,1
2026-07-19 07:00:00,Pediatrics,Pediatric Ward,40,43,0,1.075,107.5,0,0,0,RED,7,6,1
2026-07-19 08:00:00,Emergency,Emergency Department (ED),50,53,0,1.06,106.0,2,3,-1,RED,8,6,1
2026-07-19 08:00:00,ICU,Intensive Care Unit (ICU),30,30,0,1.0,100.0,0,0,0,RED,8,6,1
2026-07-19 08:00:00,General Medicine,General Medicine Ward,120,123,0,1.025,102.5,1,6,-5,RED,8,6,1
2026-07-19 08:00:00,Surgical Ward,Surgical & Post-Op Ward,80,65,15,0.8125,81.2,3,0,3,AMBER,8,6,1
2026-07-19 08:00:00,Pediatrics,Pediatric Ward,40,42,0,1.05,105.0,0,1,-1,RED,8,6,1
2026-07-19 09:00:00,Emergency,Emergency Department (ED),50,52,0,1.04,104.0,2,3,-1,RED,9,6,1
2026-07-19 09:00:00,ICU,Intensive Care Unit (ICU),30,30,0,1.0,100.0,0,0,0,RED,9,6,1
2026-07-19 09:00:00,General Medicine,General Medicine Ward,120,126,0,1.05,105.0,3,0,3,RED,9,6,1
2026-07-19 09:00:00,Surgical Ward,Surgical & Post-Op Ward,80,65,15,0.8125,81.2,1,1,0,AMBER,9,6,1
2026-07-19 09:00:00,Pediatrics,Pediatric Ward,40,42,0,1.05,105.0,1,1,0,RED,9,6,1
2026-07-19 10:00:00,Emergency,Emergency Department (ED),50,50,0,1.0,100.0,3,5,-2,RED,10,6,1
2026-07-19 10:00:00,ICU,Intensive Care Unit (ICU),30,29,1,0.9667,96.7,1,2,-1,RED,10,6,1
2026-07-19 10:00:00,General Medicine,General Medicine Ward,120,121,0,1.0083,100.8,0,5,-5,RED,10,6,1
2026-07-19 10:00:00,Surgical Ward,Surgical & Post-Op Ward,80,64,16,0.8,80.0,3,4,-1,AMBER,10,6,1
2026-07-19 10:00:00,Pediatrics,Pediatric Ward,40,42,0,1.05,105.0,2,2,0,RED,10,6,1
2026-07-19 11:00:00,Emergency,Emergency Department (ED),50,48,2,0.96,96.0,5,7,-2,RED,11,6,1
2026-07-19 11:00:00,ICU,Intensive Care Unit (ICU),30,32,0,1.0667,106.7,3,0,3,RED,11,6,1
2026-07-19 11:00:00,General Medicine,General Medicine Ward,120,116,4,0.9667,96.7,2,7,-5,RED,11,6,1
2026-07-19 11:00:00,Surgical Ward,Surgical & Post-Op Ward,80,61,19,0.7625,76.2,1,4,-3,AMBER,11,6,1
2026-07-19 11:00:00,Pediatrics,Pediatric Ward,40,43,0,1.075,107.5,3,0,3,RED,11,6,1
2026-07-19 12:00:00,Emergency,Emergency Department (ED),50,41,9,0.82,82.0,0,7,-7,AMBER,12,6,1
2026-07-19 12:00:00,ICU,Intensive Care Unit (ICU),30,32,0,1.0667,106.7,0,0,0,RED,12,6,1
2026-07-19 12:00:00,General Medicine,General Medicine Ward,120,114,6,0.95,95.0,4,6,-2,RED,12,6,1
2026-07-19 12:00:00,Surgical Ward,Surgical & Post-Op Ward,80,57,23,0.7125,71.2,0,4,-4,GREEN,12,6,1
2026-07-19 12:00:00,Pediatrics,Pediatric Ward,40,43,0,1.075,107.5,3,3,0,RED,12,6,1
2026-07-19 13:00:00,Emergency,Emergency Department (ED),50,40,10,0.8,80.0,2,3,-1,AMBER,13,6,1
2026-07-19 13:00:00,ICU,Intensive Care Unit (ICU),30,31,0,1.0333,103.3,0,1,-1,RED,13,6,1
2026-07-19 13:00:00,General Medicine,General Medicine Ward,120,114,6,0.95,95.0,5,5,0,RED,13,6,1
2026-07-19 13:00:00,Surgical Ward,Surgical & Post-Op Ward,80,56,24,0.7,70.0,1,2,-1,GREEN,13,6,1
2026-07-19 13:00:00,Pediatrics,Pediatric Ward,40,40,0,1.0,100.0,1,4,-3,RED,13,6,1
2026-07-19 14:00:00,Emergency,Emergency Department (ED),50,45,5,0.9,90.0,7,2,5,RED,14,6,1
2026-07-19 14:00:00,ICU,Intensive Care Unit (ICU),30,31,0,1.0333,103.3,0,0,0,RED,14,6,1
2026-07-19 14:00:00,General Medicine,General Medicine Ward,120,117,3,0.975,97.5,7,4,3,RED,14,6,1
2026-07-19 14:00:00,Surgical Ward,Surgical & Post-Op Ward,80,54,26,0.675,67.5,1,3,-2,GREEN,14,6,1
2026-07-19 14:00:00,Pediatrics,Pediatric Ward,40,41,0,1.025,102.5,2,1,1,RED,14,6,1
2026-07-19 15:00:00,Emergency,Emergency Department (ED),50,49,1,0.98,98.0,4,0,4,RED,15,6,1
2026-07-19 15:00:00,ICU,Intensive Care Unit (ICU),30,31,0,1.0333,103.3,0,0,0,RED,15,6,1
2026-07-19 15:00:00,General Medicine,General Medicine Ward,120,117,3,0.975,97.5,4,4,0,RED,15,6,1
2026-07-19 15:00:00,Surgical Ward,Surgical & Post-Op Ward,80,48,32,0.6,60.0,0,6,-6,GREEN,15,6,1
2026-07-19 15:00:00,Pediatrics,Pediatric Ward,40,39,1,0.975,97.5,1,3,-2,RED,15,6,1
2026-07-19 16:00:00,Emergency,Emergency Department (ED),50,50,0,1.0,100.0,2,1,1,RED,16,6,1
2026-07-19 16:00:00,ICU,Intensive Care Unit (ICU),30,31,0,1.0333,103.3,0,0,0,RED,16,6,1
2026-07-19 16:00:00,General Medicine,General Medicine Ward,120,117,3,0.975,97.5,2,2,0,RED,16,6,1
2026-07-19 16:00:00,Surgical Ward,Surgical & Post-Op Ward,80,45,35,0.5625,56.2,0,3,-3,GREEN,16,6,1
2026-07-19 16:00:00,Pediatrics,Pediatric Ward,40,42,0,1.05,105.0,3,0,3,RED,16,6,1
2026-07-19 17:00:00,Emergency,Emergency Department (ED),50,54,0,1.08,108.0,6,1,5,RED,17,6,1
2026-07-19 17:00:00,ICU,Intensive Care Unit (ICU),30,32,0,1.0667,106.7,1,0,1,RED,17,6,1
2026-07-19 17:00:00,General Medicine,General Medicine Ward,120,116,4,0.9667,96.7,2,3,-1,RED,17,6,1
2026-07-19 17:00:00,Surgical Ward,Surgical & Post-Op Ward,80,44,36,0.55,55.0,0,1,-1,GREEN,17,6,1
2026-07-19 17:00:00,Pediatrics,Pediatric Ward,40,43,0,1.075,107.5,4,2,2,RED,17,6,1
2026-07-19 18:00:00,Emergency,Emergency Department (ED),50,53,0,1.06,106.0,5,6,-1,RED,18,6,1
2026-07-19 18:00:00,ICU,Intensive Care Unit (ICU),30,32,0,1.0667,106.7,1,1,0,RED,18,6,1
2026-07-19 18:00:00,General Medicine,General Medicine Ward,120,116,4,0.9667,96.7,3,3,0,RED,18,6,1
2026-07-19 18:00:00,Surgical Ward,Surgical & Post-Op Ward,80,44,36,0.55,55.0,0,0,0,GREEN,18,6,1
2026-07-19 18:00:00,Pediatrics,Pediatric Ward,40,43,0,1.075,107.5,1,1,0,RED,18,6,1
2026-07-19 19:00:00,Emergency,Emergency Department (ED),50,54,0,1.08,108.0,5,1,4,RED,19,6,1
2026-07-19 19:00:00,ICU,Intensive Care Unit (ICU),30,32,0,1.0667,106.7,1,1,0,RED,19,6,1
2026-07-19 19:00:00,General Medicine,General Medicine Ward,120,118,2,0.9833,98.3,4,2,2,RED,19,6,1
2026-07-19 19:00:00,Surgical Ward,Surgical & Post-Op Ward,80,44,36,0.55,55.0,2,2,0,GREEN,19,6,1
2026-07-19 19:00:00,Pediatrics,Pediatric Ward,40,43,0,1.075,107.5,3,0,3,RED,19,6,1
2026-07-19 20:00:00,Emergency,Emergency Department (ED),50,54,0,1.08,108.0,9,4,5,RED,20,6,1
2026-07-19 20:00:00,ICU,Intensive Care Unit (ICU),30,32,0,1.0667,106.7,0,0,0,RED,20,6,1
2026-07-19 20:00:00,General Medicine,General Medicine Ward,120,115,5,0.9583,95.8,3,6,-3,RED,20,6,1
2026-07-19 20:00:00,Surgical Ward,Surgical & Post-Op Ward,80,45,35,0.5625,56.2,1,0,1,GREEN,20,6,1
2026-07-19 20:00:00,Pediatrics,Pediatric Ward,40,42,0,1.05,105.0,1,2,-1,RED,20,6,1
2026-07-19 21:00:00,Emergency,Emergency Department (ED),50,54,0,1.08,108.0,5,3,2,RED,21,6,1
2026-07-19 21:00:00,ICU,Intensive Care Unit (ICU),30,32,0,1.0667,106.7,1,0,1,RED,21,6,1
2026-07-19 21:00:00,General Medicine,General Medicine Ward,120,118,2,0.9833,98.3,5,2,3,RED,21,6,1
2026-07-19 21:00:00,Surgical Ward,Surgical & Post-Op Ward,80,46,34,0.575,57.5,3,2,1,GREEN,21,6,1
2026-07-19 21:00:00,Pediatrics,Pediatric Ward,40,43,0,1.075,107.5,2,0,2,RED,21,6,1
2026-07-19 22:00:00,Emergency,Emergency Department (ED),50,54,0,1.08,108.0,4,2,2,RED,22,6,1
2026-07-19 22:00:00,ICU,Intensive Care Unit (ICU),30,32,0,1.0667,106.7,0,0,0,RED,22,6,1
2026-07-19 22:00:00,General Medicine,General Medicine Ward,120,119,1,0.9917,99.2,1,0,1,RED,22,6,1
2026-07-19 22:00:00,Surgical Ward,Surgical & Post-Op Ward,80,47,33,0.5875,58.8,1,0,1,GREEN,22,6,1
2026-07-19 22:00:00,Pediatrics,Pediatric Ward,40,43,0,1.075,107.5,2,2,0,RED,22,6,1
2026-07-19 23:00:00,Emergency,Emergency Department (ED),50,54,0,1.08,108.0,6,2,4,RED,23,6,1
2026-07-19 23:00:00,ICU,Intensive Care Unit (ICU),30,32,0,1.0667,106.7,0,0,0,RED,23,6,1
2026-07-19 23:00:00,General Medicine,General Medicine Ward,120,120,0,1.0,100.0,3,2,1,RED,23,6,1
2026-07-19 23:00:00,Surgical Ward,Surgical & Post-Op Ward,80,46,34,0.575,57.5,1,2,-1,GREEN,23,6,1
2026-07-19 23:00:00,Pediatrics,Pediatric Ward,40,43,0,1.075,107.5,2,0,2,RED,23,6,1
2026-07-20 00:00:00,Emergency,Emergency Department (ED),50,54,0,1.08,108.0,3,3,0,RED,0,0,0
2026-07-20 00:00:00,ICU,Intensive Care Unit (ICU),30,31,0,1.0333,103.3,0,1,-1,RED,0,0,0
2026-07-20 00:00:00,General Medicine,General Medicine Ward,120,123,0,1.025,102.5,7,4,3,RED,0,0,0
2026-07-20 00:00:00,Surgical Ward,Surgical & Post-Op Ward,80,46,34,0.575,57.5,0,0,0,GREEN,0,0,0
2026-07-20 00:00:00,Pediatrics,Pediatric Ward,40,43,0,1.075,107.5,1,0,1,RED,0,0,0
2026-07-20 01:00:00,Emergency,Emergency Department (ED),50,54,0,1.08,108.0,4,1,3,RED,1,0,0
2026-07-20 01:00:00,ICU,Intensive Care Unit (ICU),30,31,0,1.0333,103.3,0,0,0,RED,1,0,0
2026-07-20 01:00:00,General Medicine,General Medicine Ward,120,124,0,1.0333,103.3,2,1,1,RED,1,0,0
2026-07-20 01:00:00,Surgical Ward,Surgical & Post-Op Ward,80,47,33,0.5875,58.8,1,0,1,GREEN,1,0,0
2026-07-20 01:00:00,Pediatrics,Pediatric Ward,40,42,0,1.05,105.0,2,3,-1,RED,1,0,0
2026-07-20 02:00:00,Emergency,Emergency Department (ED),50,54,0,1.08,108.0,0,0,0,RED,2,0,0
2026-07-20 02:00:00,ICU,Intensive Care Unit (ICU),30,32,0,1.0667,106.7,1,0,1,RED,2,0,0
2026-07-20 02:00:00,General Medicine,General Medicine Ward,120,123,0,1.025,102.5,0,1,-1,RED,2,0,0
2026-07-20 02:00:00,Surgical Ward,Surgical & Post-Op Ward,80,47,33,0.5875,58.8,0,0,0,GREEN,2,0,0
2026-07-20 02:00:00,Pediatrics,Pediatric Ward,40,42,0,1.05,105.0,0,0,0,RED,2,0,0
2026-07-20 03:00:00,Emergency,Emergency Department (ED),50,54,0,1.08,108.0,2,0,2,RED,3,0,0
2026-07-20 03:00:00,ICU,Intensive Care Unit (ICU),30,32,0,1.0667,106.7,1,0,1,RED,3,0,0
2026-07-20 03:00:00,General Medicine,General Medicine Ward,120,126,0,1.05,105.0,3,0,3,RED,3,0,0
2026-07-20 03:00:00,Surgical Ward,Surgical & Post-Op Ward,80,46,34,0.575,57.5,0,1,-1,GREEN,3,0,0
2026-07-20 03:00:00,Pediatrics,Pediatric Ward,40,43,0,1.075,107.5,1,0,1,RED,3,0,0
2026-07-20 04:00:00,Emergency,Emergency Department (ED),50,54,0,1.08,108.0,0,0,0,RED,4,0,0
2026-07-20 04:00:00,ICU,Intensive Care Unit (ICU),30,32,0,1.0667,106.7,0,0,0,RED,4,0,0
2026-07-20 04:00:00,General Medicine,General Medicine Ward,120,128,0,1.0667,106.7,2,0,2,RED,4,0,0
2026-07-20 04:00:00,Surgical Ward,Surgical & Post-Op Ward,80,45,35,0.5625,56.2,0,1,-1,GREEN,4,0,0
2026-07-20 04:00:00,Pediatrics,Pediatric Ward,40,43,0,1.075,107.5,1,0,1,RED,4,0,0
2026-07-20 05:00:00,Emergency,Emergency Department (ED),50,54,0,1.08,108.0,1,0,1,RED,5,0,0
2026-07-20 05:00:00,ICU,Intensive Care Unit (ICU),30,31,0,1.0333,103.3,0,1,-1,RED,5,0,0
2026-07-20 05:00:00,General Medicine,General Medicine Ward,120,129,0,1.075,107.5,1,0,1,RED,5,0,0
2026-07-20 05:00:00,Surgical Ward,Surgical & Post-Op Ward,80,45,35,0.5625,56.2,0,0,0,GREEN,5,0,0
2026-07-20 05:00:00,Pediatrics,Pediatric Ward,40,43,0,1.075,107.5,0,0,0,RED,5,0,0
2026-07-20 06:00:00,Emergency,Emergency Department (ED),50,54,0,1.08,108.0,1,0,1,RED,6,0,0
2026-07-20 06:00:00,ICU,Intensive Care Unit (ICU),30,32,0,1.0667,106.7,1,0,1,RED,6,0,0
2026-07-20 06:00:00,General Medicine,General Medicine Ward,120,126,0,1.05,105.0,2,5,-3,RED,6,0,0
2026-07-20 06:00:00,Surgical Ward,Surgical & Post-Op Ward,80,47,33,0.5875,58.8,2,0,2,GREEN,6,0,0
2026-07-20 06:00:00,Pediatrics,Pediatric Ward,40,43,0,1.075,107.5,2,1,1,RED,6,0,0
2026-07-20 07:00:00,Emergency,Emergency Department (ED),50,54,0,1.08,108.0,6,0,6,RED,7,0,0
2026-07-20 07:00:00,ICU,Intensive Care Unit (ICU),30,32,0,1.0667,106.7,0,0,0,RED,7,0,0
2026-07-20 07:00:00,General Medicine,General Medicine Ward,120,129,0,1.075,107.5,6,1,5,RED,7,0,0
2026-07-20 07:00:00,Surgical Ward,Surgical & Post-Op Ward,80,48,32,0.6,60.0,4,3,1,GREEN,7,0,0
2026-07-20 07:00:00,Pediatrics,Pediatric Ward,40,43,0,1.075,107.5,2,1,1,RED,7,0,0
2026-07-20 08:00:00,Emergency,Emergency Department (ED),50,54,0,1.08,108.0,5,3,2,RED,8,0,0
2026-07-20 08:00:00,ICU,Intensive Care Unit (ICU),30,32,0,1.0667,106.7,0,0,0,RED,8,0,0
2026-07-20 08:00:00,General Medicine,General Medicine Ward,120,129,0,1.075,107.5,6,4,2,RED,8,0,0
2026-07-20 08:00:00,Surgical Ward,Surgical & Post-Op Ward,80,52,28,0.65,65.0,5,1,4,GREEN,8,0,0
2026-07-20 08:00:00,Pediatrics,Pediatric Ward,40,43,0,1.075,107.5,2,0,2,RED,8,0,0
2026-07-20 09:00:00,Emergency,Emergency Department (ED),50,54,0,1.08,108.0,4,3,1,RED,9,0,0
2026-07-20 09:00:00,ICU,Intensive Care Unit (ICU),30,32,0,1.0667,106.7,0,0,0,RED,9,0,0
2026-07-20 09:00:00,General Medicine,General Medicine Ward,120,129,0,1.075,107.5,3,2,1,RED,9,0,0
2026-07-20 09:00:00,Surgical Ward,Surgical & Post-Op Ward,80,56,24,0.7,70.0,5,1,4,GREEN,9,0,0
2026-07-20 09:00:00,Pediatrics,Pediatric Ward,40,43,0,1.075,107.5,0,0,0,RED,9,0,0
2026-07-20 10:00:00,Emergency,Emergency Department (ED),50,53,0,1.06,106.0,3,4,-1,RED,10,0,0
2026-07-20 10:00:00,ICU,Intensive Care Unit (ICU),30,32,0,1.0667,106.7,1,0,1,RED,10,0,0
2026-07-20 10:00:00,General Medicine,General Medicine Ward,120,129,0,1.075,107.5,4,4,0,RED,10,0,0
2026-07-20 10:00:00,Surgical Ward,Surgical & Post-Op Ward,80,58,22,0.725,72.5,5,3,2,GREEN,10,0,0
2026-07-20 10:00:00,Pediatrics,Pediatric Ward,40,40,0,1.0,100.0,1,4,-3,RED,10,0,0
2026-07-20 11:00:00,Emergency,Emergency Department (ED),50,54,0,1.08,108.0,4,1,3,RED,11,0,0
2026-07-20 11:00:00,ICU,Intensive Care Unit (ICU),30,32,0,1.0667,106.7,2,1,1,RED,11,0,0
2026-07-20 11:00:00,General Medicine,General Medicine Ward,120,129,0,1.075,107.5,5,4,1,RED,11,0,0
2026-07-20 11:00:00,Surgical Ward,Surgical & Post-Op Ward,80,62,18,0.775,77.5,5,1,4,AMBER,11,0,0
2026-07-20 11:00:00,Pediatrics,Pediatric Ward,40,37,3,0.925,92.5,0,3,-3,RED,11,0,0
2026-07-20 12:00:00,Emergency,Emergency Department (ED),50,54,0,1.08,108.0,3,1,2,RED,12,0,0
2026-07-20 12:00:00,ICU,Intensive Care Unit (ICU),30,32,0,1.0667,106.7,0,0,0,RED,12,0,0
2026-07-20 12:00:00,General Medicine,General Medicine Ward,120,125,0,1.0417,104.2,3,7,-4,RED,12,0,0
2026-07-20 12:00:00,Surgical Ward,Surgical & Post-Op Ward,80,64,16,0.8,80.0,3,1,2,AMBER,12,0,0
2026-07-20 12:00:00,Pediatrics,Pediatric Ward,40,36,4,0.9,90.0,1,2,-1,RED,12,0,0
2026-07-20 13:00:00,Emergency,Emergency Department (ED),50,53,0,1.06,106.0,5,6,-1,RED,13,0,0
2026-07-20 13:00:00,ICU,Intensive Care Unit (ICU),30,31,0,1.0333,103.3,1,2,-1,RED,13,0,0
2026-07-20 13:00:00,General Medicine,General Medicine Ward,120,124,0,1.0333,103.3,4,5,-1,RED,13,0,0
2026-07-20 13:00:00,Surgical Ward,Surgical & Post-Op Ward,80,62,18,0.775,77.5,0,2,-2,AMBER,13,0,0
2026-07-20 13:00:00,Pediatrics,Pediatric Ward,40,35,5,0.875,87.5,2,3,-1,AMBER,13,0,0
2026-07-20 14:00:00,Emergency,Emergency Department (ED),50,50,0,1.0,100.0,3,6,-3,RED,14,0,0
2026-07-20 14:00:00,ICU,Intensive Care Unit (ICU),30,32,0,1.0667,106.7,2,1,1,RED,14,0,0
2026-07-20 14:00:00,General Medicine,General Medicine Ward,120,127,0,1.0583,105.8,9,6,3,RED,14,0,0
2026-07-20 14:00:00,Surgical Ward,Surgical & Post-Op Ward,80,65,15,0.8125,81.2,7,4,3,AMBER,14,0,0
2026-07-20 14:00:00,Pediatrics,Pediatric Ward,40,36,4,0.9,90.0,2,1,1,RED,14,0,0
2026-07-20 15:00:00,Emergency,Emergency Department (ED),50,51,0,1.02,102.0,5,4,1,RED,15,0,0
2026-07-20 15:00:00,ICU,Intensive Care Unit (ICU),30,31,0,1.0333,103.3,0,1,-1,RED,15,0,0
2026-07-20 15:00:00,General Medicine,General Medicine Ward,120,127,0,1.0583,105.8,3,3,0,RED,15,0,0
2026-07-20 15:00:00,Surgical Ward,Surgical & Post-Op Ward,80,62,18,0.775,77.5,1,4,-3,AMBER,15,0,0
2026-07-20 15:00:00,Pediatrics,Pediatric Ward,40,35,5,0.875,87.5,1,2,-1,AMBER,15,0,0
2026-07-20 16:00:00,Emergency,Emergency Department (ED),50,53,0,1.06,106.0,5,3,2,RED,16,0,0
2026-07-20 16:00:00,ICU,Intensive Care Unit (ICU),30,30,0,1.0,100.0,0,1,-1,RED,16,0,0
2026-07-20 16:00:00,General Medicine,General Medicine Ward,120,125,0,1.0417,104.2,3,5,-2,RED,16,0,0
2026-07-20 16:00:00,Surgical Ward,Surgical & Post-Op Ward,80,65,15,0.8125,81.2,3,0,3,AMBER,16,0,0
2026-07-20 16:00:00,Pediatrics,Pediatric Ward,40,38,2,0.95,95.0,4,1,3,RED,16,0,0
2026-07-20 17:00:00,Emergency,Emergency Department (ED),50,54,0,1.08,108.0,4,2,2,RED,17,0,0
2026-07-20 17:00:00,ICU,Intensive Care Unit (ICU),30,30,0,1.0,100.0,1,1,0,RED,17,0,0
2026-07-20 17:00:00,General Medicine,General Medicine Ward,120,129,0,1.075,107.5,8,1,7,RED,17,0,0
2026-07-20 17:00:00,Surgical Ward,Surgical & Post-Op Ward,80,65,15,0.8125,81.2,0,0,0,AMBER,17,0,0
2026-07-20 17:00:00,Pediatrics,Pediatric Ward,40,41,0,1.025,102.5,4,1,3,RED,17,0,0
2026-07-20 18:00:00,Emergency,Emergency Department (ED),50,54,0,1.08,108.0,1,0,1,RED,18,0,0
2026-07-20 18:00:00,ICU,Intensive Care Unit (ICU),30,31,0,1.0333,103.3,1,0,1,RED,18,0,0
2026-07-20 18:00:00,General Medicine,General Medicine Ward,120,129,0,1.075,107.5,6,4,2,RED,18,0,0
2026-07-20 18:00:00,Surgical Ward,Surgical & Post-Op Ward,80,66,14,0.825,82.5,3,2,1,AMBER,18,0,0
2026-07-20 18:00:00,Pediatrics,Pediatric Ward,40,39,1,0.975,97.5,0,2,-2,RED,18,0,0
2026-07-20 19:00:00,Emergency,Emergency Department (ED),50,54,0,1.08,108.0,7,4,3,RED,19,0,0
2026-07-20 19:00:00,ICU,Intensive Care Unit (ICU),30,31,0,1.0333,103.3,0,0,0,RED,19,0,0
2026-07-20 19:00:00,General Medicine,General Medicine Ward,120,129,0,1.075,107.5,3,2,1,RED,19,0,0
2026-07-20 19:00:00,Surgical Ward,Surgical & Post-Op Ward,80,68,12,0.85,85.0,3,1,2,AMBER,19,0,0
2026-07-20 19:00:00,Pediatrics,Pediatric Ward,40,42,0,1.05,105.0,3,0,3,RED,19,0,0
2026-07-20 20:00:00,Emergency,Emergency Department (ED),50,54,0,1.08,108.0,7,1,6,RED,20,0,0
2026-07-20 20:00:00,ICU,Intensive Care Unit (ICU),30,30,0,1.0,100.0,0,1,-1,RED,20,0,0
2026-07-20 20:00:00,General Medicine,General Medicine Ward,120,129,0,1.075,107.5,3,3,0,RED,20,0,0
2026-07-20 20:00:00,Surgical Ward,Surgical & Post-Op Ward,80,67,13,0.8375,83.8,2,3,-1,AMBER,20,0,0
2026-07-20 20:00:00,Pediatrics,Pediatric Ward,40,43,0,1.075,107.5,3,1,2,RED,20,0,0
2026-07-20 21:00:00,Emergency,Emergency Department (ED),50,54,0,1.08,108.0,3,1,2,RED,21,0,0
2026-07-20 21:00:00,ICU,Intensive Care Unit (ICU),30,30,0,1.0,100.0,1,1,0,RED,21,0,0
2026-07-20 21:00:00,General Medicine,General Medicine Ward,120,129,0,1.075,107.5,2,0,2,RED,21,0,0
2026-07-20 21:00:00,Surgical Ward,Surgical & Post-Op Ward,80,67,13,0.8375,83.8,2,2,0,AMBER,21,0,0
2026-07-20 21:00:00,Pediatrics,Pediatric Ward,40,42,0,1.05,105.0,1,2,-1,RED,21,0,0
2026-07-20 22:00:00,Emergency,Emergency Department (ED),50,54,0,1.08,108.0,5,1,4,RED,22,0,0
2026-07-20 22:00:00,ICU,Intensive Care Unit (ICU),30,30,0,1.0,100.0,0,0,0,RED,22,0,0
2026-07-20 22:00:00,General Medicine,General Medicine Ward,120,128,0,1.0667,106.7,4,5,-1,RED,22,0,0
2026-07-20 22:00:00,Surgical Ward,Surgical & Post-Op Ward,80,69,11,0.8625,86.2,3,1,2,AMBER,22,0,0
2026-07-20 22:00:00,Pediatrics,Pediatric Ward,40,43,0,1.075,107.5,3,0,3,RED,22,0,0
2026-07-20 23:00:00,Emergency,Emergency Department (ED),50,49,1,0.98,98.0,2,7,-5,RED,23,0,0
2026-07-20 23:00:00,ICU,Intensive Care Unit (ICU),30,29,1,0.9667,96.7,0,1,-1,RED,23,0,0
2026-07-20 23:00:00,General Medicine,General Medicine Ward,120,129,0,1.075,107.5,4,0,4,RED,23,0,0
2026-07-20 23:00:00,Surgical Ward,Surgical & Post-Op Ward,80,71,9,0.8875,88.8,3,1,2,AMBER,23,0,0
2026-07-20 23:00:00,Pediatrics,Pediatric Ward,40,42,0,1.05,105.0,0,1,-1,RED,23,0,0
2026-07-21 00:00:00,Emergency,Emergency Department (ED),50,50,0,1.0,100.0,2,1,1,RED,0,1,0
2026-07-21 00:00:00,ICU,Intensive Care Unit (ICU),30,29,1,0.9667,96.7,0,0,0,RED,0,1,0
2026-07-21 00:00:00,General Medicine,General Medicine Ward,120,129,0,1.075,107.5,9,2,7,RED,0,1,0
2026-07-21 00:00:00,Surgical Ward,Surgical & Post-Op Ward,80,72,8,0.9,90.0,1,0,1,RED,0,1,0
2026-07-21 00:00:00,Pediatrics,Pediatric Ward,40,41,0,1.025,102.5,0,1,-1,RED,0,1,0
2026-07-21 01:00:00,Emergency,Emergency Department (ED),50,49,1,0.98,98.0,3,4,-1,RED,1,1,0
2026-07-21 01:00:00,ICU,Intensive Care Unit (ICU),30,29,1,0.9667,96.7,0,0,0,RED,1,1,0
2026-07-21 01:00:00,General Medicine,General Medicine Ward,120,129,0,1.075,107.5,0,0,0,RED,1,1,0
2026-07-21 01:00:00,Surgical Ward,Surgical & Post-Op Ward,80,73,7,0.9125,91.2,1,0,1,RED,1,1,0
2026-07-21 01:00:00,Pediatrics,Pediatric Ward,40,39,1,0.975,97.5,0,2,-2,RED,1,1,0
2026-07-21 02:00:00,Emergency,Emergency Department (ED),50,49,1,0.98,98.0,0,0,0,RED,2,1,0
2026-07-21 02:00:00,ICU,Intensive Care Unit (ICU),30,30,0,1.0,100.0,1,0,1,RED,2,1,0
2026-07-21 02:00:00,General Medicine,General Medicine Ward,120,129,0,1.075,107.5,3,0,3,RED,2,1,0
2026-07-21 02:00:00,Surgical Ward,Surgical & Post-Op Ward,80,74,6,0.925,92.5,1,0,1,RED,2,1,0
2026-07-21 02:00:00,Pediatrics,Pediatric Ward,40,39,1,0.975,97.5,0,0,0,RED,2,1,0
2026-07-21 03:00:00,Emergency,Emergency Department (ED),50,50,0,1.0,100.0,1,0,1,RED,3,1,0
2026-07-21 03:00:00,ICU,Intensive Care Unit (ICU),30,30,0,1.0,100.0,0,0,0,RED,3,1,0
2026-07-21 03:00:00,General Medicine,General Medicine Ward,120,129,0,1.075,107.5,2,0,2,RED,3,1,0
2026-07-21 03:00:00,Surgical Ward,Surgical & Post-Op Ward,80,75,5,0.9375,93.8,1,0,1,RED,3,1,0
2026-07-21 03:00:00,Pediatrics,Pediatric Ward,40,39,1,0.975,97.5,0,0,0,RED,3,1,0
2026-07-21 04:00:00,Emergency,Emergency Department (ED),50,49,1,0.98,98.0,0,1,-1,RED,4,1,0
2026-07-21 04:00:00,ICU,Intensive Care Unit (ICU),30,30,0,1.0,100.0,0,0,0,RED,4,1,0
2026-07-21 04:00:00,General Medicine,General Medicine Ward,120,129,0,1.075,107.5,2,0,2,RED,4,1,0
2026-07-21 04:00:00,Surgical Ward,Surgical & Post-Op Ward,80,77,3,0.9625,96.2,2,0,2,RED,4,1,0
2026-07-21 04:00:00,Pediatrics,Pediatric Ward,40,39,1,0.975,97.5,0,0,0,RED,4,1,0
2026-07-21 05:00:00,Emergency,Emergency Department (ED),50,50,0,1.0,100.0,1,0,1,RED,5,1,0
2026-07-21 05:00:00,ICU,Intensive Care Unit (ICU),30,30,0,1.0,100.0,0,0,0,RED,5,1,0
2026-07-21 05:00:00,General Medicine,General Medicine Ward,120,129,0,1.075,107.5,0,0,0,RED,5,1,0
2026-07-21 05:00:00,Surgical Ward,Surgical & Post-Op Ward,80,77,3,0.9625,96.2,3,3,0,RED,5,1,0
2026-07-21 05:00:00,Pediatrics,Pediatric Ward,40,39,1,0.975,97.5,0,0,0,RED,5,1,0
2026-07-21 06:00:00,Emergency,Emergency Department (ED),50,49,1,0.98,98.0,1,2,-1,RED,6,1,0
2026-07-21 06:00:00,ICU,Intensive Care Unit (ICU),30,31,0,1.0333,103.3,1,0,1,RED,6,1,0
2026-07-21 06:00:00,General Medicine,General Medicine Ward,120,129,0,1.075,107.5,9,2,7,RED,6,1,0
2026-07-21 06:00:00,Surgical Ward,Surgical & Post-Op Ward,80,77,3,0.9625,96.2,1,1,0,RED,6,1,0
2026-07-21 06:00:00,Pediatrics,Pediatric Ward,40,40,0,1.0,100.0,1,0,1,RED,6,1,0
2026-07-21 07:00:00,Emergency,Emergency Department (ED),50,47,3,0.94,94.0,2,4,-2,RED,7,1,0
2026-07-21 07:00:00,ICU,Intensive Care Unit (ICU),30,31,0,1.0333,103.3,0,0,0,RED,7,1,0
2026-07-21 07:00:00,General Medicine,General Medicine Ward,120,127,0,1.0583,105.8,0,2,-2,RED,7,1,0
2026-07-21 07:00:00,Surgical Ward,Surgical & Post-Op Ward,80,78,2,0.975,97.5,3,2,1,RED,7,1,0
2026-07-21 07:00:00,Pediatrics,Pediatric Ward,40,39,1,0.975,97.5,2,3,-1,RED,7,1,0
2026-07-21 08:00:00,Emergency,Emergency Department (ED),50,49,1,0.98,98.0,4,2,2,RED,8,1,0
2026-07-21 08:00:00,ICU,Intensive Care Unit (ICU),30,32,0,1.0667,106.7,2,1,1,RED,8,1,0
2026-07-21 08:00:00,General Medicine,General Medicine Ward,120,128,0,1.0667,106.7,5,4,1,RED,8,1,0
2026-07-21 08:00:00,Surgical Ward,Surgical & Post-Op Ward,80,78,2,0.975,97.5,0,0,0,RED,8,1,0
2026-07-21 08:00:00,Pediatrics,Pediatric Ward,40,38,2,0.95,95.0,1,2,-1,RED,8,1,0
2026-07-21 09:00:00,Emergency,Emergency Department (ED),50,46,4,0.92,92.0,0,3,-3,RED,9,1,0
2026-07-21 09:00:00,ICU,Intensive Care Unit (ICU),30,31,0,1.0333,103.3,0,1,-1,RED,9,1,0
2026-07-21 09:00:00,General Medicine,General Medicine Ward,120,129,0,1.075,107.5,5,3,2,RED,9,1,0
2026-07-21 09:00:00,Surgical Ward,Surgical & Post-Op Ward,80,81,0,1.0125,101.2,4,1,3,RED,9,1,0
2026-07-21 09:00:00,Pediatrics,Pediatric Ward,40,40,0,1.0,100.0,3,1,2,RED,9,1,0
2026-07-21 10:00:00,Emergency,Emergency Department (ED),50,45,5,0.9,90.0,4,5,-1,RED,10,1,0
2026-07-21 10:00:00,ICU,Intensive Care Unit (ICU),30,32,0,1.0667,106.7,1,0,1,RED,10,1,0
2026-07-21 10:00:00,General Medicine,General Medicine Ward,120,129,0,1.075,107.5,6,5,1,RED,10,1,0
2026-07-21 10:00:00,Surgical Ward,Surgical & Post-Op Ward,80,82,0,1.025,102.5,5,4,1,RED,10,1,0
2026-07-21 10:00:00,Pediatrics,Pediatric Ward,40,39,1,0.975,97.5,0,1,-1,RED,10,1,0
2026-07-21 11:00:00,Emergency,Emergency Department (ED),50,42,8,0.84,84.0,3,6,-3,AMBER,11,1,0
2026-07-21 11:00:00,ICU,Intensive Care Unit (ICU),30,31,0,1.0333,103.3,1,2,-1,RED,11,1,0
2026-07-21 11:00:00,General Medicine,General Medicine Ward,120,124,0,1.0333,103.3,0,5,-5,RED,11,1,0
2026-07-21 11:00:00,Surgical Ward,Surgical & Post-Op Ward,80,81,0,1.0125,101.2,1,2,-1,RED,11,1,0
2026-07-21 11:00:00,Pediatrics,Pediatric Ward,40,38,2,0.95,95.0,1,2,-1,RED,11,1,0
2026-07-21 12:00:00,Emergency,Emergency Department (ED),50,45,5,0.9,90.0,3,0,3,RED,12,1,0
2026-07-21 12:00:00,ICU,Intensive Care Unit (ICU),30,31,0,1.0333,103.3,0,0,0,RED,12,1,0
2026-07-21 12:00:00,General Medicine,General Medicine Ward,120,125,0,1.0417,104.2,6,5,1,RED,12,1,0
2026-07-21 12:00:00,Surgical Ward,Surgical & Post-Op Ward,80,79,1,0.9875,98.8,2,4,-2,RED,12,1,0
2026-07-21 12:00:00,Pediatrics,Pediatric Ward,40,39,1,0.975,97.5,4,3,1,RED,12,1,0
2026-07-21 13:00:00,Emergency,Emergency Department (ED),50,47,3,0.94,94.0,2,0,2,RED,13,1,0
2026-07-21 13:00:00,ICU,Intensive Care Unit (ICU),30,29,1,0.9667,96.7,0,2,-2,RED,13,1,0
2026-07-21 13:00:00,General Medicine,General Medicine Ward,120,120,0,1.0,100.0,3,8,-5,RED,13,1,0
2026-07-21 13:00:00,Surgical Ward,Surgical & Post-Op Ward,80,83,0,1.0375,103.8,4,0,4,RED,13,1,0
2026-07-21 13:00:00,Pediatrics,Pediatric Ward,40,40,0,1.0,100.0,1,0,1,RED,13,1,0
2026-07-21 14:00:00,Emergency,Emergency Department (ED),50,44,6,0.88,88.0,1,4,-3,AMBER,14,1,0
2026-07-21 14:00:00,ICU,Intensive Care Unit (ICU),30,28,2,0.9333,93.3,0,1,-1,RED,14,1,0
2026-07-21 14:00:00,General Medicine,General Medicine Ward,120,123,0,1.025,102.5,10,7,3,RED,14,1,0
2026-07-21 14:00:00,Surgical Ward,Surgical & Post-Op Ward,80,84,0,1.05,105.0,5,4,1,RED,14,1,0
2026-07-21 14:00:00,Pediatrics,Pediatric Ward,40,40,0,1.0,100.0,1,1,0,RED,14,1,0
2026-07-21 15:00:00,Emergency,Emergency Department (ED),50,47,3,0.94,94.0,6,3,3,RED,15,1,0
2026-07-21 15:00:00,ICU,Intensive Care Unit (ICU),30,30,0,1.0,100.0,2,0,2,RED,15,1,0
2026-07-21 15:00:00,General Medicine,General Medicine Ward,120,125,0,1.0417,104.2,7,5,2,RED,15,1,0
2026-07-21 15:00:00,Surgical Ward,Surgical & Post-Op Ward,80,85,0,1.0625,106.2,3,2,1,RED,15,1,0
2026-07-21 15:00:00,Pediatrics,Pediatric Ward,40,40,0,1.0,100.0,1,1,0,RED,15,1,0
2026-07-21 16:00:00,Emergency,Emergency Department (ED),50,49,1,0.98,98.0,6,4,2,RED,16,1,0
2026-07-21 16:00:00,ICU,Intensive Care Unit (ICU),30,29,1,0.9667,96.7,0,1,-1,RED,16,1,0
2026-07-21 16:00:00,General Medicine,General Medicine Ward,120,129,0,1.075,107.5,7,3,4,RED,16,1,0
2026-07-21 16:00:00,Surgical Ward,Surgical & Post-Op Ward,80,83,0,1.0375,103.8,3,5,-2,RED,16,1,0
2026-07-21 16:00:00,Pediatrics,Pediatric Ward,40,38,2,0.95,95.0,0,2,-2,RED,16,1,0
2026-07-21 17:00:00,Emergency,Emergency Department (ED),50,50,0,1.0,100.0,3,2,1,RED,17,1,0
2026-07-21 17:00:00,ICU,Intensive Care Unit (ICU),30,29,1,0.9667,96.7,0,0,0,RED,17,1,0
2026-07-21 17:00:00,General Medicine,General Medicine Ward,120,129,0,1.075,107.5,7,1,6,RED,17,1,0
2026-07-21 17:00:00,Surgical Ward,Surgical & Post-Op Ward,80,82,0,1.025,102.5,0,1,-1,RED,17,1,0
2026-07-21 17:00:00,Pediatrics,Pediatric Ward,40,38,2,0.95,95.0,0,0,0,RED,17,1,0
2026-07-21 18:00:00,Emergency,Emergency Department (ED),50,54,0,1.08,108.0,6,1,5,RED,18,1,0
2026-07-21 18:00:00,ICU,Intensive Care Unit (ICU),30,30,0,1.0,100.0,1,0,1,RED,18,1,0
2026-07-21 18:00:00,General Medicine,General Medicine Ward,120,127,0,1.0583,105.8,3,5,-2,RED,18,1,0
2026-07-21 18:00:00,Surgical Ward,Surgical & Post-Op Ward,80,86,0,1.075,107.5,4,0,4,RED,18,1,0
2026-07-21 18:00:00,Pediatrics,Pediatric Ward,40,40,0,1.0,100.0,2,0,2,RED,18,1,0
2026-07-21 19:00:00,Emergency,Emergency Department (ED),50,53,0,1.06,106.0,5,6,-1,RED,19,1,0
2026-07-21 19:00:00,ICU,Intensive Care Unit (ICU),30,32,0,1.0667,106.7,2,0,2,RED,19,1,0
2026-07-21 19:00:00,General Medicine,General Medicine Ward,120,126,0,1.05,105.0,2,3,-1,RED,19,1,0
2026-07-21 19:00:00,Surgical Ward,Surgical & Post-Op Ward,80,85,0,1.0625,106.2,3,4,-1,RED,19,1,0
2026-07-21 19:00:00,Pediatrics,Pediatric Ward,40,41,0,1.025,102.5,1,0,1,RED,19,1,0
2026-07-21 20:00:00,Emergency,Emergency Department (ED),50,54,0,1.08,108.0,7,3,4,RED,20,1,0
2026-07-21 20:00:00,ICU,Intensive Care Unit (ICU),30,32,0,1.0667,106.7,1,0,1,RED,20,1,0
2026-07-21 20:00:00,General Medicine,General Medicine Ward,120,129,0,1.075,107.5,5,1,4,RED,20,1,0
2026-07-21 20:00:00,Surgical Ward,Surgical & Post-Op Ward,80,86,0,1.075,107.5,5,2,3,RED,20,1,0
2026-07-21 20:00:00,Pediatrics,Pediatric Ward,40,42,0,1.05,105.0,2,1,1,RED,20,1,0
2026-07-21 21:00:00,Emergency,Emergency Department (ED),50,53,0,1.06,106.0,0,1,-1,RED,21,1,0
2026-07-21 21:00:00,ICU,Intensive Care Unit (ICU),30,32,0,1.0667,106.7,0,0,0,RED,21,1,0
2026-07-21 21:00:00,General Medicine,General Medicine Ward,120,127,0,1.0583,105.8,4,6,-2,RED,21,1,0
2026-07-21 21:00:00,Surgical Ward,Surgical & Post-Op Ward,80,84,0,1.05,105.0,1,3,-2,RED,21,1,0
2026-07-21 21:00:00,Pediatrics,Pediatric Ward,40,42,0,1.05,105.0,0,0,0,RED,21,1,0
2026-07-21 22:00:00,Emergency,Emergency Department (ED),50,52,0,1.04,104.0,2,3,-1,RED,22,1,0
2026-07-21 22:00:00,ICU,Intensive Care Unit (ICU),30,32,0,1.0667,106.7,1,0,1,RED,22,1,0
2026-07-21 22:00:00,General Medicine,General Medicine Ward,120,129,0,1.075,107.5,2,0,2,RED,22,1,0
2026-07-21 22:00:00,Surgical Ward,Surgical & Post-Op Ward,80,85,0,1.0625,106.2,1,0,1,RED,22,1,0
2026-07-21 22:00:00,Pediatrics,Pediatric Ward,40,43,0,1.075,107.5,1,0,1,RED,22,1,0
2026-07-21 23:00:00,Emergency,Emergency Department (ED),50,54,0,1.08,108.0,4,0,4,RED,23,1,0
2026-07-21 23:00:00,ICU,Intensive Care Unit (ICU),30,32,0,1.0667,106.7,1,1,0,RED,23,1,0
2026-07-21 23:00:00,General Medicine,General Medicine Ward,120,129,0,1.075,107.5,6,6,0,RED,23,1,0
2026-07-21 23:00:00,Surgical Ward,Surgical & Post-Op Ward,80,84,0,1.05,105.0,0,1,-1,RED,23,1,0
2026-07-21 23:00:00,Pediatrics,Pediatric Ward,40,43,0,1.075,107.5,0,0,0,RED,23,1,0
2026-07-22 00:00:00,Emergency,Emergency Department (ED),50,54,0,1.08,108.0,2,2,0,RED,0,2,0
2026-07-22 00:00:00,ICU,Intensive Care Unit (ICU),30,32,0,1.0667,106.7,1,0,1,RED,0,2,0
2026-07-22 00:00:00,General Medicine,General Medicine Ward,120,128,0,1.0667,106.7,1,2,-1,RED,0,2,0
2026-07-22 00:00:00,Surgical Ward,Surgical & Post-Op Ward,80,86,0,1.075,107.5,2,0,2,RED,0,2,0
2026-07-22 00:00:00,Pediatrics,Pediatric Ward,40,43,0,1.075,107.5,2,0,2,RED,0,2,0
2026-07-22 01:00:00,Emergency,Emergency Department (ED),50,54,0,1.08,108.0,5,0,5,RED,1,2,0
2026-07-22 01:00:00,ICU,Intensive Care Unit (ICU),30,31,0,1.0333,103.3,1,2,-1,RED,1,2,0
2026-07-22 01:00:00,General Medicine,General Medicine Ward,120,129,0,1.075,107.5,1,0,1,RED,1,2,0
2026-07-22 01:00:00,Surgical Ward,Surgical & Post-Op Ward,80,86,0,1.075,107.5,0,0,0,RED,1,2,0
2026-07-22 01:00:00,Pediatrics,Pediatric Ward,40,43,0,1.075,107.5,3,1,2,RED,1,2,0
2026-07-22 02:00:00,Emergency,Emergency Department (ED),50,54,0,1.08,108.0,2,0,2,RED,2,2,0
2026-07-22 02:00:00,ICU,Intensive Care Unit (ICU),30,31,0,1.0333,103.3,1,1,0,RED,2,2,0
2026-07-22 02:00:00,General Medicine,General Medicine Ward,120,129,0,1.075,107.5,0,0,0,RED,2,2,0
2026-07-22 02:00:00,Surgical Ward,Surgical & Post-Op Ward,80,86,0,1.075,107.5,2,0,2,RED,2,2,0
2026-07-22 02:00:00,Pediatrics,Pediatric Ward,40,43,0,1.075,107.5,0,0,0,RED,2,2,0
2026-07-22 03:00:00,Emergency,Emergency Department (ED),50,54,0,1.08,108.0,0,0,0,RED,3,2,0
2026-07-22 03:00:00,ICU,Intensive Care Unit (ICU),30,30,0,1.0,100.0,0,1,-1,RED,3,2,0
2026-07-22 03:00:00,General Medicine,General Medicine Ward,120,128,0,1.0667,106.7,0,1,-1,RED,3,2,0
2026-07-22 03:00:00,Surgical Ward,Surgical & Post-Op Ward,80,86,0,1.075,107.5,2,0,2,RED,3,2,0
2026-07-22 03:00:00,Pediatrics,Pediatric Ward,40,43,0,1.075,107.5,1,0,1,RED,3,2,0
2026-07-22 04:00:00,Emergency,Emergency Department (ED),50,54,0,1.08,108.0,0,0,0,RED,4,2,0
2026-07-22 04:00:00,ICU,Intensive Care Unit (ICU),30,31,0,1.0333,103.3,1,0,1,RED,4,2,0
2026-07-22 04:00:00,General Medicine,General Medicine Ward,120,129,0,1.075,107.5,1,0,1,RED,4,2,0
2026-07-22 04:00:00,Surgical Ward,Surgical & Post-Op Ward,80,85,0,1.0625,106.2,0,1,-1,RED,4,2,0
2026-07-22 04:00:00,Pediatrics,Pediatric Ward,40,43,0,1.075,107.5,0,0,0,RED,4,2,0
2026-07-22 05:00:00,Emergency,Emergency Department (ED),50,54,0,1.08,108.0,2,0,2,RED,5,2,0
2026-07-22 05:00:00,ICU,Intensive Care Unit (ICU),30,31,0,1.0333,103.3,0,0,0,RED,5,2,0
2026-07-22 05:00:00,General Medicine,General Medicine Ward,120,129,0,1.075,107.5,2,0,2,RED,5,2,0
2026-07-22 05:00:00,Surgical Ward,Surgical & Post-Op Ward,80,82,0,1.025,102.5,0,3,-3,RED,5,2,0
2026-07-22 05:00:00,Pediatrics,Pediatric Ward,40,43,0,1.075,107.5,0,0,0,RED,5,2,0
2026-07-22 06:00:00,Emergency,Emergency Department (ED),50,54,0,1.08,108.0,1,0,1,RED,6,2,0
2026-07-22 06:00:00,ICU,Intensive Care Unit (ICU),30,31,0,1.0333,103.3,0,0,0,RED,6,2,0
2026-07-22 06:00:00,General Medicine,General Medicine Ward,120,126,0,1.05,105.0,2,5,-3,RED,6,2,0
2026-07-22 06:00:00,Surgical Ward,Surgical & Post-Op Ward,80,85,0,1.0625,106.2,4,1,3,RED,6,2,0
2026-07-22 06:00:00,Pediatrics,Pediatric Ward,40,43,0,1.075,107.5,0,0,0,RED,6,2,0
2026-07-22 07:00:00,Emergency,Emergency Department (ED),50,54,0,1.08,108.0,6,4,2,RED,7,2,0
2026-07-22 07:00:00,ICU,Intensive Care Unit (ICU),30,32,0,1.0667,106.7,2,0,2,RED,7,2,0
2026-07-22 07:00:00,General Medicine,General Medicine Ward,120,129,0,1.075,107.5,5,1,4,RED,7,2,0
2026-07-22 07:00:00,Surgical Ward,Surgical & Post-Op Ward,80,80,0,1.0,100.0,0,5,-5,RED,7,2,0
2026-07-22 07:00:00,Pediatrics,Pediatric Ward,40,43,0,1.075,107.5,3,2,1,RED,7,2,0
2026-07-22 08:00:00,Emergency,Emergency Department (ED),50,54,0,1.08,108.0,4,1,3,RED,8,2,0
2026-07-22 08:00:00,ICU,Intensive Care Unit (ICU),30,32,0,1.0667,106.7,1,1,0,RED,8,2,0
2026-07-22 08:00:00,General Medicine,General Medicine Ward,120,129,0,1.075,107.5,5,0,5,RED,8,2,0
2026-07-22 08:00:00,Surgical Ward,Surgical & Post-Op Ward,80,79,1,0.9875,98.8,4,5,-1,RED,8,2,0
2026-07-22 08:00:00,Pediatrics,Pediatric Ward,40,43,0,1.075,107.5,3,0,3,RED,8,2,0
2026-07-22 09:00:00,Emergency,Emergency Department (ED),50,54,0,1.08,108.0,5,5,0,RED,9,2,0
2026-07-22 09:00:00,ICU,Intensive Care Unit (ICU),30,32,0,1.0667,106.7,2,0,2,RED,9,2,0
2026-07-22 09:00:00,General Medicine,General Medicine Ward,120,127,0,1.0583,105.8,1,3,-2,RED,9,2,0
2026-07-22 09:00:00,Surgical Ward,Surgical & Post-Op Ward,80,83,0,1.0375,103.8,6,2,4,RED,9,2,0
2026-07-22 09:00:00,Pediatrics,Pediatric Ward,40,43,0,1.075,107.5,2,1,1,RED,9,2,0
2026-07-22 10:00:00,Emergency,Emergency Department (ED),50,54,0,1.08,108.0,5,3,2,RED,10,2,0
2026-07-22 10:00:00,ICU,Intensive Care Unit (ICU),30,32,0,1.0667,106.7,1,1,0,RED,10,2,0
2026-07-22 10:00:00,General Medicine,General Medicine Ward,120,125,0,1.0417,104.2,5,7,-2,RED,10,2,0
2026-07-22 10:00:00,Surgical Ward,Surgical & Post-Op Ward,80,86,0,1.075,107.5,6,0,6,RED,10,2,0
2026-07-22 10:00:00,Pediatrics,Pediatric Ward,40,43,0,1.075,107.5,6,2,4,RED,10,2,0
2026-07-22 11:00:00,Emergency,Emergency Department (ED),50,53,0,1.06,106.0,3,4,-1,RED,11,2,0
2026-07-22 11:00:00,ICU,Intensive Care Unit (ICU),30,32,0,1.0667,106.7,1,0,1,RED,11,2,0
2026-07-22 11:00:00,General Medicine,General Medicine Ward,120,124,0,1.0333,103.3,3,4,-1,RED,11,2,0
2026-07-22 11:00:00,Surgical Ward,Surgical & Post-Op Ward,80,86,0,1.075,107.5,4,3,1,RED,11,2,0
2026-07-22 11:00:00,Pediatrics,Pediatric Ward,40,42,0,1.05,105.0,1,2,-1,RED,11,2,0
2026-07-22 12:00:00,Emergency,Emergency Department (ED),50,52,0,1.04,104.0,2,3,-1,RED,12,2,0
2026-07-22 12:00:00,ICU,Intensive Care Unit (ICU),30,32,0,1.0667,106.7,0,0,0,RED,12,2,0
2026-07-22 12:00:00,General Medicine,General Medicine Ward,120,122,0,1.0167,101.7,3,5,-2,RED,12,2,0
2026-07-22 12:00:00,Surgical Ward,Surgical & Post-Op Ward,80,86,0,1.075,107.5,2,1,1,RED,12,2,0
2026-07-22 12:00:00,Pediatrics,Pediatric Ward,40,42,0,1.05,105.0,1,1,0,RED,12,2,0
2026-07-22 13:00:00,Emergency,Emergency Department (ED),50,49,1,0.98,98.0,1,4,-3,RED,13,2,0
2026-07-22 13:00:00,ICU,Intensive Care Unit (ICU),30,31,0,1.0333,103.3,0,1,-1,RED,13,2,0
2026-07-22 13:00:00,General Medicine,General Medicine Ward,120,125,0,1.0417,104.2,6,3,3,RED,13,2,0
2026-07-22 13:00:00,Surgical Ward,Surgical & Post-Op Ward,80,86,0,1.075,107.5,4,4,0,RED,13,2,0
2026-07-22 13:00:00,Pediatrics,Pediatric Ward,40,43,0,1.075,107.5,2,0,2,RED,13,2,0
2026-07-22 14:00:00,Emergency,Emergency Department (ED),50,48,2,0.96,96.0,2,3,-1,RED,14,2,0
2026-07-22 14:00:00,ICU,Intensive Care Unit (ICU),30,31,0,1.0333,103.3,0,0,0,RED,14,2,0
2026-07-22 14:00:00,General Medicine,General Medicine Ward,120,129,0,1.075,107.5,9,3,6,RED,14,2,0
2026-07-22 14:00:00,Surgical Ward,Surgical & Post-Op Ward,80,86,0,1.075,107.5,6,0,6,RED,14,2,0
2026-07-22 14:00:00,Pediatrics,Pediatric Ward,40,43,0,1.075,107.5,4,0,4,RED,14,2,0
2026-07-22 15:00:00,Emergency,Emergency Department (ED),50,47,3,0.94,94.0,0,1,-1,RED,15,2,0
2026-07-22 15:00:00,ICU,Intensive Care Unit (ICU),30,32,0,1.0667,106.7,2,1,1,RED,15,2,0
2026-07-22 15:00:00,General Medicine,General Medicine Ward,120,129,0,1.075,107.5,12,3,9,RED,15,2,0
2026-07-22 15:00:00,Surgical Ward,Surgical & Post-Op Ward,80,86,0,1.075,107.5,2,1,1,RED,15,2,0
2026-07-22 15:00:00,Pediatrics,Pediatric Ward,40,43,0,1.075,107.5,2,1,1,RED,15,2,0
2026-07-22 16:00:00,Emergency,Emergency Department (ED),50,49,1,0.98,98.0,4,2,2,RED,16,2,0
2026-07-22 16:00:00,ICU,Intensive Care Unit (ICU),30,32,0,1.0667,106.7,2,2,0,RED,16,2,0
2026-07-22 16:00:00,General Medicine,General Medicine Ward,120,125,0,1.0417,104.2,2,6,-4,RED,16,2,0
2026-07-22 16:00:00,Surgical Ward,Surgical & Post-Op Ward,80,85,0,1.0625,106.2,4,5,-1,RED,16,2,0
2026-07-22 16:00:00,Pediatrics,Pediatric Ward,40,42,0,1.05,105.0,0,1,-1,RED,16,2,0
2026-07-22 17:00:00,Emergency,Emergency Department (ED),50,54,0,1.08,108.0,7,1,6,RED,17,2,0
2026-07-22 17:00:00,ICU,Intensive Care Unit (ICU),30,30,0,1.0,100.0,1,3,-2,RED,17,2,0
2026-07-22 17:00:00,General Medicine,General Medicine Ward,120,129,0,1.075,107.5,9,1,8,RED,17,2,0
2026-07-22 17:00:00,Surgical Ward,Surgical & Post-Op Ward,80,86,0,1.075,107.5,3,2,1,RED,17,2,0
2026-07-22 17:00:00,Pediatrics,Pediatric Ward,40,42,0,1.05,105.0,1,1,0,RED,17,2,0
2026-07-22 18:00:00,Emergency,Emergency Department (ED),50,51,0,1.02,102.0,1,4,-3,RED,18,2,0
2026-07-22 18:00:00,ICU,Intensive Care Unit (ICU),30,32,0,1.0667,106.7,2,0,2,RED,18,2,0
2026-07-22 18:00:00,General Medicine,General Medicine Ward,120,127,0,1.0583,105.8,1,3,-2,RED,18,2,0
2026-07-22 18:00:00,Surgical Ward,Surgical & Post-Op Ward,80,86,0,1.075,107.5,4,2,2,RED,18,2,0
2026-07-22 18:00:00,Pediatrics,Pediatric Ward,40,42,0,1.05,105.0,2,2,0,RED,18,2,0
2026-07-22 19:00:00,Emergency,Emergency Department (ED),50,54,0,1.08,108.0,7,1,6,RED,19,2,0
2026-07-22 19:00:00,ICU,Intensive Care Unit (ICU),30,31,0,1.0333,103.3,0,1,-1,RED,19,2,0
2026-07-22 19:00:00,General Medicine,General Medicine Ward,120,129,0,1.075,107.5,4,2,2,RED,19,2,0
2026-07-22 19:00:00,Surgical Ward,Surgical & Post-Op Ward,80,86,0,1.075,107.5,2,2,0,RED,19,2,0
2026-07-22 19:00:00,Pediatrics,Pediatric Ward,40,43,0,1.075,107.5,2,0,2,RED,19,2,0
2026-07-22 20:00:00,Emergency,Emergency Department (ED),50,54,0,1.08,108.0,9,3,6,RED,20,2,0
2026-07-22 20:00:00,ICU,Intensive Care Unit (ICU),30,31,0,1.0333,103.3,0,0,0,RED,20,2,0
2026-07-22 20:00:00,General Medicine,General Medicine Ward,120,129,0,1.075,107.5,6,4,2,RED,20,2,0
2026-07-22 20:00:00,Surgical Ward,Surgical & Post-Op Ward,80,86,0,1.075,107.5,1,0,1,RED,20,2,0
2026-07-22 20:00:00,Pediatrics,Pediatric Ward,40,41,0,1.025,102.5,0,2,-2,RED,20,2,0
2026-07-22 21:00:00,Emergency,Emergency Department (ED),50,54,0,1.08,108.0,9,1,8,RED,21,2,0
2026-07-22 21:00:00,ICU,Intensive Care Unit (ICU),30,31,0,1.0333,103.3,0,0,0,RED,21,2,0
2026-07-22 21:00:00,General Medicine,General Medicine Ward,120,126,0,1.05,105.0,0,3,-3,RED,21,2,0
2026-07-22 21:00:00,Surgical Ward,Surgical & Post-Op Ward,80,86,0,1.075,107.5,5,3,2,RED,21,2,0
2026-07-22 21:00:00,Pediatrics,Pediatric Ward,40,41,0,1.025,102.5,0,0,0,RED,21,2,0
2026-07-22 22:00:00,Emergency,Emergency Department (ED),50,54,0,1.08,108.0,7,1,6,RED,22,2,0
2026-07-22 22:00:00,ICU,Intensive Care Unit (ICU),30,32,0,1.0667,106.7,1,0,1,RED,22,2,0
2026-07-22 22:00:00,General Medicine,General Medicine Ward,120,126,0,1.05,105.0,5,5,0,RED,22,2,0
2026-07-22 22:00:00,Surgical Ward,Surgical & Post-Op Ward,80,86,0,1.075,107.5,4,2,2,RED,22,2,0
2026-07-22 22:00:00,Pediatrics,Pediatric Ward,40,41,0,1.025,102.5,0,0,0,RED,22,2,0
2026-07-22 23:00:00,Emergency,Emergency Department (ED),50,51,0,1.02,102.0,0,3,-3,RED,23,2,0
2026-07-22 23:00:00,ICU,Intensive Care Unit (ICU),30,32,0,1.0667,106.7,0,0,0,RED,23,2,0
2026-07-22 23:00:00,General Medicine,General Medicine Ward,120,121,0,1.0083,100.8,0,5,-5,RED,23,2,0
2026-07-22 23:00:00,Surgical Ward,Surgical & Post-Op Ward,80,86,0,1.075,107.5,4,0,4,RED,23,2,0
2026-07-22 23:00:00,Pediatrics,Pediatric Ward,40,43,0,1.075,107.5,3,0,3,RED,23,2,0
2026-07-23 00:00:00,Emergency,Emergency Department (ED),50,51,0,1.02,102.0,5,5,0,RED,0,3,0
2026-07-23 00:00:00,ICU,Intensive Care Unit (ICU),30,32,0,1.0667,106.7,0,0,0,RED,0,3,0
2026-07-23 00:00:00,General Medicine,General Medicine Ward,120,119,1,0.9917,99.2,4,6,-2,RED,0,3,0
2026-07-23 00:00:00,Surgical Ward,Surgical & Post-Op Ward,80,86,0,1.075,107.5,1,0,1,RED,0,3,0
2026-07-23 00:00:00,Pediatrics,Pediatric Ward,40,43,0,1.075,107.5,1,0,1,RED,0,3,0
2026-07-23 01:00:00,Emergency,Emergency Department (ED),50,53,0,1.06,106.0,3,1,2,RED,1,3,0
2026-07-23 01:00:00,ICU,Intensive Care Unit (ICU),30,32,0,1.0667,106.7,0,0,0,RED,1,3,0
2026-07-23 01:00:00,General Medicine,General Medicine Ward,120,118,2,0.9833,98.3,0,1,-1,RED,1,3,0
2026-07-23 01:00:00,Surgical Ward,Surgical & Post-Op Ward,80,85,0,1.0625,106.2,0,1,-1,RED,1,3,0
2026-07-23 01:00:00,Pediatrics,Pediatric Ward,40,42,0,1.05,105.0,1,2,-1,RED,1,3,0
2026-07-23 02:00:00,Emergency,Emergency Department (ED),50,54,0,1.08,108.0,1,0,1,RED,2,3,0
2026-07-23 02:00:00,ICU,Intensive Care Unit (ICU),30,32,0,1.0667,106.7,1,0,1,RED,2,3,0
2026-07-23 02:00:00,General Medicine,General Medicine Ward,120,121,0,1.0083,100.8,3,0,3,RED,2,3,0
2026-07-23 02:00:00,Surgical Ward,Surgical & Post-Op Ward,80,86,0,1.075,107.5,2,1,1,RED,2,3,0
2026-07-23 02:00:00,Pediatrics,Pediatric Ward,40,42,0,1.05,105.0,1,1,0,RED,2,3,0
2026-07-23 03:00:00,Emergency,Emergency Department (ED),50,54,0,1.08,108.0,1,0,1,RED,3,3,0
2026-07-23 03:00:00,ICU,Intensive Care Unit (ICU),30,32,0,1.0667,106.7,1,0,1,RED,3,3,0
2026-07-23 03:00:00,General Medicine,General Medicine Ward,120,122,0,1.0167,101.7,1,0,1,RED,3,3,0
2026-07-23 03:00:00,Surgical Ward,Surgical & Post-Op Ward,80,84,0,1.05,105.0,0,2,-2,RED,3,3,0
2026-07-23 03:00:00,Pediatrics,Pediatric Ward,40,43,0,1.075,107.5,1,0,1,RED,3,3,0
2026-07-23 04:00:00,Emergency,Emergency Department (ED),50,54,0,1.08,108.0,0,0,0,RED,4,3,0
2026-07-23 04:00:00,ICU,Intensive Care Unit (ICU),30,32,0,1.0667,106.7,1,0,1,RED,4,3,0
2026-07-23 04:00:00,General Medicine,General Medicine Ward,120,124,0,1.0333,103.3,2,0,2,RED,4,3,0
2026-07-23 04:00:00,Surgical Ward,Surgical & Post-Op Ward,80,84,0,1.05,105.0,0,0,0,RED,4,3,0
2026-07-23 04:00:00,Pediatrics,Pediatric Ward,40,43,0,1.075,107.5,0,0,0,RED,4,3,0
2026-07-23 05:00:00,Emergency,Emergency Department (ED),50,54,0,1.08,108.0,1,0,1,RED,5,3,0
2026-07-23 05:00:00,ICU,Intensive Care Unit (ICU),30,32,0,1.0667,106.7,0,0,0,RED,5,3,0
2026-07-23 05:00:00,General Medicine,General Medicine Ward,120,124,0,1.0333,103.3,1,1,0,RED,5,3,0
2026-07-23 05:00:00,Surgical Ward,Surgical & Post-Op Ward,80,84,0,1.05,105.0,1,1,0,RED,5,3,0
2026-07-23 05:00:00,Pediatrics,Pediatric Ward,40,43,0,1.075,107.5,0,0,0,RED,5,3,0
2026-07-23 06:00:00,Emergency,Emergency Department (ED),50,54,0,1.08,108.0,2,1,1,RED,6,3,0
2026-07-23 06:00:00,ICU,Intensive Care Unit (ICU),30,32,0,1.0667,106.7,1,0,1,RED,6,3,0
2026-07-23 06:00:00,General Medicine,General Medicine Ward,120,127,0,1.0583,105.8,7,4,3,RED,6,3,0
2026-07-23 06:00:00,Surgical Ward,Surgical & Post-Op Ward,80,86,0,1.075,107.5,2,0,2,RED,6,3,0
2026-07-23 06:00:00,Pediatrics,Pediatric Ward,40,43,0,1.075,107.5,0,0,0,RED,6,3,0
2026-07-23 07:00:00,Emergency,Emergency Department (ED),50,54,0,1.08,108.0,1,1,0,RED,7,3,0
2026-07-23 07:00:00,ICU,Intensive Care Unit (ICU),30,32,0,1.0667,106.7,0,0,0,RED,7,3,0
2026-07-23 07:00:00,General Medicine,General Medicine Ward,120,128,0,1.0667,106.7,7,6,1,RED,7,3,0
2026-07-23 07:00:00,Surgical Ward,Surgical & Post-Op Ward,80,83,0,1.0375,103.8,1,4,-3,RED,7,3,0
2026-07-23 07:00:00,Pediatrics,Pediatric Ward,40,42,0,1.05,105.0,0,1,-1,RED,7,3,0
2026-07-23 08:00:00,Emergency,Emergency Department (ED),50,54,0,1.08,108.0,2,1,1,RED,8,3,0
2026-07-23 08:00:00,ICU,Intensive Care Unit (ICU),30,32,0,1.0667,106.7,0,0,0,RED,8,3,0
2026-07-23 08:00:00,General Medicine,General Medicine Ward,120,124,0,1.0333,103.3,0,4,-4,RED,8,3,0
2026-07-23 08:00:00,Surgical Ward,Surgical & Post-Op Ward,80,86,0,1.075,107.5,7,0,7,RED,8,3,0
2026-07-23 08:00:00,Pediatrics,Pediatric Ward,40,41,0,1.025,102.5,0,1,-1,RED,8,3,0
2026-07-23 09:00:00,Emergency,Emergency Department (ED),50,53,0,1.06,106.0,5,6,-1,RED,9,3,0
2026-07-23 09:00:00,ICU,Intensive Care Unit (ICU),30,31,0,1.0333,103.3,0,1,-1,RED,9,3,0
2026-07-23 09:00:00,General Medicine,General Medicine Ward,120,123,0,1.025,102.5,5,6,-1,RED,9,3,0
2026-07-23 09:00:00,Surgical Ward,Surgical & Post-Op Ward,80,86,0,1.075,107.5,4,3,1,RED,9,3,0
2026-07-23 09:00:00,Pediatrics,Pediatric Ward,40,41,0,1.025,102.5,0,0,0,RED,9,3,0
2026-07-23 10:00:00,Emergency,Emergency Department (ED),50,54,0,1.08,108.0,4,0,4,RED,10,3,0
2026-07-23 10:00:00,ICU,Intensive Care Unit (ICU),30,32,0,1.0667,106.7,2,1,1,RED,10,3,0
2026-07-23 10:00:00,General Medicine,General Medicine Ward,120,125,0,1.0417,104.2,6,4,2,RED,10,3,0
2026-07-23 10:00:00,Surgical Ward,Surgical & Post-Op Ward,80,85,0,1.0625,106.2,2,3,-1,RED,10,3,0
2026-07-23 10:00:00,Pediatrics,Pediatric Ward,40,41,0,1.025,102.5,3,3,0,RED,10,3,0
2026-07-23 11:00:00,Emergency,Emergency Department (ED),50,54,0,1.08,108.0,5,2,3,RED,11,3,0
2026-07-23 11:00:00,ICU,Intensive Care Unit (ICU),30,32,0,1.0667,106.7,1,0,1,RED,11,3,0
2026-07-23 11:00:00,General Medicine,General Medicine Ward,120,127,0,1.0583,105.8,5,3,2,RED,11,3,0
2026-07-23 11:00:00,Surgical Ward,Surgical & Post-Op Ward,80,85,0,1.0625,106.2,2,2,0,RED,11,3,0
2026-07-23 11:00:00,Pediatrics,Pediatric Ward,40,43,0,1.075,107.5,2,0,2,RED,11,3,0
2026-07-23 12:00:00,Emergency,Emergency Department (ED),50,51,0,1.02,102.0,0,3,-3,RED,12,3,0
2026-07-23 12:00:00,ICU,Intensive Care Unit (ICU),30,32,0,1.0667,106.7,3,1,2,RED,12,3,0
2026-07-23 12:00:00,General Medicine,General Medicine Ward,120,128,0,1.0667,106.7,2,1,1,RED,12,3,0
2026-07-23 12:00:00,Surgical Ward,Surgical & Post-Op Ward,80,81,0,1.0125,101.2,1,5,-4,RED,12,3,0
2026-07-23 12:00:00,Pediatrics,Pediatric Ward,40,43,0,1.075,107.5,2,0,2,RED,12,3,0
2026-07-23 13:00:00,Emergency,Emergency Department (ED),50,54,0,1.08,108.0,5,1,4,RED,13,3,0
2026-07-23 13:00:00,ICU,Intensive Care Unit (ICU),30,31,0,1.0333,103.3,0,1,-1,RED,13,3,0
2026-07-23 13:00:00,General Medicine,General Medicine Ward,120,125,0,1.0417,104.2,5,8,-3,RED,13,3,0
2026-07-23 13:00:00,Surgical Ward,Surgical & Post-Op Ward,80,83,0,1.0375,103.8,5,3,2,RED,13,3,0
2026-07-23 13:00:00,Pediatrics,Pediatric Ward,40,41,0,1.025,102.5,2,4,-2,RED,13,3,0
2026-07-23 14:00:00,Emergency,Emergency Department (ED),50,52,0,1.04,104.0,5,7,-2,RED,14,3,0
2026-07-23 14:00:00,ICU,Intensive Care Unit (ICU),30,32,0,1.0667,106.7,1,0,1,RED,14,3,0
2026-07-23 14:00:00,General Medicine,General Medicine Ward,120,124,0,1.0333,103.3,7,8,-1,RED,14,3,0
2026-07-23 14:00:00,Surgical Ward,Surgical & Post-Op Ward,80,81,0,1.0125,101.2,2,4,-2,RED,14,3,0
2026-07-23 14:00:00,Pediatrics,Pediatric Ward,40,41,0,1.025,102.5,3,3,0,RED,14,3,0
2026-07-23 15:00:00,Emergency,Emergency Department (ED),50,54,0,1.08,108.0,4,2,2,RED,15,3,0
2026-07-23 15:00:00,ICU,Intensive Care Unit (ICU),30,29,1,0.9667,96.7,0,3,-3,RED,15,3,0
2026-07-23 15:00:00,General Medicine,General Medicine Ward,120,128,0,1.0667,106.7,4,0,4,RED,15,3,0
2026-07-23 15:00:00,Surgical Ward,Surgical & Post-Op Ward,80,85,0,1.0625,106.2,4,0,4,RED,15,3,0
2026-07-23 15:00:00,Pediatrics,Pediatric Ward,40,43,0,1.075,107.5,2,0,2,RED,15,3,0
2026-07-23 16:00:00,Emergency,Emergency Department (ED),50,54,0,1.08,108.0,7,2,5,RED,16,3,0
2026-07-23 16:00:00,ICU,Intensive Care Unit (ICU),30,30,0,1.0,100.0,1,0,1,RED,16,3,0
2026-07-23 16:00:00,General Medicine,General Medicine Ward,120,129,0,1.075,107.5,8,4,4,RED,16,3,0
2026-07-23 16:00:00,Surgical Ward,Surgical & Post-Op Ward,80,83,0,1.0375,103.8,2,4,-2,RED,16,3,0
2026-07-23 16:00:00,Pediatrics,Pediatric Ward,40,43,0,1.075,107.5,3,0,3,RED,16,3,0
2026-07-23 17:00:00,Emergency,Emergency Department (ED),50,54,0,1.08,108.0,5,0,5,RED,17,3,0
2026-07-23 17:00:00,ICU,Intensive Care Unit (ICU),30,31,0,1.0333,103.3,1,0,1,RED,17,3,0
2026-07-23 17:00:00,General Medicine,General Medicine Ward,120,129,0,1.075,107.5,8,2,6,RED,17,3,0
2026-07-23 17:00:00,Surgical Ward,Surgical & Post-Op Ward,80,85,0,1.0625,106.2,4,2,2,RED,17,3,0
2026-07-23 17:00:00,Pediatrics,Pediatric Ward,40,43,0,1.075,107.5,3,0,3,RED,17,3,0
2026-07-23 18:00:00,Emergency,Emergency Department (ED),50,54,0,1.08,108.0,4,1,3,RED,18,3,0
2026-07-23 18:00:00,ICU,Intensive Care Unit (ICU),30,31,0,1.0333,103.3,0,0,0,RED,18,3,0
2026-07-23 18:00:00,General Medicine,General Medicine Ward,120,129,0,1.075,107.5,7,5,2,RED,18,3,0
2026-07-23 18:00:00,Surgical Ward,Surgical & Post-Op Ward,80,86,0,1.075,107.5,3,2,1,RED,18,3,0
2026-07-23 18:00:00,Pediatrics,Pediatric Ward,40,43,0,1.075,107.5,1,0,1,RED,18,3,0
2026-07-23 19:00:00,Emergency,Emergency Department (ED),50,54,0,1.08,108.0,8,3,5,RED,19,3,0
2026-07-23 19:00:00,ICU,Intensive Care Unit (ICU),30,31,0,1.0333,103.3,0,0,0,RED,19,3,0
2026-07-23 19:00:00,General Medicine,General Medicine Ward,120,129,0,1.075,107.5,7,2,5,RED,19,3,0
2026-07-23 19:00:00,Surgical Ward,Surgical & Post-Op Ward,80,86,0,1.075,107.5,4,2,2,RED,19,3,0
2026-07-23 19:00:00,Pediatrics,Pediatric Ward,40,42,0,1.05,105.0,0,1,-1,RED,19,3,0
2026-07-23 20:00:00,Emergency,Emergency Department (ED),50,54,0,1.08,108.0,6,1,5,RED,20,3,0
2026-07-23 20:00:00,ICU,Intensive Care Unit (ICU),30,31,0,1.0333,103.3,1,1,0,RED,20,3,0
2026-07-23 20:00:00,General Medicine,General Medicine Ward,120,129,0,1.075,107.5,6,5,1,RED,20,3,0
2026-07-23 20:00:00,Surgical Ward,Surgical & Post-Op Ward,80,84,0,1.05,105.0,0,2,-2,RED,20,3,0
2026-07-23 20:00:00,Pediatrics,Pediatric Ward,40,43,0,1.075,107.5,2,0,2,RED,20,3,0
2026-07-23 21:00:00,Emergency,Emergency Department (ED),50,53,0,1.06,106.0,2,3,-1,RED,21,3,0
2026-07-23 21:00:00,ICU,Intensive Care Unit (ICU),30,32,0,1.0667,106.7,1,0,1,RED,21,3,0
2026-07-23 21:00:00,General Medicine,General Medicine Ward,120,129,0,1.075,107.5,3,1,2,RED,21,3,0
2026-07-23 21:00:00,Surgical Ward,Surgical & Post-Op Ward,80,84,0,1.05,105.0,2,2,0,RED,21,3,0
2026-07-23 21:00:00,Pediatrics,Pediatric Ward,40,43,0,1.075,107.5,2,0,2,RED,21,3,0
2026-07-23 22:00:00,Emergency,Emergency Department (ED),50,53,0,1.06,106.0,4,4,0,RED,22,3,0
2026-07-23 22:00:00,ICU,Intensive Care Unit (ICU),30,32,0,1.0667,106.7,0,0,0,RED,22,3,0
2026-07-23 22:00:00,General Medicine,General Medicine Ward,120,129,0,1.075,107.5,4,4,0,RED,22,3,0
2026-07-23 22:00:00,Surgical Ward,Surgical & Post-Op Ward,80,86,0,1.075,107.5,2,0,2,RED,22,3,0
2026-07-23 22:00:00,Pediatrics,Pediatric Ward,40,43,0,1.075,107.5,3,0,3,RED,22,3,0
2026-07-23 23:00:00,Emergency,Emergency Department (ED),50,50,0,1.0,100.0,0,3,-3,RED,23,3,0
2026-07-23 23:00:00,ICU,Intensive Care Unit (ICU),30,32,0,1.0667,106.7,0,0,0,RED,23,3,0
2026-07-23 23:00:00,General Medicine,General Medicine Ward,120,124,0,1.0333,103.3,0,5,-5,RED,23,3,0
2026-07-23 23:00:00,Surgical Ward,Surgical & Post-Op Ward,80,86,0,1.075,107.5,7,3,4,RED,23,3,0
2026-07-23 23:00:00,Pediatrics,Pediatric Ward,40,41,0,1.025,102.5,1,3,-2,RED,23,3,0
2026-07-24 00:00:00,Emergency,Emergency Department (ED),50,52,0,1.04,104.0,2,0,2,RED,0,4,0
2026-07-24 00:00:00,ICU,Intensive Care Unit (ICU),30,32,0,1.0667,106.7,2,1,1,RED,0,4,0
2026-07-24 00:00:00,General Medicine,General Medicine Ward,120,125,0,1.0417,104.2,4,3,1,RED,0,4,0
2026-07-24 00:00:00,Surgical Ward,Surgical & Post-Op Ward,80,85,0,1.0625,106.2,0,1,-1,RED,0,4,0
2026-07-24 00:00:00,Pediatrics,Pediatric Ward,40,41,0,1.025,102.5,0,0,0,RED,0,4,0
2026-07-24 01:00:00,Emergency,Emergency Department (ED),50,53,0,1.06,106.0,5,4,1,RED,1,4,0
2026-07-24 01:00:00,ICU,Intensive Care Unit (ICU),30,32,0,1.0667,106.7,0,0,0,RED,1,4,0
2026-07-24 01:00:00,General Medicine,General Medicine Ward,120,126,0,1.05,105.0,1,0,1,RED,1,4,0
2026-07-24 01:00:00,Surgical Ward,Surgical & Post-Op Ward,80,85,0,1.0625,106.2,0,0,0,RED,1,4,0
2026-07-24 01:00:00,Pediatrics,Pediatric Ward,40,42,0,1.05,105.0,3,2,1,RED,1,4,0
2026-07-24 02:00:00,Emergency,Emergency Department (ED),50,53,0,1.06,106.0,0,0,0,RED,2,4,0
2026-07-24 02:00:00,ICU,Intensive Care Unit (ICU),30,31,0,1.0333,103.3,0,1,-1,RED,2,4,0
2026-07-24 02:00:00,General Medicine,General Medicine Ward,120,127,0,1.0583,105.8,2,1,1,RED,2,4,0
2026-07-24 02:00:00,Surgical Ward,Surgical & Post-Op Ward,80,86,0,1.075,107.5,1,0,1,RED,2,4,0
2026-07-24 02:00:00,Pediatrics,Pediatric Ward,40,42,0,1.05,105.0,0,0,0,RED,2,4,0
2026-07-24 03:00:00,Emergency,Emergency Department (ED),50,52,0,1.04,104.0,0,1,-1,RED,3,4,0
2026-07-24 03:00:00,ICU,Intensive Care Unit (ICU),30,31,0,1.0333,103.3,0,0,0,RED,3,4,0
2026-07-24 03:00:00,General Medicine,General Medicine Ward,120,127,0,1.0583,105.8,0,0,0,RED,3,4,0
2026-07-24 03:00:00,Surgical Ward,Surgical & Post-Op Ward,80,86,0,1.075,107.5,0,0,0,RED,3,4,0
2026-07-24 03:00:00,Pediatrics,Pediatric Ward,40,42,0,1.05,105.0,0,0,0,RED,3,4,0
2026-07-24 04:00:00,Emergency,Emergency Department (ED),50,51,0,1.02,102.0,0,1,-1,RED,4,4,0
2026-07-24 04:00:00,ICU,Intensive Care Unit (ICU),30,31,0,1.0333,103.3,0,0,0,RED,4,4,0
2026-07-24 04:00:00,General Medicine,General Medicine Ward,120,126,0,1.05,105.0,0,1,-1,RED,4,4,0
2026-07-24 04:00:00,Surgical Ward,Surgical & Post-Op Ward,80,86,0,1.075,107.5,2,0,2,RED,4,4,0
2026-07-24 04:00:00,Pediatrics,Pediatric Ward,40,41,0,1.025,102.5,0,1,-1,RED,4,4,0
2026-07-24 05:00:00,Emergency,Emergency Department (ED),50,51,0,1.02,102.0,0,0,0,RED,5,4,0
2026-07-24 05:00:00,ICU,Intensive Care Unit (ICU),30,31,0,1.0333,103.3,1,1,0,RED,5,4,0
2026-07-24 05:00:00,General Medicine,General Medicine Ward,120,129,0,1.075,107.5,4,0,4,RED,5,4,0
2026-07-24 05:00:00,Surgical Ward,Surgical & Post-Op Ward,80,86,0,1.075,107.5,3,0,3,RED,5,4,0
2026-07-24 05:00:00,Pediatrics,Pediatric Ward,40,41,0,1.025,102.5,0,0,0,RED,5,4,0
2026-07-24 06:00:00,Emergency,Emergency Department (ED),50,53,0,1.06,106.0,2,0,2,RED,6,4,0
2026-07-24 06:00:00,ICU,Intensive Care Unit (ICU),30,32,0,1.0667,106.7,2,1,1,RED,6,4,0
2026-07-24 06:00:00,General Medicine,General Medicine Ward,120,128,0,1.0667,106.7,3,4,-1,RED,6,4,0
2026-07-24 06:00:00,Surgical Ward,Surgical & Post-Op Ward,80,86,0,1.075,107.5,2,1,1,RED,6,4,0
2026-07-24 06:00:00,Pediatrics,Pediatric Ward,40,42,0,1.05,105.0,2,1,1,RED,6,4,0
2026-07-24 07:00:00,Emergency,Emergency Department (ED),50,54,0,1.08,108.0,6,0,6,RED,7,4,0
2026-07-24 07:00:00,ICU,Intensive Care Unit (ICU),30,32,0,1.0667,106.7,1,0,1,RED,7,4,0
2026-07-24 07:00:00,General Medicine,General Medicine Ward,120,129,0,1.075,107.5,5,2,3,RED,7,4,0
2026-07-24 07:00:00,Surgical Ward,Surgical & Post-Op Ward,80,86,0,1.075,107.5,4,2,2,RED,7,4,0
2026-07-24 07:00:00,Pediatrics,Pediatric Ward,40,43,0,1.075,107.5,2,1,1,RED,7,4,0
2026-07-24 08:00:00,Emergency,Emergency Department (ED),50,54,0,1.08,108.0,2,1,1,RED,8,4,0
2026-07-24 08:00:00,ICU,Intensive Care Unit (ICU),30,32,0,1.0667,106.7,1,1,0,RED,8,4,0
2026-07-24 08:00:00,General Medicine,General Medicine Ward,120,126,0,1.05,105.0,3,6,-3,RED,8,4,0
2026-07-24 08:00:00,Surgical Ward,Surgical & Post-Op Ward,80,86,0,1.075,107.5,2,1,1,RED,8,4,0
2026-07-24 08:00:00,Pediatrics,Pediatric Ward,40,43,0,1.075,107.5,0,0,0,RED,8,4,0
2026-07-24 09:00:00,Emergency,Emergency Department (ED),50,52,0,1.04,104.0,1,3,-2,RED,9,4,0
2026-07-24 09:00:00,ICU,Intensive Care Unit (ICU),30,32,0,1.0667,106.7,2,0,2,RED,9,4,0
2026-07-24 09:00:00,General Medicine,General Medicine Ward,120,125,0,1.0417,104.2,4,5,-1,RED,9,4,0
2026-07-24 09:00:00,Surgical Ward,Surgical & Post-Op Ward,80,86,0,1.075,107.5,3,2,1,RED,9,4,0
2026-07-24 09:00:00,Pediatrics,Pediatric Ward,40,43,0,1.075,107.5,3,0,3,RED,9,4,0
2026-07-24 10:00:00,Emergency,Emergency Department (ED),50,51,0,1.02,102.0,3,4,-1,RED,10,4,0
2026-07-24 10:00:00,ICU,Intensive Care Unit (ICU),30,31,0,1.0333,103.3,0,1,-1,RED,10,4,0
2026-07-24 10:00:00,General Medicine,General Medicine Ward,120,126,0,1.05,105.0,4,3,1,RED,10,4,0
2026-07-24 10:00:00,Surgical Ward,Surgical & Post-Op Ward,80,85,0,1.0625,106.2,3,4,-1,RED,10,4,0
2026-07-24 10:00:00,Pediatrics,Pediatric Ward,40,43,0,1.075,107.5,4,1,3,RED,10,4,0
2026-07-24 11:00:00,Emergency,Emergency Department (ED),50,53,0,1.06,106.0,4,2,2,RED,11,4,0
2026-07-24 11:00:00,ICU,Intensive Care Unit (ICU),30,31,0,1.0333,103.3,0,0,0,RED,11,4,0
2026-07-24 11:00:00,General Medicine,General Medicine Ward,120,127,0,1.0583,105.8,4,3,1,RED,11,4,0
2026-07-24 11:00:00,Surgical Ward,Surgical & Post-Op Ward,80,86,0,1.075,107.5,6,4,2,RED,11,4,0
2026-07-24 11:00:00,Pediatrics,Pediatric Ward,40,43,0,1.075,107.5,4,4,0,RED,11,4,0
2026-07-24 12:00:00,Emergency,Emergency Department (ED),50,54,0,1.08,108.0,5,4,1,RED,12,4,0
2026-07-24 12:00:00,ICU,Intensive Care Unit (ICU),30,32,0,1.0667,106.7,2,1,1,RED,12,4,0
2026-07-24 12:00:00,General Medicine,General Medicine Ward,120,128,0,1.0667,106.7,5,4,1,RED,12,4,0
2026-07-24 12:00:00,Surgical Ward,Surgical & Post-Op Ward,80,85,0,1.0625,106.2,3,4,-1,RED,12,4,0
2026-07-24 12:00:00,Pediatrics,Pediatric Ward,40,42,0,1.05,105.0,2,3,-1,RED,12,4,0
2026-07-24 13:00:00,Emergency,Emergency Department (ED),50,53,0,1.06,106.0,3,4,-1,RED,13,4,0
2026-07-24 13:00:00,ICU,Intensive Care Unit (ICU),30,32,0,1.0667,106.7,1,1,0,RED,13,4,0
2026-07-24 13:00:00,General Medicine,General Medicine Ward,120,128,0,1.0667,106.7,5,5,0,RED,13,4,0
2026-07-24 13:00:00,Surgical Ward,Surgical & Post-Op Ward,80,81,0,1.0125,101.2,0,4,-4,RED,13,4,0
2026-07-24 13:00:00,Pediatrics,Pediatric Ward,40,43,0,1.075,107.5,2,0,2,RED,13,4,0
2026-07-24 14:00:00,Emergency,Emergency Department (ED),50,48,2,0.96,96.0,2,7,-5,RED,14,4,0
2026-07-24 14:00:00,ICU,Intensive Care Unit (ICU),30,30,0,1.0,100.0,0,2,-2,RED,14,4,0
2026-07-24 14:00:00,General Medicine,General Medicine Ward,120,126,0,1.05,105.0,4,6,-2,RED,14,4,0
2026-07-24 14:00:00,Surgical Ward,Surgical & Post-Op Ward,80,86,0,1.075,107.5,7,0,7,RED,14,4,0
2026-07-24 14:00:00,Pediatrics,Pediatric Ward,40,40,0,1.0,100.0,0,3,-3,RED,14,4,0
2026-07-24 15:00:00,Emergency,Emergency Department (ED),50,47,3,0.94,94.0,1,2,-1,RED,15,4,0
2026-07-24 15:00:00,ICU,Intensive Care Unit (ICU),30,30,0,1.0,100.0,0,0,0,RED,15,4,0
2026-07-24 15:00:00,General Medicine,General Medicine Ward,120,129,0,1.075,107.5,8,1,7,RED,15,4,0
2026-07-24 15:00:00,Surgical Ward,Surgical & Post-Op Ward,80,86,0,1.075,107.5,2,1,1,RED,15,4,0
2026-07-24 15:00:00,Pediatrics,Pediatric Ward,40,39,1,0.975,97.5,0,1,-1,RED,15,4,0
2026-07-24 16:00:00,Emergency,Emergency Department (ED),50,48,2,0.96,96.0,4,3,1,RED,16,4,0
2026-07-24 16:00:00,ICU,Intensive Care Unit (ICU),30,30,0,1.0,100.0,0,0,0,RED,16,4,0
2026-07-24 16:00:00,General Medicine,General Medicine Ward,120,129,0,1.075,107.5,5,2,3,RED,16,4,0
2026-07-24 16:00:00,Surgical Ward,Surgical & Post-Op Ward,80,86,0,1.075,107.5,3,0,3,RED,16,4,0
2026-07-24 16:00:00,Pediatrics,Pediatric Ward,40,43,0,1.075,107.5,4,0,4,RED,16,4,0
2026-07-24 17:00:00,Emergency,Emergency Department (ED),50,54,0,1.08,108.0,10,1,9,RED,17,4,0
2026-07-24 17:00:00,ICU,Intensive Care Unit (ICU),30,31,0,1.0333,103.3,1,0,1,RED,17,4,0
2026-07-24 17:00:00,General Medicine,General Medicine Ward,120,129,0,1.075,107.5,7,5,2,RED,17,4,0
2026-07-24 17:00:00,Surgical Ward,Surgical & Post-Op Ward,80,85,0,1.0625,106.2,0,1,-1,RED,17,4,0
2026-07-24 17:00:00,Pediatrics,Pediatric Ward,40,43,0,1.075,107.5,2,0,2,RED,17,4,0
2026-07-24 18:00:00,Emergency,Emergency Department (ED),50,54,0,1.08,108.0,8,2,6,RED,18,4,0
2026-07-24 18:00:00,ICU,Intensive Care Unit (ICU),30,32,0,1.0667,106.7,1,0,1,RED,18,4,0
2026-07-24 18:00:00,General Medicine,General Medicine Ward,120,128,0,1.0667,106.7,1,2,-1,RED,18,4,0
2026-07-24 18:00:00,Surgical Ward,Surgical & Post-Op Ward,80,84,0,1.05,105.0,3,4,-1,RED,18,4,0
2026-07-24 18:00:00,Pediatrics,Pediatric Ward,40,43,0,1.075,107.5,2,1,1,RED,18,4,0
2026-07-24 19:00:00,Emergency,Emergency Department (ED),50,54,0,1.08,108.0,3,0,3,RED,19,4,0
2026-07-24 19:00:00,ICU,Intensive Care Unit (ICU),30,31,0,1.0333,103.3,0,1,-1,RED,19,4,0
2026-07-24 19:00:00,General Medicine,General Medicine Ward,120,129,0,1.075,107.5,5,2,3,RED,19,4,0
2026-07-24 19:00:00,Surgical Ward,Surgical & Post-Op Ward,80,84,0,1.05,105.0,1,1,0,RED,19,4,0
2026-07-24 19:00:00,Pediatrics,Pediatric Ward,40,42,0,1.05,105.0,0,1,-1,RED,19,4,0
2026-07-24 20:00:00,Emergency,Emergency Department (ED),50,54,0,1.08,108.0,2,0,2,RED,20,4,0
2026-07-24 20:00:00,ICU,Intensive Care Unit (ICU),30,32,0,1.0667,106.7,1,0,1,RED,20,4,0
2026-07-24 20:00:00,General Medicine,General Medicine Ward,120,129,0,1.075,107.5,5,2,3,RED,20,4,0
2026-07-24 20:00:00,Surgical Ward,Surgical & Post-Op Ward,80,86,0,1.075,107.5,5,1,4,RED,20,4,0
2026-07-24 20:00:00,Pediatrics,Pediatric Ward,40,41,0,1.025,102.5,1,2,-1,RED,20,4,0
2026-07-24 21:00:00,Emergency,Emergency Department (ED),50,54,0,1.08,108.0,6,0,6,RED,21,4,0
2026-07-24 21:00:00,ICU,Intensive Care Unit (ICU),30,32,0,1.0667,106.7,0,0,0,RED,21,4,0
2026-07-24 21:00:00,General Medicine,General Medicine Ward,120,129,0,1.075,107.5,5,5,0,RED,21,4,0
2026-07-24 21:00:00,Surgical Ward,Surgical & Post-Op Ward,80,86,0,1.075,107.5,4,0,4,RED,21,4,0
2026-07-24 21:00:00,Pediatrics,Pediatric Ward,40,40,0,1.0,100.0,0,1,-1,RED,21,4,0
2026-07-24 22:00:00,Emergency,Emergency Department (ED),50,54,0,1.08,108.0,5,3,2,RED,22,4,0
2026-07-24 22:00:00,ICU,Intensive Care Unit (ICU),30,32,0,1.0667,106.7,1,0,1,RED,22,4,0
2026-07-24 22:00:00,General Medicine,General Medicine Ward,120,129,0,1.075,107.5,6,2,4,RED,22,4,0
2026-07-24 22:00:00,Surgical Ward,Surgical & Post-Op Ward,80,84,0,1.05,105.0,0,2,-2,RED,22,4,0
2026-07-24 22:00:00,Pediatrics,Pediatric Ward,40,40,0,1.0,100.0,2,2,0,RED,22,4,0
2026-07-24 23:00:00,Emergency,Emergency Department (ED),50,54,0,1.08,108.0,5,2,3,RED,23,4,0
2026-07-24 23:00:00,ICU,Intensive Care Unit (ICU),30,32,0,1.0667,106.7,0,0,0,RED,23,4,0
2026-07-24 23:00:00,General Medicine,General Medicine Ward,120,129,0,1.075,107.5,5,2,3,RED,23,4,0
2026-07-24 23:00:00,Surgical Ward,Surgical & Post-Op Ward,80,84,0,1.05,105.0,4,4,0,RED,23,4,0
2026-07-24 23:00:00,Pediatrics,Pediatric Ward,40,41,0,1.025,102.5,1,0,1,RED,23,4,0
2026-07-25 00:00:00,Emergency,Emergency Department (ED),50,54,0,1.08,108.0,4,1,3,RED,0,5,1
2026-07-25 00:00:00,ICU,Intensive Care Unit (ICU),30,32,0,1.0667,106.7,1,0,1,RED,0,5,1
2026-07-25 00:00:00,General Medicine,General Medicine Ward,120,128,0,1.0667,106.7,2,3,-1,RED,0,5,1
2026-07-25 00:00:00,Surgical Ward,Surgical & Post-Op Ward,80,84,0,1.05,105.0,0,0,0,RED,0,5,1
2026-07-25 00:00:00,Pediatrics,Pediatric Ward,40,41,0,1.025,102.5,0,0,0,RED,0,5,1
2026-07-25 01:00:00,Emergency,Emergency Department (ED),50,54,0,1.08,108.0,7,1,6,RED,1,5,1
2026-07-25 01:00:00,ICU,Intensive Care Unit (ICU),30,32,0,1.0667,106.7,0,0,0,RED,1,5,1
2026-07-25 01:00:00,General Medicine,General Medicine Ward,120,128,0,1.0667,106.7,0,0,0,RED,1,5,1
2026-07-25 01:00:00,Surgical Ward,Surgical & Post-Op Ward,80,83,0,1.0375,103.8,0,1,-1,RED,1,5,1
2026-07-25 01:00:00,Pediatrics,Pediatric Ward,40,42,0,1.05,105.0,1,0,1,RED,1,5,1
2026-07-25 02:00:00,Emergency,Emergency Department (ED),50,54,0,1.08,108.0,0,0,0,RED,2,5,1
2026-07-25 02:00:00,ICU,Intensive Care Unit (ICU),30,32,0,1.0667,106.7,0,0,0,RED,2,5,1
2026-07-25 02:00:00,General Medicine,General Medicine Ward,120,129,0,1.075,107.5,3,1,2,RED,2,5,1
2026-07-25 02:00:00,Surgical Ward,Surgical & Post-Op Ward,80,83,0,1.0375,103.8,0,0,0,RED,2,5,1
2026-07-25 02:00:00,Pediatrics,Pediatric Ward,40,42,0,1.05,105.0,0,0,0,RED,2,5,1
2026-07-25 03:00:00,Emergency,Emergency Department (ED),50,54,0,1.08,108.0,1,1,0,RED,3,5,1
2026-07-25 03:00:00,ICU,Intensive Care Unit (ICU),30,32,0,1.0667,106.7,1,0,1,RED,3,5,1
2026-07-25 03:00:00,General Medicine,General Medicine Ward,120,129,0,1.075,107.5,2,0,2,RED,3,5,1
2026-07-25 03:00:00,Surgical Ward,Surgical & Post-Op Ward,80,83,0,1.0375,103.8,0,0,0,RED,3,5,1
2026-07-25 03:00:00,Pediatrics,Pediatric Ward,40,43,0,1.075,107.5,1,0,1,RED,3,5,1
2026-07-25 04:00:00,Emergency,Emergency Department (ED),50,54,0,1.08,108.0,1,0,1,RED,4,5,1
2026-07-25 04:00:00,ICU,Intensive Care Unit (ICU),30,32,0,1.0667,106.7,0,0,0,RED,4,5,1
2026-07-25 04:00:00,General Medicine,General Medicine Ward,120,129,0,1.075,107.5,1,0,1,RED,4,5,1
2026-07-25 04:00:00,Surgical Ward,Surgical & Post-Op Ward,80,82,0,1.025,102.5,0,1,-1,RED,4,5,1
2026-07-25 04:00:00,Pediatrics,Pediatric Ward,40,43,0,1.075,107.5,0,0,0,RED,4,5,1
2026-07-25 05:00:00,Emergency,Emergency Department (ED),50,54,0,1.08,108.0,0,0,0,RED,5,5,1
2026-07-25 05:00:00,ICU,Intensive Care Unit (ICU),30,32,0,1.0667,106.7,0,0,0,RED,5,5,1
2026-07-25 05:00:00,General Medicine,General Medicine Ward,120,129,0,1.075,107.5,0,0,0,RED,5,5,1
2026-07-25 05:00:00,Surgical Ward,Surgical & Post-Op Ward,80,82,0,1.025,102.5,1,1,0,RED,5,5,1
2026-07-25 05:00:00,Pediatrics,Pediatric Ward,40,43,0,1.075,107.5,0,0,0,RED,5,5,1
2026-07-25 06:00:00,Emergency,Emergency Department (ED),50,54,0,1.08,108.0,2,0,2,RED,6,5,1
2026-07-25 06:00:00,ICU,Intensive Care Unit (ICU),30,32,0,1.0667,106.7,0,0,0,RED,6,5,1
2026-07-25 06:00:00,General Medicine,General Medicine Ward,120,128,0,1.0667,106.7,2,3,-1,RED,6,5,1
2026-07-25 06:00:00,Surgical Ward,Surgical & Post-Op Ward,80,81,0,1.0125,101.2,1,2,-1,RED,6,5,1
2026-07-25 06:00:00,Pediatrics,Pediatric Ward,40,43,0,1.075,107.5,2,1,1,RED,6,5,1
2026-07-25 07:00:00,Emergency,Emergency Department (ED),50,54,0,1.08,108.0,4,3,1,RED,7,5,1
2026-07-25 07:00:00,ICU,Intensive Care Unit (ICU),30,32,0,1.0667,106.7,2,1,1,RED,7,5,1
2026-07-25 07:00:00,General Medicine,General Medicine Ward,120,129,0,1.075,107.5,2,1,1,RED,7,5,1
2026-07-25 07:00:00,Surgical Ward,Surgical & Post-Op Ward,80,79,1,0.9875,98.8,0,2,-2,RED,7,5,1
2026-07-25 07:00:00,Pediatrics,Pediatric Ward,40,43,0,1.075,107.5,3,1,2,RED,7,5,1
2026-07-25 08:00:00,Emergency,Emergency Department (ED),50,54,0,1.08,108.0,3,2,1,RED,8,5,1
2026-07-25 08:00:00,ICU,Intensive Care Unit (ICU),30,32,0,1.0667,106.7,1,1,0,RED,8,5,1
2026-07-25 08:00:00,General Medicine,General Medicine Ward,120,128,0,1.0667,106.7,3,4,-1,RED,8,5,1
2026-07-25 08:00:00,Surgical Ward,Surgical & Post-Op Ward,80,79,1,0.9875,98.8,3,3,0,RED,8,5,1
2026-07-25 08:00:00,Pediatrics,Pediatric Ward,40,42,0,1.05,105.0,0,1,-1,RED,8,5,1
2026-07-25 09:00:00,Emergency,Emergency Department (ED),50,54,0,1.08,108.0,1,0,1,RED,9,5,1
2026-07-25 09:00:00,ICU,Intensive Care Unit (ICU),30,32,0,1.0667,106.7,1,0,1,RED,9,5,1
2026-07-25 09:00:00,General Medicine,General Medicine Ward,120,126,0,1.05,105.0,4,6,-2,RED,9,5,1
2026-07-25 09:00:00,Surgical Ward,Surgical & Post-Op Ward,80,77,3,0.9625,96.2,1,3,-2,RED,9,5,1
2026-07-25 09:00:00,Pediatrics,Pediatric Ward,40,42,0,1.05,105.0,0,0,0,RED,9,5,1
2026-07-25 10:00:00,Emergency,Emergency Department (ED),50,50,0,1.0,100.0,2,6,-4,RED,10,5,1
2026-07-25 10:00:00,ICU,Intensive Care Unit (ICU),30,32,0,1.0667,106.7,0,0,0,RED,10,5,1
2026-07-25 10:00:00,General Medicine,General Medicine Ward,120,129,0,1.075,107.5,5,2,3,RED,10,5,1
2026-07-25 10:00:00,Surgical Ward,Surgical & Post-Op Ward,80,75,5,0.9375,93.8,1,3,-2,RED,10,5,1
2026-07-25 10:00:00,Pediatrics,Pediatric Ward,40,43,0,1.075,107.5,2,0,2,RED,10,5,1
2026-07-25 11:00:00,Emergency,Emergency Department (ED),50,50,0,1.0,100.0,5,5,0,RED,11,5,1
2026-07-25 11:00:00,ICU,Intensive Care Unit (ICU),30,32,0,1.0667,106.7,1,0,1,RED,11,5,1
2026-07-25 11:00:00,General Medicine,General Medicine Ward,120,128,0,1.0667,106.7,2,3,-1,RED,11,5,1
2026-07-25 11:00:00,Surgical Ward,Surgical & Post-Op Ward,80,72,8,0.9,90.0,1,4,-3,RED,11,5,1
2026-07-25 11:00:00,Pediatrics,Pediatric Ward,40,43,0,1.075,107.5,0,0,0,RED,11,5,1
2026-07-25 12:00:00,Emergency,Emergency Department (ED),50,49,1,0.98,98.0,4,5,-1,RED,12,5,1
2026-07-25 12:00:00,ICU,Intensive Care Unit (ICU),30,32,0,1.0667,106.7,3,2,1,RED,12,5,1
2026-07-25 12:00:00,General Medicine,General Medicine Ward,120,126,0,1.05,105.0,0,2,-2,RED,12,5,1
2026-07-25 12:00:00,Surgical Ward,Surgical & Post-Op Ward,80,66,14,0.825,82.5,0,6,-6,AMBER,12,5,1
2026-07-25 12:00:00,Pediatrics,Pediatric Ward,40,43,0,1.075,107.5,1,0,1,RED,12,5,1
2026-07-25 13:00:00,Emergency,Emergency Department (ED),50,50,0,1.0,100.0,6,5,1,RED,13,5,1
2026-07-25 13:00:00,ICU,Intensive Care Unit (ICU),30,32,0,1.0667,106.7,0,0,0,RED,13,5,1
2026-07-25 13:00:00,General Medicine,General Medicine Ward,120,122,0,1.0167,101.7,5,9,-4,RED,13,5,1
2026-07-25 13:00:00,Surgical Ward,Surgical & Post-Op Ward,80,64,16,0.8,80.0,0,2,-2,AMBER,13,5,1
2026-07-25 13:00:00,Pediatrics,Pediatric Ward,40,43,0,1.075,107.5,1,0,1,RED,13,5,1
2026-07-25 14:00:00,Emergency,Emergency Department (ED),50,50,0,1.0,100.0,4,4,0,RED,14,5,1
2026-07-25 14:00:00,ICU,Intensive Care Unit (ICU),30,32,0,1.0667,106.7,1,1,0,RED,14,5,1
2026-07-25 14:00:00,General Medicine,General Medicine Ward,120,118,2,0.9833,98.3,4,8,-4,RED,14,5,1
2026-07-25 14:00:00,Surgical Ward,Surgical & Post-Op Ward,80,59,21,0.7375,73.8,0,5,-5,GREEN,14,5,1
2026-07-25 14:00:00,Pediatrics,Pediatric Ward,40,41,0,1.025,102.5,0,2,-2,RED,14,5,1
2026-07-25 15:00:00,Emergency,Emergency Department (ED),50,54,0,1.08,108.0,7,2,5,RED,15,5,1
2026-07-25 15:00:00,ICU,Intensive Care Unit (ICU),30,32,0,1.0667,106.7,3,1,2,RED,15,5,1
2026-07-25 15:00:00,General Medicine,General Medicine Ward,120,124,0,1.0333,103.3,7,1,6,RED,15,5,1
2026-07-25 15:00:00,Surgical Ward,Surgical & Post-Op Ward,80,59,21,0.7375,73.8,4,4,0,GREEN,15,5,1
2026-07-25 15:00:00,Pediatrics,Pediatric Ward,40,42,0,1.05,105.0,2,1,1,RED,15,5,1
2026-07-25 16:00:00,Emergency,Emergency Department (ED),50,54,0,1.08,108.0,4,3,1,RED,16,5,1
2026-07-25 16:00:00,ICU,Intensive Care Unit (ICU),30,32,0,1.0667,106.7,1,1,0,RED,16,5,1
2026-07-25 16:00:00,General Medicine,General Medicine Ward,120,127,0,1.0583,105.8,7,4,3,RED,16,5,1
2026-07-25 16:00:00,Surgical Ward,Surgical & Post-Op Ward,80,58,22,0.725,72.5,2,3,-1,GREEN,16,5,1
2026-07-25 16:00:00,Pediatrics,Pediatric Ward,40,43,0,1.075,107.5,3,0,3,RED,16,5,1
2026-07-25 17:00:00,Emergency,Emergency Department (ED),50,54,0,1.08,108.0,5,2,3,RED,17,5,1
2026-07-25 17:00:00,ICU,Intensive Care Unit (ICU),30,32,0,1.0667,106.7,1,1,0,RED,17,5,1
2026-07-25 17:00:00,General Medicine,General Medicine Ward,120,125,0,1.0417,104.2,3,5,-2,RED,17,5,1
2026-07-25 17:00:00,Surgical Ward,Surgical & Post-Op Ward,80,58,22,0.725,72.5,1,1,0,GREEN,17,5,1
2026-07-25 17:00:00,Pediatrics,Pediatric Ward,40,42,0,1.05,105.0,2,3,-1,RED,17,5,1
2026-07-25 18:00:00,Emergency,Emergency Department (ED),50,54,0,1.08,108.0,7,0,7,RED,18,5,1
2026-07-25 18:00:00,ICU,Intensive Care Unit (ICU),30,32,0,1.0667,106.7,0,0,0,RED,18,5,1
2026-07-25 18:00:00,General Medicine,General Medicine Ward,120,125,0,1.0417,104.2,2,2,0,RED,18,5,1
2026-07-25 18:00:00,Surgical Ward,Surgical & Post-Op Ward,80,56,24,0.7,70.0,1,3,-2,GREEN,18,5,1
2026-07-25 18:00:00,Pediatrics,Pediatric Ward,40,42,0,1.05,105.0,0,0,0,RED,18,5,1
2026-07-25 19:00:00,Emergency,Emergency Department (ED),50,54,0,1.08,108.0,3,3,0,RED,19,5,1
2026-07-25 19:00:00,ICU,Intensive Care Unit (ICU),30,32,0,1.0667,106.7,2,0,2,RED,19,5,1
2026-07-25 19:00:00,General Medicine,General Medicine Ward,120,119,1,0.9917,99.2,0,6,-6,RED,19,5,1
2026-07-25 19:00:00,Surgical Ward,Surgical & Post-Op Ward,80,55,25,0.6875,68.8,1,2,-1,GREEN,19,5,1
2026-07-25 19:00:00,Pediatrics,Pediatric Ward,40,41,0,1.025,102.5,0,1,-1,RED,19,5,1
2026-07-25 20:00:00,Emergency,Emergency Department (ED),50,54,0,1.08,108.0,7,2,5,RED,20,5,1
2026-07-25 20:00:00,ICU,Intensive Care Unit (ICU),30,32,0,1.0667,106.7,0,0,0,RED,20,5,1
2026-07-25 20:00:00,General Medicine,General Medicine Ward,120,117,3,0.975,97.5,3,5,-2,RED,20,5,1
2026-07-25 20:00:00,Surgical Ward,Surgical & Post-Op Ward,80,53,27,0.6625,66.2,2,4,-2,GREEN,20,5,1
2026-07-25 20:00:00,Pediatrics,Pediatric Ward,40,40,0,1.0,100.0,1,2,-1,RED,20,5,1
2026-07-25 21:00:00,Emergency,Emergency Department (ED),50,54,0,1.08,108.0,7,4,3,RED,21,5,1
2026-07-25 21:00:00,ICU,Intensive Care Unit (ICU),30,32,0,1.0667,106.7,1,0,1,RED,21,5,1
2026-07-25 21:00:00,General Medicine,General Medicine Ward,120,116,4,0.9667,96.7,2,3,-1,RED,21,5,1
2026-07-25 21:00:00,Surgical Ward,Surgical & Post-Op Ward,80,54,26,0.675,67.5,3,2,1,GREEN,21,5,1
2026-07-25 21:00:00,Pediatrics,Pediatric Ward,40,42,0,1.05,105.0,2,0,2,RED,21,5,1
2026-07-25 22:00:00,Emergency,Emergency Department (ED),50,54,0,1.08,108.0,7,3,4,RED,22,5,1
2026-07-25 22:00:00,ICU,Intensive Care Unit (ICU),30,32,0,1.0667,106.7,0,0,0,RED,22,5,1
2026-07-25 22:00:00,General Medicine,General Medicine Ward,120,115,5,0.9583,95.8,4,5,-1,RED,22,5,1
2026-07-25 22:00:00,Surgical Ward,Surgical & Post-Op Ward,80,53,27,0.6625,66.2,0,1,-1,GREEN,22,5,1
2026-07-25 22:00:00,Pediatrics,Pediatric Ward,40,43,0,1.075,107.5,2,0,2,RED,22,5,1
2026-07-25 23:00:00,Emergency,Emergency Department (ED),50,53,0,1.06,106.0,2,3,-1,RED,23,5,1
2026-07-25 23:00:00,ICU,Intensive Care Unit (ICU),30,32,0,1.0667,106.7,2,0,2,RED,23,5,1
2026-07-25 23:00:00,General Medicine,General Medicine Ward,120,117,3,0.975,97.5,5,3,2,RED,23,5,1
2026-07-25 23:00:00,Surgical Ward,Surgical & Post-Op Ward,80,51,29,0.6375,63.7,0,2,-2,GREEN,23,5,1
2026-07-25 23:00:00,Pediatrics,Pediatric Ward,40,43,0,1.075,107.5,3,1,2,RED,23,5,1
2026-07-26 00:00:00,Emergency,Emergency Department (ED),50,53,0,1.06,106.0,4,4,0,RED,0,6,1
2026-07-26 00:00:00,ICU,Intensive Care Unit (ICU),30,31,0,1.0333,103.3,0,1,-1,RED,0,6,1
2026-07-26 00:00:00,General Medicine,General Medicine Ward,120,119,1,0.9917,99.2,6,4,2,RED,0,6,1
2026-07-26 00:00:00,Surgical Ward,Surgical & Post-Op Ward,80,50,30,0.625,62.5,0,1,-1,GREEN,0,6,1
2026-07-26 00:00:00,Pediatrics,Pediatric Ward,40,42,0,1.05,105.0,1,2,-1,RED,0,6,1
2026-07-26 01:00:00,Emergency,Emergency Department (ED),50,54,0,1.08,108.0,4,1,3,RED,1,6,1
2026-07-26 01:00:00,ICU,Intensive Care Unit (ICU),30,31,0,1.0333,103.3,0,0,0,RED,1,6,1
2026-07-26 01:00:00,General Medicine,General Medicine Ward,120,119,1,0.9917,99.2,0,0,0,RED,1,6,1
2026-07-26 01:00:00,Surgical Ward,Surgical & Post-Op Ward,80,50,30,0.625,62.5,0,0,0,GREEN,1,6,1
2026-07-26 01:00:00,Pediatrics,Pediatric Ward,40,40,0,1.0,100.0,0,2,-2,RED,1,6,1
2026-07-26 02:00:00,Emergency,Emergency Department (ED),50,54,0,1.08,108.0,0,0,0,RED,2,6,1
2026-07-26 02:00:00,ICU,Intensive Care Unit (ICU),30,32,0,1.0667,106.7,1,0,1,RED,2,6,1
2026-07-26 02:00:00,General Medicine,General Medicine Ward,120,120,0,1.0,100.0,1,0,1,RED,2,6,1
2026-07-26 02:00:00,Surgical Ward,Surgical & Post-Op Ward,80,50,30,0.625,62.5,0,0,0,GREEN,2,6,1
2026-07-26 02:00:00,Pediatrics,Pediatric Ward,40,40,0,1.0,100.0,0,0,0,RED,2,6,1
2026-07-26 03:00:00,Emergency,Emergency Department (ED),50,54,0,1.08,108.0,2,0,2,RED,3,6,1
2026-07-26 03:00:00,ICU,Intensive Care Unit (ICU),30,32,0,1.0667,106.7,0,0,0,RED,3,6,1
2026-07-26 03:00:00,General Medicine,General Medicine Ward,120,120,0,1.0,100.0,0,0,0,RED,3,6,1
2026-07-26 03:00:00,Surgical Ward,Surgical & Post-Op Ward,80,50,30,0.625,62.5,0,0,0,GREEN,3,6,1
2026-07-26 03:00:00,Pediatrics,Pediatric Ward,40,40,0,1.0,100.0,0,0,0,RED,3,6,1
2026-07-26 04:00:00,Emergency,Emergency Department (ED),50,54,0,1.08,108.0,2,0,2,RED,4,6,1
2026-07-26 04:00:00,ICU,Intensive Care Unit (ICU),30,32,0,1.0667,106.7,0,0,0,RED,4,6,1
2026-07-26 04:00:00,General Medicine,General Medicine Ward,120,122,0,1.0167,101.7,2,0,2,RED,4,6,1
2026-07-26 04:00:00,Surgical Ward,Surgical & Post-Op Ward,80,50,30,0.625,62.5,0,0,0,GREEN,4,6,1
2026-07-26 04:00:00,Pediatrics,Pediatric Ward,40,39,1,0.975,97.5,0,1,-1,RED,4,6,1
2026-07-26 05:00:00,Emergency,Emergency Department (ED),50,54,0,1.08,108.0,1,0,1,RED,5,6,1
2026-07-26 05:00:00,ICU,Intensive Care Unit (ICU),30,32,0,1.0667,106.7,1,0,1,RED,5,6,1
2026-07-26 05:00:00,General Medicine,General Medicine Ward,120,122,0,1.0167,101.7,0,0,0,RED,5,6,1
2026-07-26 05:00:00,Surgical Ward,Surgical & Post-Op Ward,80,49,31,0.6125,61.3,1,2,-1,GREEN,5,6,1
2026-07-26 05:00:00,Pediatrics,Pediatric Ward,40,39,1,0.975,97.5,0,0,0,RED,5,6,1
2026-07-26 06:00:00,Emergency,Emergency Department (ED),50,54,0,1.08,108.0,0,0,0,RED,6,6,1
2026-07-26 06:00:00,ICU,Intensive Care Unit (ICU),30,32,0,1.0667,106.7,2,1,1,RED,6,6,1
2026-07-26 06:00:00,General Medicine,General Medicine Ward,120,125,0,1.0417,104.2,3,0,3,RED,6,6,1
2026-07-26 06:00:00,Surgical Ward,Surgical & Post-Op Ward,80,48,32,0.6,60.0,0,1,-1,GREEN,6,6,1
2026-07-26 06:00:00,Pediatrics,Pediatric Ward,40,40,0,1.0,100.0,2,1,1,RED,6,6,1
2026-07-26 07:00:00,Emergency,Emergency Department (ED),50,54,0,1.08,108.0,4,2,2,RED,7,6,1
2026-07-26 07:00:00,ICU,Intensive Care Unit (ICU),30,32,0,1.0667,106.7,1,0,1,RED,7,6,1
2026-07-26 07:00:00,General Medicine,General Medicine Ward,120,124,0,1.0333,103.3,1,2,-1,RED,7,6,1
2026-07-26 07:00:00,Surgical Ward,Surgical & Post-Op Ward,80,48,32,0.6,60.0,1,1,0,GREEN,7,6,1
2026-07-26 07:00:00,Pediatrics,Pediatric Ward,40,42,0,1.05,105.0,2,0,2,RED,7,6,1
2026-07-26 08:00:00,Emergency,Emergency Department (ED),50,54,0,1.08,108.0,5,2,3,RED,8,6,1
2026-07-26 08:00:00,ICU,Intensive Care Unit (ICU),30,32,0,1.0667,106.7,0,0,0,RED,8,6,1
2026-07-26 08:00:00,General Medicine,General Medicine Ward,120,124,0,1.0333,103.3,1,1,0,RED,8,6,1
2026-07-26 08:00:00,Surgical Ward,Surgical & Post-Op Ward,80,46,34,0.575,57.5,2,4,-2,GREEN,8,6,1
2026-07-26 08:00:00,Pediatrics,Pediatric Ward,40,42,0,1.05,105.0,0,0,0,RED,8,6,1
2026-07-26 09:00:00,Emergency,Emergency Department (ED),50,52,0,1.04,104.0,2,4,-2,RED,9,6,1
2026-07-26 09:00:00,ICU,Intensive Care Unit (ICU),30,31,0,1.0333,103.3,0,1,-1,RED,9,6,1
2026-07-26 09:00:00,General Medicine,General Medicine Ward,120,122,0,1.0167,101.7,2,4,-2,RED,9,6,1
2026-07-26 09:00:00,Surgical Ward,Surgical & Post-Op Ward,80,43,37,0.5375,53.8,2,5,-3,GREEN,9,6,1
2026-07-26 09:00:00,Pediatrics,Pediatric Ward,40,43,0,1.075,107.5,3,1,2,RED,9,6,1
2026-07-26 10:00:00,Emergency,Emergency Department (ED),50,50,0,1.0,100.0,3,5,-2,RED,10,6,1
2026-07-26 10:00:00,ICU,Intensive Care Unit (ICU),30,31,0,1.0333,103.3,1,1,0,RED,10,6,1
2026-07-26 10:00:00,General Medicine,General Medicine Ward,120,118,2,0.9833,98.3,4,8,-4,RED,10,6,1
2026-07-26 10:00:00,Surgical Ward,Surgical & Post-Op Ward,80,43,37,0.5375,53.8,3,3,0,GREEN,10,6,1
2026-07-26 10:00:00,Pediatrics,Pediatric Ward,40,43,0,1.075,107.5,0,0,0,RED,10,6,1
2026-07-26 11:00:00,Emergency,Emergency Department (ED),50,54,0,1.08,108.0,9,0,9,RED,11,6,1
2026-07-26 11:00:00,ICU,Intensive Care Unit (ICU),30,31,0,1.0333,103.3,1,1,0,RED,11,6,1
2026-07-26 11:00:00,General Medicine,General Medicine Ward,120,120,0,1.0,100.0,2,0,2,RED,11,6,1
2026-07-26 11:00:00,Surgical Ward,Surgical & Post-Op Ward,80,40,40,0.5,50.0,2,5,-3,GREEN,11,6,1
2026-07-26 11:00:00,Pediatrics,Pediatric Ward,40,43,0,1.075,107.5,4,1,3,RED,11,6,1
2026-07-26 12:00:00,Emergency,Emergency Department (ED),50,54,0,1.08,108.0,6,4,2,RED,12,6,1
2026-07-26 12:00:00,ICU,Intensive Care Unit (ICU),30,31,0,1.0333,103.3,0,0,0,RED,12,6,1
2026-07-26 12:00:00,General Medicine,General Medicine Ward,120,118,2,0.9833,98.3,2,4,-2,RED,12,6,1
2026-07-26 12:00:00,Surgical Ward,Surgical & Post-Op Ward,80,38,42,0.475,47.5,1,3,-2,GREEN,12,6,1
2026-07-26 12:00:00,Pediatrics,Pediatric Ward,40,42,0,1.05,105.0,2,3,-1,RED,12,6,1
2026-07-26 13:00:00,Emergency,Emergency Department (ED),50,54,0,1.08,108.0,7,4,3,RED,13,6,1
2026-07-26 13:00:00,ICU,Intensive Care Unit (ICU),30,31,0,1.0333,103.3,0,0,0,RED,13,6,1
2026-07-26 13:00:00,General Medicine,General Medicine Ward,120,124,0,1.0333,103.3,9,3,6,RED,13,6,1
2026-07-26 13:00:00,Surgical Ward,Surgical & Post-Op Ward,80,38,42,0.475,47.5,2,2,0,GREEN,13,6,1
2026-07-26 13:00:00,Pediatrics,Pediatric Ward,40,40,0,1.0,100.0,1,3,-2,RED,13,6,1
2026-07-26 14:00:00,Emergency,Emergency Department (ED),50,54,0,1.08,108.0,3,1,2,RED,14,6,1
2026-07-26 14:00:00,ICU,Intensive Care Unit (ICU),30,31,0,1.0333,103.3,0,0,0,RED,14,6,1
2026-07-26 14:00:00,General Medicine,General Medicine Ward,120,126,0,1.05,105.0,5,3,2,RED,14,6,1
2026-07-26 14:00:00,Surgical Ward,Surgical & Post-Op Ward,80,36,44,0.45,45.0,2,4,-2,GREEN,14,6,1
2026-07-26 14:00:00,Pediatrics,Pediatric Ward,40,43,0,1.075,107.5,4,1,3,RED,14,6,1
2026-07-26 15:00:00,Emergency,Emergency Department (ED),50,54,0,1.08,108.0,5,0,5,RED,15,6,1
2026-07-26 15:00:00,ICU,Intensive Care Unit (ICU),30,31,0,1.0333,103.3,0,0,0,RED,15,6,1
2026-07-26 15:00:00,General Medicine,General Medicine Ward,120,129,0,1.075,107.5,6,2,4,RED,15,6,1
2026-07-26 15:00:00,Surgical Ward,Surgical & Post-Op Ward,80,37,43,0.4625,46.2,1,0,1,GREEN,15,6,1
2026-07-26 15:00:00,Pediatrics,Pediatric Ward,40,43,0,1.075,107.5,4,1,3,RED,15,6,1
2026-07-26 16:00:00,Emergency,Emergency Department (ED),50,54,0,1.08,108.0,7,1,6,RED,16,6,1
2026-07-26 16:00:00,ICU,Intensive Care Unit (ICU),30,31,0,1.0333,103.3,1,1,0,RED,16,6,1
2026-07-26 16:00:00,General Medicine,General Medicine Ward,120,125,0,1.0417,104.2,0,4,-4,RED,16,6,1
2026-07-26 16:00:00,Surgical Ward,Surgical & Post-Op Ward,80,34,46,0.425,42.5,0,3,-3,GREEN,16,6,1
2026-07-26 16:00:00,Pediatrics,Pediatric Ward,40,43,0,1.075,107.5,4,0,4,RED,16,6,1
2026-07-26 17:00:00,Emergency,Emergency Department (ED),50,53,0,1.06,106.0,2,3,-1,RED,17,6,1
2026-07-26 17:00:00,ICU,Intensive Care Unit (ICU),30,31,0,1.0333,103.3,0,0,0,RED,17,6,1
2026-07-26 17:00:00,General Medicine,General Medicine Ward,120,125,0,1.0417,104.2,6,6,0,RED,17,6,1
2026-07-26 17:00:00,Surgical Ward,Surgical & Post-Op Ward,80,33,47,0.4125,41.2,1,2,-1,GREEN,17,6,1
2026-07-26 17:00:00,Pediatrics,Pediatric Ward,40,42,0,1.05,105.0,0,1,-1,RED,17,6,1
2026-07-26 18:00:00,Emergency,Emergency Department (ED),50,54,0,1.08,108.0,9,4,5,RED,18,6,1
2026-07-26 18:00:00,ICU,Intensive Care Unit (ICU),30,32,0,1.0667,106.7,1,0,1,RED,18,6,1
2026-07-26 18:00:00,General Medicine,General Medicine Ward,120,126,0,1.05,105.0,5,4,1,RED,18,6,1
2026-07-26 18:00:00,Surgical Ward,Surgical & Post-Op Ward,80,32,48,0.4,40.0,2,3,-1,GREEN,18,6,1
2026-07-26 18:00:00,Pediatrics,Pediatric Ward,40,43,0,1.075,107.5,3,1,2,RED,18,6,1
2026-07-26 19:00:00,Emergency,Emergency Department (ED),50,54,0,1.08,108.0,8,1,7,RED,19,6,1
2026-07-26 19:00:00,ICU,Intensive Care Unit (ICU),30,32,0,1.0667,106.7,0,0,0,RED,19,6,1
2026-07-26 19:00:00,General Medicine,General Medicine Ward,120,125,0,1.0417,104.2,1,2,-1,RED,19,6,1
2026-07-26 19:00:00,Surgical Ward,Surgical & Post-Op Ward,80,32,48,0.4,40.0,1,1,0,GREEN,19,6,1
2026-07-26 19:00:00,Pediatrics,Pediatric Ward,40,43,0,1.075,107.5,1,0,1,RED,19,6,1
2026-07-26 20:00:00,Emergency,Emergency Department (ED),50,54,0,1.08,108.0,8,1,7,RED,20,6,1
2026-07-26 20:00:00,ICU,Intensive Care Unit (ICU),30,32,0,1.0667,106.7,2,0,2,RED,20,6,1
2026-07-26 20:00:00,General Medicine,General Medicine Ward,120,125,0,1.0417,104.2,3,3,0,RED,20,6,1
2026-07-26 20:00:00,Surgical Ward,Surgical & Post-Op Ward,80,28,52,0.35,35.0,0,4,-4,GREEN,20,6,1
2026-07-26 20:00:00,Pediatrics,Pediatric Ward,40,41,0,1.025,102.5,1,3,-2,RED,20,6,1
2026-07-26 21:00:00,Emergency,Emergency Department (ED),50,54,0,1.08,108.0,6,1,5,RED,21,6,1
2026-07-26 21:00:00,ICU,Intensive Care Unit (ICU),30,32,0,1.0667,106.7,0,0,0,RED,21,6,1
2026-07-26 21:00:00,General Medicine,General Medicine Ward,120,129,0,1.075,107.5,5,1,4,RED,21,6,1
2026-07-26 21:00:00,Surgical Ward,Surgical & Post-Op Ward,80,26,54,0.325,32.5,1,3,-2,GREEN,21,6,1
2026-07-26 21:00:00,Pediatrics,Pediatric Ward,40,43,0,1.075,107.5,3,0,3,RED,21,6,1
2026-07-26 22:00:00,Emergency,Emergency Department (ED),50,54,0,1.08,108.0,3,2,1,RED,22,6,1
2026-07-26 22:00:00,ICU,Intensive Care Unit (ICU),30,32,0,1.0667,106.7,0,0,0,RED,22,6,1
2026-07-26 22:00:00,General Medicine,General Medicine Ward,120,129,0,1.075,107.5,5,2,3,RED,22,6,1
2026-07-26 22:00:00,Surgical Ward,Surgical & Post-Op Ward,80,28,52,0.35,35.0,2,0,2,GREEN,22,6,1
2026-07-26 22:00:00,Pediatrics,Pediatric Ward,40,43,0,1.075,107.5,1,0,1,RED,22,6,1
2026-07-26 23:00:00,Emergency,Emergency Department (ED),50,54,0,1.08,108.0,1,0,1,RED,23,6,1
2026-07-26 23:00:00,ICU,Intensive Care Unit (ICU),30,32,0,1.0667,106.7,2,0,2,RED,23,6,1
2026-07-26 23:00:00,General Medicine,General Medicine Ward,120,125,0,1.0417,104.2,2,6,-4,RED,23,6,1
2026-07-26 23:00:00,Surgical Ward,Surgical & Post-Op Ward,80,25,55,0.3125,31.2,0,3,-3,GREEN,23,6,1
2026-07-26 23:00:00,Pediatrics,Pediatric Ward,40,42,0,1.05,105.0,1,2,-1,RED,23,6,1
2026-07-27 00:00:00,Emergency,Emergency Department (ED),50,54,0,1.08,108.0,5,3,2,RED,0,0,0
2026-07-27 00:00:00,ICU,Intensive Care Unit (ICU),30,32,0,1.0667,106.7,0,0,0,RED,0,0,0
2026-07-27 00:00:00,General Medicine,General Medicine Ward,120,129,0,1.075,107.5,7,3,4,RED,0,0,0
2026-07-27 00:00:00,Surgical Ward,Surgical & Post-Op Ward,80,26,54,0.325,32.5,1,0,1,GREEN,0,0,0
2026-07-27 00:00:00,Pediatrics,Pediatric Ward,40,43,0,1.075,107.5,2,1,1,RED,0,0,0
2026-07-27 01:00:00,Emergency,Emergency Department (ED),50,54,0,1.08,108.0,4,0,4,RED,1,0,0
2026-07-27 01:00:00,ICU,Intensive Care Unit (ICU),30,31,0,1.0333,103.3,0,1,-1,RED,1,0,0
2026-07-27 01:00:00,General Medicine,General Medicine Ward,120,129,0,1.075,107.5,2,1,1,RED,1,0,0
2026-07-27 01:00:00,Surgical Ward,Surgical & Post-Op Ward,80,26,54,0.325,32.5,0,0,0,GREEN,1,0,0
2026-07-27 01:00:00,Pediatrics,Pediatric Ward,40,42,0,1.05,105.0,1,2,-1,RED,1,0,0
2026-07-27 02:00:00,Emergency,Emergency Department (ED),50,54,0,1.08,108.0,0,0,0,RED,2,0,0
2026-07-27 02:00:00,ICU,Intensive Care Unit (ICU),30,31,0,1.0333,103.3,0,0,0,RED,2,0,0
2026-07-27 02:00:00,General Medicine,General Medicine Ward,120,129,0,1.075,107.5,2,1,1,RED,2,0,0
2026-07-27 02:00:00,Surgical Ward,Surgical & Post-Op Ward,80,26,54,0.325,32.5,0,0,0,GREEN,2,0,0
2026-07-27 02:00:00,Pediatrics,Pediatric Ward,40,42,0,1.05,105.0,0,0,0,RED,2,0,0
2026-07-27 03:00:00,Emergency,Emergency Department (ED),50,54,0,1.08,108.0,0,0,0,RED,3,0,0
2026-07-27 03:00:00,ICU,Intensive Care Unit (ICU),30,31,0,1.0333,103.3,0,0,0,RED,3,0,0
2026-07-27 03:00:00,General Medicine,General Medicine Ward,120,129,0,1.075,107.5,1,1,0,RED,3,0,0
2026-07-27 03:00:00,Surgical Ward,Surgical & Post-Op Ward,80,27,53,0.3375,33.8,1,0,1,GREEN,3,0,0
2026-07-27 03:00:00,Pediatrics,Pediatric Ward,40,42,0,1.05,105.0,0,0,0,RED,3,0,0
2026-07-27 04:00:00,Emergency,Emergency Department (ED),50,53,0,1.06,106.0,0,1,-1,RED,4,0,0
2026-07-27 04:00:00,ICU,Intensive Care Unit (ICU),30,31,0,1.0333,103.3,0,0,0,RED,4,0,0
2026-07-27 04:00:00,General Medicine,General Medicine Ward,120,129,0,1.075,107.5,4,0,4,RED,4,0,0
2026-07-27 04:00:00,Surgical Ward,Surgical & Post-Op Ward,80,27,53,0.3375,33.8,0,0,0,GREEN,4,0,0
2026-07-27 04:00:00,Pediatrics,Pediatric Ward,40,41,0,1.025,102.5,0,1,-1,RED,4,0,0
2026-07-27 05:00:00,Emergency,Emergency Department (ED),50,54,0,1.08,108.0,2,0,2,RED,5,0,0
2026-07-27 05:00:00,ICU,Intensive Care Unit (ICU),30,31,0,1.0333,103.3,0,0,0,RED,5,0,0
2026-07-27 05:00:00,General Medicine,General Medicine Ward,120,129,0,1.075,107.5,1,1,0,RED,5,0,0
2026-07-27 05:00:00,Surgical Ward,Surgical & Post-Op Ward,80,28,52,0.35,35.0,4,3,1,GREEN,5,0,0
2026-07-27 05:00:00,Pediatrics,Pediatric Ward,40,41,0,1.025,102.5,0,0,0,RED,5,0,0
2026-07-27 06:00:00,Emergency,Emergency Department (ED),50,54,0,1.08,108.0,2,1,1,RED,6,0,0
2026-07-27 06:00:00,ICU,Intensive Care Unit (ICU),30,30,0,1.0,100.0,0,1,-1,RED,6,0,0
2026-07-27 06:00:00,General Medicine,General Medicine Ward,120,129,0,1.075,107.5,5,4,1,RED,6,0,0
2026-07-27 06:00:00,Surgical Ward,Surgical & Post-Op Ward,80,29,51,0.3625,36.2,4,3,1,GREEN,6,0,0
2026-07-27 06:00:00,Pediatrics,Pediatric Ward,40,42,0,1.05,105.0,2,1,1,RED,6,0,0
2026-07-27 07:00:00,Emergency,Emergency Department (ED),50,54,0,1.08,108.0,3,3,0,RED,7,0,0
2026-07-27 07:00:00,ICU,Intensive Care Unit (ICU),30,30,0,1.0,100.0,0,0,0,RED,7,0,0
2026-07-27 07:00:00,General Medicine,General Medicine Ward,120,129,0,1.075,107.5,7,4,3,RED,7,0,0
2026-07-27 07:00:00,Surgical Ward,Surgical & Post-Op Ward,80,27,53,0.3375,33.8,0,2,-2,GREEN,7,0,0
2026-07-27 07:00:00,Pediatrics,Pediatric Ward,40,43,0,1.075,107.5,1,0,1,RED,7,0,0
2026-07-27 08:00:00,Emergency,Emergency Department (ED),50,54,0,1.08,108.0,4,3,1,RED,8,0,0
2026-07-27 08:00:00,ICU,Intensive Care Unit (ICU),30,30,0,1.0,100.0,0,0,0,RED,8,0,0
2026-07-27 08:00:00,General Medicine,General Medicine Ward,120,129,0,1.075,107.5,2,1,1,RED,8,0,0
2026-07-27 08:00:00,Surgical Ward,Surgical & Post-Op Ward,80,34,46,0.425,42.5,8,1,7,GREEN,8,0,0
2026-07-27 08:00:00,Pediatrics,Pediatric Ward,40,43,0,1.075,107.5,2,0,2,RED,8,0,0
2026-07-27 09:00:00,Emergency,Emergency Department (ED),50,54,0,1.08,108.0,2,2,0,RED,9,0,0
2026-07-27 09:00:00,ICU,Intensive Care Unit (ICU),30,31,0,1.0333,103.3,1,0,1,RED,9,0,0
2026-07-27 09:00:00,General Medicine,General Medicine Ward,120,127,0,1.0583,105.8,0,2,-2,RED,9,0,0
2026-07-27 09:00:00,Surgical Ward,Surgical & Post-Op Ward,80,39,41,0.4875,48.8,5,0,5,GREEN,9,0,0
2026-07-27 09:00:00,Pediatrics,Pediatric Ward,40,43,0,1.075,107.5,0,0,0,RED,9,0,0
2026-07-27 10:00:00,Emergency,Emergency Department (ED),50,54,0,1.08,108.0,0,0,0,RED,10,0,0
2026-07-27 10:00:00,ICU,Intensive Care Unit (ICU),30,31,0,1.0333,103.3,0,0,0,RED,10,0,0
2026-07-27 10:00:00,General Medicine,General Medicine Ward,120,124,0,1.0333,103.3,0,3,-3,RED,10,0,0
2026-07-27 10:00:00,Surgical Ward,Surgical & Post-Op Ward,80,34,46,0.425,42.5,4,9,-5,GREEN,10,0,0
2026-07-27 10:00:00,Pediatrics,Pediatric Ward,40,40,0,1.0,100.0,0,3,-3,RED,10,0,0
2026-07-27 11:00:00,Emergency,Emergency Department (ED),50,49,1,0.98,98.0,0,5,-5,RED,11,0,0
2026-07-27 11:00:00,ICU,Intensive Care Unit (ICU),30,30,0,1.0,100.0,0,1,-1,RED,11,0,0
2026-07-27 11:00:00,General Medicine,General Medicine Ward,120,125,0,1.0417,104.2,5,4,1,RED,11,0,0
2026-07-27 11:00:00,Surgical Ward,Surgical & Post-Op Ward,80,32,48,0.4,40.0,3,5,-2,GREEN,11,0,0
2026-07-27 11:00:00,Pediatrics,Pediatric Ward,40,38,2,0.95,95.0,1,3,-2,RED,11,0,0
2026-07-27 12:00:00,Emergency,Emergency Department (ED),50,49,1,0.98,98.0,5,5,0,RED,12,0,0
2026-07-27 12:00:00,ICU,Intensive Care Unit (ICU),30,31,0,1.0333,103.3,1,0,1,RED,12,0,0
2026-07-27 12:00:00,General Medicine,General Medicine Ward,120,126,0,1.05,105.0,7,6,1,RED,12,0,0
2026-07-27 12:00:00,Surgical Ward,Surgical & Post-Op Ward,80,30,50,0.375,37.5,1,3,-2,GREEN,12,0,0
2026-07-27 12:00:00,Pediatrics,Pediatric Ward,40,39,1,0.975,97.5,1,0,1,RED,12,0,0
2026-07-27 13:00:00,Emergency,Emergency Department (ED),50,50,0,1.0,100.0,3,2,1,RED,13,0,0
2026-07-27 13:00:00,ICU,Intensive Care Unit (ICU),30,31,0,1.0333,103.3,1,1,0,RED,13,0,0
2026-07-27 13:00:00,General Medicine,General Medicine Ward,120,127,0,1.0583,105.8,6,5,1,RED,13,0,0
2026-07-27 13:00:00,Surgical Ward,Surgical & Post-Op Ward,80,33,47,0.4125,41.2,4,1,3,GREEN,13,0,0
2026-07-27 13:00:00,Pediatrics,Pediatric Ward,40,40,0,1.0,100.0,1,0,1,RED,13,0,0
2026-07-27 14:00:00,Emergency,Emergency Department (ED),50,49,1,0.98,98.0,4,5,-1,RED,14,0,0
2026-07-27 14:00:00,ICU,Intensive Care Unit (ICU),30,29,1,0.9667,96.7,0,2,-2,RED,14,0,0
2026-07-27 14:00:00,General Medicine,General Medicine Ward,120,127,0,1.0583,105.8,8,8,0,RED,14,0,0
2026-07-27 14:00:00,Surgical Ward,Surgical & Post-Op Ward,80,32,48,0.4,40.0,4,5,-1,GREEN,14,0,0
2026-07-27 14:00:00,Pediatrics,Pediatric Ward,40,40,0,1.0,100.0,2,2,0,RED,14,0,0
2026-07-27 15:00:00,Emergency,Emergency Department (ED),50,54,0,1.08,108.0,8,3,5,RED,15,0,0
2026-07-27 15:00:00,ICU,Intensive Care Unit (ICU),30,29,1,0.9667,96.7,0,0,0,RED,15,0,0
2026-07-27 15:00:00,General Medicine,General Medicine Ward,120,129,0,1.075,107.5,8,4,4,RED,15,0,0
2026-07-27 15:00:00,Surgical Ward,Surgical & Post-Op Ward,80,32,48,0.4,40.0,2,2,0,GREEN,15,0,0
2026-07-27 15:00:00,Pediatrics,Pediatric Ward,40,39,1,0.975,97.5,1,2,-1,RED,15,0,0
2026-07-27 16:00:00,Emergency,Emergency Department (ED),50,51,0,1.02,102.0,2,5,-3,RED,16,0,0
2026-07-27 16:00:00,ICU,Intensive Care Unit (ICU),30,30,0,1.0,100.0,1,0,1,RED,16,0,0
2026-07-27 16:00:00,General Medicine,General Medicine Ward,120,129,0,1.075,107.5,3,2,1,RED,16,0,0
2026-07-27 16:00:00,Surgical Ward,Surgical & Post-Op Ward,80,32,48,0.4,40.0,2,2,0,GREEN,16,0,0
2026-07-27 16:00:00,Pediatrics,Pediatric Ward,40,41,0,1.025,102.5,2,0,2,RED,16,0,0
2026-07-27 17:00:00,Emergency,Emergency Department (ED),50,54,0,1.08,108.0,9,3,6,RED,17,0,0
2026-07-27 17:00:00,ICU,Intensive Care Unit (ICU),30,29,1,0.9667,96.7,0,1,-1,RED,17,0,0
2026-07-27 17:00:00,General Medicine,General Medicine Ward,120,127,0,1.0583,105.8,3,5,-2,RED,17,0,0
2026-07-27 17:00:00,Surgical Ward,Surgical & Post-Op Ward,80,28,52,0.35,35.0,1,5,-4,GREEN,17,0,0
2026-07-27 17:00:00,Pediatrics,Pediatric Ward,40,41,0,1.025,102.5,0,0,0,RED,17,0,0
2026-07-27 18:00:00,Emergency,Emergency Department (ED),50,54,0,1.08,108.0,4,4,0,RED,18,0,0
2026-07-27 18:00:00,ICU,Intensive Care Unit (ICU),30,28,2,0.9333,93.3,1,2,-1,RED,18,0,0
2026-07-27 18:00:00,General Medicine,General Medicine Ward,120,128,0,1.0667,106.7,4,3,1,RED,18,0,0
2026-07-27 18:00:00,Surgical Ward,Surgical & Post-Op Ward,80,29,51,0.3625,36.2,5,4,1,GREEN,18,0,0
2026-07-27 18:00:00,Pediatrics,Pediatric Ward,40,39,1,0.975,97.5,0,2,-2,RED,18,0,0
2026-07-27 19:00:00,Emergency,Emergency Department (ED),50,54,0,1.08,108.0,8,0,8,RED,19,0,0
2026-07-27 19:00:00,ICU,Intensive Care Unit (ICU),30,29,1,0.9667,96.7,1,0,1,RED,19,0,0
2026-07-27 19:00:00,General Medicine,General Medicine Ward,120,125,0,1.0417,104.2,1,4,-3,RED,19,0,0
2026-07-27 19:00:00,Surgical Ward,Surgical & Post-Op Ward,80,31,49,0.3875,38.8,4,2,2,GREEN,19,0,0
2026-07-27 19:00:00,Pediatrics,Pediatric Ward,40,37,3,0.925,92.5,0,2,-2,RED,19,0,0
2026-07-27 20:00:00,Emergency,Emergency Department (ED),50,54,0,1.08,108.0,5,3,2,RED,20,0,0
2026-07-27 20:00:00,ICU,Intensive Care Unit (ICU),30,29,1,0.9667,96.7,0,0,0,RED,20,0,0
2026-07-27 20:00:00,General Medicine,General Medicine Ward,120,126,0,1.05,105.0,5,4,1,RED,20,0,0
2026-07-27 20:00:00,Surgical Ward,Surgical & Post-Op Ward,80,31,49,0.3875,38.8,3,3,0,GREEN,20,0,0
2026-07-27 20:00:00,Pediatrics,Pediatric Ward,40,40,0,1.0,100.0,3,0,3,RED,20,0,0
2026-07-27 21:00:00,Emergency,Emergency Department (ED),50,51,0,1.02,102.0,1,4,-3,RED,21,0,0
2026-07-27 21:00:00,ICU,Intensive Care Unit (ICU),30,29,1,0.9667,96.7,0,0,0,RED,21,0,0
2026-07-27 21:00:00,General Medicine,General Medicine Ward,120,122,0,1.0167,101.7,1,5,-4,RED,21,0,0
2026-07-27 21:00:00,Surgical Ward,Surgical & Post-Op Ward,80,31,49,0.3875,38.8,1,1,0,GREEN,21,0,0
2026-07-27 21:00:00,Pediatrics,Pediatric Ward,40,41,0,1.025,102.5,2,1,1,RED,21,0,0
2026-07-27 22:00:00,Emergency,Emergency Department (ED),50,54,0,1.08,108.0,5,2,3,RED,22,0,0
2026-07-27 22:00:00,ICU,Intensive Care Unit (ICU),30,27,3,0.9,90.0,0,2,-2,RED,22,0,0
2026-07-27 22:00:00,General Medicine,General Medicine Ward,120,119,1,0.9917,99.2,0,3,-3,RED,22,0,0
2026-07-27 22:00:00,Surgical Ward,Surgical & Post-Op Ward,80,30,50,0.375,37.5,0,1,-1,GREEN,22,0,0
2026-07-27 22:00:00,Pediatrics,Pediatric Ward,40,41,0,1.025,102.5,1,1,0,RED,22,0,0
2026-07-27 23:00:00,Emergency,Emergency Department (ED),50,54,0,1.08,108.0,4,0,4,RED,23,0,0
2026-07-27 23:00:00,ICU,Intensive Care Unit (ICU),30,28,2,0.9333,93.3,1,0,1,RED,23,0,0
2026-07-27 23:00:00,General Medicine,General Medicine Ward,120,118,2,0.9833,98.3,2,3,-1,RED,23,0,0
2026-07-27 23:00:00,Surgical Ward,Surgical & Post-Op Ward,80,31,49,0.3875,38.8,1,0,1,GREEN,23,0,0
2026-07-27 23:00:00,Pediatrics,Pediatric Ward,40,42,0,1.05,105.0,3,2,1,RED,23,0,0
2026-07-28 00:00:00,Emergency,Emergency Department (ED),50,54,0,1.08,108.0,5,5,0,RED,0,1,0
2026-07-28 00:00:00,ICU,Intensive Care Unit (ICU),30,29,1,0.9667,96.7,1,0,1,RED,0,1,0
2026-07-28 00:00:00,General Medicine,General Medicine Ward,120,119,1,0.9917,99.2,4,3,1,RED,0,1,0
2026-07-28 00:00:00,Surgical Ward,Surgical & Post-Op Ward,80,32,48,0.4,40.0,1,0,1,GREEN,0,1,0
2026-07-28 00:00:00,Pediatrics,Pediatric Ward,40,43,0,1.075,107.5,2,1,1,RED,0,1,0
2026-07-28 01:00:00,Emergency,Emergency Department (ED),50,54,0,1.08,108.0,3,3,0,RED,1,1,0
2026-07-28 01:00:00,ICU,Intensive Care Unit (ICU),30,30,0,1.0,100.0,1,0,1,RED,1,1,0
2026-07-28 01:00:00,General Medicine,General Medicine Ward,120,120,0,1.0,100.0,1,0,1,RED,1,1,0
2026-07-28 01:00:00,Surgical Ward,Surgical & Post-Op Ward,80,34,46,0.425,42.5,2,0,2,GREEN,1,1,0
2026-07-28 01:00:00,Pediatrics,Pediatric Ward,40,41,0,1.025,102.5,1,3,-2,RED,1,1,0
2026-07-28 02:00:00,Emergency,Emergency Department (ED),50,54,0,1.08,108.0,0,0,0,RED,2,1,0
2026-07-28 02:00:00,ICU,Intensive Care Unit (ICU),30,29,1,0.9667,96.7,0,1,-1,RED,2,1,0
2026-07-28 02:00:00,General Medicine,General Medicine Ward,120,119,1,0.9917,99.2,0,1,-1,RED,2,1,0
2026-07-28 02:00:00,Surgical Ward,Surgical & Post-Op Ward,80,36,44,0.45,45.0,2,0,2,GREEN,2,1,0
2026-07-28 02:00:00,Pediatrics,Pediatric Ward,40,42,0,1.05,105.0,1,0,1,RED,2,1,0
2026-07-28 03:00:00,Emergency,Emergency Department (ED),50,54,0,1.08,108.0,0,0,0,RED,3,1,0
2026-07-28 03:00:00,ICU,Intensive Care Unit (ICU),30,29,1,0.9667,96.7,0,0,0,RED,3,1,0
2026-07-28 03:00:00,General Medicine,General Medicine Ward,120,120,0,1.0,100.0,2,1,1,RED,3,1,0
2026-07-28 03:00:00,Surgical Ward,Surgical & Post-Op Ward,80,37,43,0.4625,46.2,1,0,1,GREEN,3,1,0
2026-07-28 03:00:00,Pediatrics,Pediatric Ward,40,43,0,1.075,107.5,1,0,1,RED,3,1,0
2026-07-28 04:00:00,Emergency,Emergency Department (ED),50,54,0,1.08,108.0,1,0,1,RED,4,1,0
2026-07-28 04:00:00,ICU,Intensive Care Unit (ICU),30,30,0,1.0,100.0,1,0,1,RED,4,1,0
2026-07-28 04:00:00,General Medicine,General Medicine Ward,120,120,0,1.0,100.0,0,0,0,RED,4,1,0
2026-07-28 04:00:00,Surgical Ward,Surgical & Post-Op Ward,80,36,44,0.45,45.0,0,1,-1,GREEN,4,1,0
2026-07-28 04:00:00,Pediatrics,Pediatric Ward,40,43,0,1.075,107.5,0,0,0,RED,4,1,0
2026-07-28 05:00:00,Emergency,Emergency Department (ED),50,54,0,1.08,108.0,2,2,0,RED,5,1,0
2026-07-28 05:00:00,ICU,Intensive Care Unit (ICU),30,30,0,1.0,100.0,1,1,0,RED,5,1,0
2026-07-28 05:00:00,General Medicine,General Medicine Ward,120,121,0,1.0083,100.8,2,1,1,RED,5,1,0
2026-07-28 05:00:00,Surgical Ward,Surgical & Post-Op Ward,80,33,47,0.4125,41.2,0,3,-3,GREEN,5,1,0
2026-07-28 05:00:00,Pediatrics,Pediatric Ward,40,43,0,1.075,107.5,0,0,0,RED,5,1,0
2026-07-28 06:00:00,Emergency,Emergency Department (ED),50,54,0,1.08,108.0,3,0,3,RED,6,1,0
2026-07-28 06:00:00,ICU,Intensive Care Unit (ICU),30,30,0,1.0,100.0,0,0,0,RED,6,1,0
2026-07-28 06:00:00,General Medicine,General Medicine Ward,120,123,0,1.025,102.5,6,4,2,RED,6,1,0
2026-07-28 06:00:00,Surgical Ward,Surgical & Post-Op Ward,80,36,44,0.45,45.0,3,0,3,GREEN,6,1,0
2026-07-28 06:00:00,Pediatrics,Pediatric Ward,40,42,0,1.05,105.0,1,2,-1,RED,6,1,0
2026-07-28 07:00:00,Emergency,Emergency Department (ED),50,54,0,1.08,108.0,1,0,1,RED,7,1,0
2026-07-28 07:00:00,ICU,Intensive Care Unit (ICU),30,30,0,1.0,100.0,0,0,0,RED,7,1,0
2026-07-28 07:00:00,General Medicine,General Medicine Ward,120,128,0,1.0667,106.7,6,1,5,RED,7,1,0
2026-07-28 07:00:00,Surgical Ward,Surgical & Post-Op Ward,80,36,44,0.45,45.0,2,2,0,GREEN,7,1,0
2026-07-28 07:00:00,Pediatrics,Pediatric Ward,40,43,0,1.075,107.5,2,1,1,RED,7,1,0
2026-07-28 08:00:00,Emergency,Emergency Department (ED),50,54,0,1.08,108.0,3,0,3,RED,8,1,0
2026-07-28 08:00:00,ICU,Intensive Care Unit (ICU),30,31,0,1.0333,103.3,2,1,1,RED,8,1,0
2026-07-28 08:00:00,General Medicine,General Medicine Ward,120,128,0,1.0667,106.7,2,2,0,RED,8,1,0
2026-07-28 08:00:00,Surgical Ward,Surgical & Post-Op Ward,80,38,42,0.475,47.5,4,2,2,GREEN,8,1,0
2026-07-28 08:00:00,Pediatrics,Pediatric Ward,40,41,0,1.025,102.5,0,2,-2,RED,8,1,0
2026-07-28 09:00:00,Emergency,Emergency Department (ED),50,54,0,1.08,108.0,6,3,3,RED,9,1,0
2026-07-28 09:00:00,ICU,Intensive Care Unit (ICU),30,32,0,1.0667,106.7,1,0,1,RED,9,1,0
2026-07-28 09:00:00,General Medicine,General Medicine Ward,120,129,0,1.075,107.5,4,1,3,RED,9,1,0
2026-07-28 09:00:00,Surgical Ward,Surgical & Post-Op Ward,80,38,42,0.475,47.5,6,6,0,GREEN,9,1,0
2026-07-28 09:00:00,Pediatrics,Pediatric Ward,40,39,1,0.975,97.5,1,3,-2,RED,9,1,0
2026-07-28 10:00:00,Emergency,Emergency Department (ED),50,54,0,1.08,108.0,4,3,1,RED,10,1,0
2026-07-28 10:00:00,ICU,Intensive Care Unit (ICU),30,32,0,1.0667,106.7,2,0,2,RED,10,1,0
2026-07-28 10:00:00,General Medicine,General Medicine Ward,120,129,0,1.075,107.5,5,1,4,RED,10,1,0
2026-07-28 10:00:00,Surgical Ward,Surgical & Post-Op Ward,80,36,44,0.45,45.0,1,3,-2,GREEN,10,1,0
2026-07-28 10:00:00,Pediatrics,Pediatric Ward,40,37,3,0.925,92.5,1,3,-2,RED,10,1,0
2026-07-28 11:00:00,Emergency,Emergency Department (ED),50,48,2,0.96,96.0,2,8,-6,RED,11,1,0
2026-07-28 11:00:00,ICU,Intensive Care Unit (ICU),30,32,0,1.0667,106.7,2,0,2,RED,11,1,0
2026-07-28 11:00:00,General Medicine,General Medicine Ward,120,128,0,1.0667,106.7,5,6,-1,RED,11,1,0
2026-07-28 11:00:00,Surgical Ward,Surgical & Post-Op Ward,80,44,36,0.55,55.0,9,1,8,GREEN,11,1,0
2026-07-28 11:00:00,Pediatrics,Pediatric Ward,40,36,4,0.9,90.0,2,3,-1,RED,11,1,0
2026-07-28 12:00:00,Emergency,Emergency Department (ED),50,50,0,1.0,100.0,4,2,2,RED,12,1,0
2026-07-28 12:00:00,ICU,Intensive Care Unit (ICU),30,32,0,1.0667,106.7,0,0,0,RED,12,1,0
2026-07-28 12:00:00,General Medicine,General Medicine Ward,120,129,0,1.075,107.5,7,6,1,RED,12,1,0
2026-07-28 12:00:00,Surgical Ward,Surgical & Post-Op Ward,80,42,38,0.525,52.5,3,5,-2,GREEN,12,1,0
2026-07-28 12:00:00,Pediatrics,Pediatric Ward,40,36,4,0.9,90.0,1,1,0,RED,12,1,0
2026-07-28 13:00:00,Emergency,Emergency Department (ED),50,52,0,1.04,104.0,2,0,2,RED,13,1,0
2026-07-28 13:00:00,ICU,Intensive Care Unit (ICU),30,32,0,1.0667,106.7,1,0,1,RED,13,1,0
2026-07-28 13:00:00,General Medicine,General Medicine Ward,120,126,0,1.05,105.0,6,9,-3,RED,13,1,0
2026-07-28 13:00:00,Surgical Ward,Surgical & Post-Op Ward,80,42,38,0.525,52.5,4,4,0,GREEN,13,1,0
2026-07-28 13:00:00,Pediatrics,Pediatric Ward,40,35,5,0.875,87.5,0,1,-1,AMBER,13,1,0
2026-07-28 14:00:00,Emergency,Emergency Department (ED),50,54,0,1.08,108.0,6,1,5,RED,14,1,0
2026-07-28 14:00:00,ICU,Intensive Care Unit (ICU),30,32,0,1.0667,106.7,1,0,1,RED,14,1,0
2026-07-28 14:00:00,General Medicine,General Medicine Ward,120,122,0,1.0167,101.7,3,7,-4,RED,14,1,0
2026-07-28 14:00:00,Surgical Ward,Surgical & Post-Op Ward,80,42,38,0.525,52.5,3,3,0,GREEN,14,1,0
2026-07-28 14:00:00,Pediatrics,Pediatric Ward,40,38,2,0.95,95.0,3,0,3,RED,14,1,0
2026-07-28 15:00:00,Emergency,Emergency Department (ED),50,54,0,1.08,108.0,12,4,8,RED,15,1,0
2026-07-28 15:00:00,ICU,Intensive Care Unit (ICU),30,30,0,1.0,100.0,0,2,-2,RED,15,1,0
2026-07-28 15:00:00,General Medicine,General Medicine Ward,120,126,0,1.05,105.0,8,4,4,RED,15,1,0
2026-07-28 15:00:00,Surgical Ward,Surgical & Post-Op Ward,80,39,41,0.4875,48.8,2,5,-3,GREEN,15,1,0
2026-07-28 15:00:00,Pediatrics,Pediatric Ward,40,38,2,0.95,95.0,2,2,0,RED,15,1,0
2026-07-28 16:00:00,Emergency,Emergency Department (ED),50,54,0,1.08,108.0,6,2,4,RED,16,1,0
2026-07-28 16:00:00,ICU,Intensive Care Unit (ICU),30,30,0,1.0,100.0,0,0,0,RED,16,1,0
2026-07-28 16:00:00,General Medicine,General Medicine Ward,120,129,0,1.075,107.5,6,1,5,RED,16,1,0
2026-07-28 16:00:00,Surgical Ward,Surgical & Post-Op Ward,80,38,42,0.475,47.5,2,3,-1,GREEN,16,1,0
2026-07-28 16:00:00,Pediatrics,Pediatric Ward,40,42,0,1.05,105.0,4,0,4,RED,16,1,0
2026-07-28 17:00:00,Emergency,Emergency Department (ED),50,54,0,1.08,108.0,3,0,3,RED,17,1,0
2026-07-28 17:00:00,ICU,Intensive Care Unit (ICU),30,30,0,1.0,100.0,1,1,0,RED,17,1,0
2026-07-28 17:00:00,General Medicine,General Medicine Ward,120,129,0,1.075,107.5,5,2,3,RED,17,1,0
2026-07-28 17:00:00,Surgical Ward,Surgical & Post-Op Ward,80,44,36,0.55,55.0,7,1,6,GREEN,17,1,0
2026-07-28 17:00:00,Pediatrics,Pediatric Ward,40,43,0,1.075,107.5,1,0,1,RED,17,1,0
2026-07-28 18:00:00,Emergency,Emergency Department (ED),50,51,0,1.02,102.0,1,4,-3,RED,18,1,0
2026-07-28 18:00:00,ICU,Intensive Care Unit (ICU),30,32,0,1.0667,106.7,2,0,2,RED,18,1,0
2026-07-28 18:00:00,General Medicine,General Medicine Ward,120,129,0,1.075,107.5,7,3,4,RED,18,1,0
2026-07-28 18:00:00,Surgical Ward,Surgical & Post-Op Ward,80,44,36,0.55,55.0,2,2,0,GREEN,18,1,0
2026-07-28 18:00:00,Pediatrics,Pediatric Ward,40,43,0,1.075,107.5,0,0,0,RED,18,1,0
2026-07-28 19:00:00,Emergency,Emergency Department (ED),50,53,0,1.06,106.0,5,3,2,RED,19,1,0
2026-07-28 19:00:00,ICU,Intensive Care Unit (ICU),30,32,0,1.0667,106.7,0,0,0,RED,19,1,0
2026-07-28 19:00:00,General Medicine,General Medicine Ward,120,127,0,1.0583,105.8,5,7,-2,RED,19,1,0
2026-07-28 19:00:00,Surgical Ward,Surgical & Post-Op Ward,80,47,33,0.5875,58.8,5,2,3,GREEN,19,1,0
2026-07-28 19:00:00,Pediatrics,Pediatric Ward,40,42,0,1.05,105.0,0,1,-1,RED,19,1,0
2026-07-28 20:00:00,Emergency,Emergency Department (ED),50,54,0,1.08,108.0,9,5,4,RED,20,1,0
2026-07-28 20:00:00,ICU,Intensive Care Unit (ICU),30,32,0,1.0667,106.7,0,0,0,RED,20,1,0
2026-07-28 20:00:00,General Medicine,General Medicine Ward,120,129,0,1.075,107.5,3,1,2,RED,20,1,0
2026-07-28 20:00:00,Surgical Ward,Surgical & Post-Op Ward,80,50,30,0.625,62.5,3,0,3,GREEN,20,1,0
2026-07-28 20:00:00,Pediatrics,Pediatric Ward,40,42,0,1.05,105.0,1,1,0,RED,20,1,0
2026-07-28 21:00:00,Emergency,Emergency Department (ED),50,54,0,1.08,108.0,7,3,4,RED,21,1,0
2026-07-28 21:00:00,ICU,Intensive Care Unit (ICU),30,31,0,1.0333,103.3,0,1,-1,RED,21,1,0
2026-07-28 21:00:00,General Medicine,General Medicine Ward,120,125,0,1.0417,104.2,3,7,-4,RED,21,1,0
2026-07-28 21:00:00,Surgical Ward,Surgical & Post-Op Ward,80,49,31,0.6125,61.3,3,4,-1,GREEN,21,1,0
2026-07-28 21:00:00,Pediatrics,Pediatric Ward,40,43,0,1.075,107.5,3,0,3,RED,21,1,0
2026-07-28 22:00:00,Emergency,Emergency Department (ED),50,54,0,1.08,108.0,4,2,2,RED,22,1,0
2026-07-28 22:00:00,ICU,Intensive Care Unit (ICU),30,31,0,1.0333,103.3,0,0,0,RED,22,1,0
2026-07-28 22:00:00,General Medicine,General Medicine Ward,120,124,0,1.0333,103.3,2,3,-1,RED,22,1,0
2026-07-28 22:00:00,Surgical Ward,Surgical & Post-Op Ward,80,52,28,0.65,65.0,3,0,3,GREEN,22,1,0
2026-07-28 22:00:00,Pediatrics,Pediatric Ward,40,43,0,1.075,107.5,1,0,1,RED,22,1,0
2026-07-28 23:00:00,Emergency,Emergency Department (ED),50,50,0,1.0,100.0,2,6,-4,RED,23,1,0
2026-07-28 23:00:00,ICU,Intensive Care Unit (ICU),30,31,0,1.0333,103.3,0,0,0,RED,23,1,0
2026-07-28 23:00:00,General Medicine,General Medicine Ward,120,125,0,1.0417,104.2,4,3,1,RED,23,1,0
2026-07-28 23:00:00,Surgical Ward,Surgical & Post-Op Ward,80,51,29,0.6375,63.7,3,4,-1,GREEN,23,1,0
2026-07-28 23:00:00,Pediatrics,Pediatric Ward,40,43,0,1.075,107.5,3,1,2,RED,23,1,0
2026-07-29 00:00:00,Emergency,Emergency Department (ED),50,49,1,0.98,98.0,2,3,-1,RED,0,2,0
2026-07-29 00:00:00,ICU,Intensive Care Unit (ICU),30,30,0,1.0,100.0,0,1,-1,RED,0,2,0
2026-07-29 00:00:00,General Medicine,General Medicine Ward,120,129,0,1.075,107.5,9,1,8,RED,0,2,0
2026-07-29 00:00:00,Surgical Ward,Surgical & Post-Op Ward,80,51,29,0.6375,63.7,0,0,0,GREEN,0,2,0
2026-07-29 00:00:00,Pediatrics,Pediatric Ward,40,43,0,1.075,107.5,1,1,0,RED,0,2,0
2026-07-29 01:00:00,Emergency,Emergency Department (ED),50,51,0,1.02,102.0,3,1,2,RED,1,2,0
2026-07-29 01:00:00,ICU,Intensive Care Unit (ICU),30,32,0,1.0667,106.7,2,0,2,RED,1,2,0
2026-07-29 01:00:00,General Medicine,General Medicine Ward,120,129,0,1.075,107.5,1,0,1,RED,1,2,0
2026-07-29 01:00:00,Surgical Ward,Surgical & Post-Op Ward,80,53,27,0.6625,66.2,2,0,2,GREEN,1,2,0
2026-07-29 01:00:00,Pediatrics,Pediatric Ward,40,43,0,1.075,107.5,2,0,2,RED,1,2,0
2026-07-29 02:00:00,Emergency,Emergency Department (ED),50,52,0,1.04,104.0,1,0,1,RED,2,2,0
2026-07-29 02:00:00,ICU,Intensive Care Unit (ICU),30,32,0,1.0667,106.7,2,0,2,RED,2,2,0
2026-07-29 02:00:00,General Medicine,General Medicine Ward,120,129,0,1.075,107.5,1,1,0,RED,2,2,0
2026-07-29 02:00:00,Surgical Ward,Surgical & Post-Op Ward,80,54,26,0.675,67.5,1,0,1,GREEN,2,2,0
2026-07-29 02:00:00,Pediatrics,Pediatric Ward,40,43,0,1.075,107.5,1,0,1,RED,2,2,0
2026-07-29 03:00:00,Emergency,Emergency Department (ED),50,54,0,1.08,108.0,2,0,2,RED,3,2,0
2026-07-29 03:00:00,ICU,Intensive Care Unit (ICU),30,32,0,1.0667,106.7,0,0,0,RED,3,2,0
2026-07-29 03:00:00,General Medicine,General Medicine Ward,120,129,0,1.075,107.5,1,0,1,RED,3,2,0
2026-07-29 03:00:00,Surgical Ward,Surgical & Post-Op Ward,80,55,25,0.6875,68.8,1,0,1,GREEN,3,2,0
2026-07-29 03:00:00,Pediatrics,Pediatric Ward,40,43,0,1.075,107.5,0,0,0,RED,3,2,0
2026-07-29 04:00:00,Emergency,Emergency Department (ED),50,54,0,1.08,108.0,1,0,1,RED,4,2,0
2026-07-29 04:00:00,ICU,Intensive Care Unit (ICU),30,32,0,1.0667,106.7,0,0,0,RED,4,2,0
2026-07-29 04:00:00,General Medicine,General Medicine Ward,120,129,0,1.075,107.5,1,0,1,RED,4,2,0
2026-07-29 04:00:00,Surgical Ward,Surgical & Post-Op Ward,80,55,25,0.6875,68.8,0,0,0,GREEN,4,2,0
2026-07-29 04:00:00,Pediatrics,Pediatric Ward,40,43,0,1.075,107.5,0,0,0,RED,4,2,0
2026-07-29 05:00:00,Emergency,Emergency Department (ED),50,54,0,1.08,108.0,0,0,0,RED,5,2,0
2026-07-29 05:00:00,ICU,Intensive Care Unit (ICU),30,32,0,1.0667,106.7,0,0,0,RED,5,2,0
2026-07-29 05:00:00,General Medicine,General Medicine Ward,120,129,0,1.075,107.5,0,0,0,RED,5,2,0
2026-07-29 05:00:00,Surgical Ward,Surgical & Post-Op Ward,80,56,24,0.7,70.0,1,0,1,GREEN,5,2,0
2026-07-29 05:00:00,Pediatrics,Pediatric Ward,40,43,0,1.075,107.5,0,0,0,RED,5,2,0
2026-07-29 06:00:00,Emergency,Emergency Department (ED),50,54,0,1.08,108.0,1,0,1,RED,6,2,0
2026-07-29 06:00:00,ICU,Intensive Care Unit (ICU),30,31,0,1.0333,103.3,0,1,-1,RED,6,2,0
2026-07-29 06:00:00,General Medicine,General Medicine Ward,120,128,0,1.0667,106.7,0,1,-1,RED,6,2,0
2026-07-29 06:00:00,Surgical Ward,Surgical & Post-Op Ward,80,59,21,0.7375,73.8,5,2,3,GREEN,6,2,0
2026-07-29 06:00:00,Pediatrics,Pediatric Ward,40,43,0,1.075,107.5,3,3,0,RED,6,2,0
2026-07-29 07:00:00,Emergency,Emergency Department (ED),50,54,0,1.08,108.0,6,5,1,RED,7,2,0
2026-07-29 07:00:00,ICU,Intensive Care Unit (ICU),30,31,0,1.0333,103.3,0,0,0,RED,7,2,0
2026-07-29 07:00:00,General Medicine,General Medicine Ward,120,129,0,1.075,107.5,6,1,5,RED,7,2,0
2026-07-29 07:00:00,Surgical Ward,Surgical & Post-Op Ward,80,59,21,0.7375,73.8,0,0,0,GREEN,7,2,0
2026-07-29 07:00:00,Pediatrics,Pediatric Ward,40,43,0,1.075,107.5,1,1,0,RED,7,2,0
2026-07-29 08:00:00,Emergency,Emergency Department (ED),50,54,0,1.08,108.0,6,2,4,RED,8,2,0
2026-07-29 08:00:00,ICU,Intensive Care Unit (ICU),30,32,0,1.0667,106.7,3,0,3,RED,8,2,0
2026-07-29 08:00:00,General Medicine,General Medicine Ward,120,129,0,1.075,107.5,6,2,4,RED,8,2,0
2026-07-29 08:00:00,Surgical Ward,Surgical & Post-Op Ward,80,62,18,0.775,77.5,5,2,3,AMBER,8,2,0
2026-07-29 08:00:00,Pediatrics,Pediatric Ward,40,42,0,1.05,105.0,0,1,-1,RED,8,2,0
2026-07-29 09:00:00,Emergency,Emergency Department (ED),50,49,1,0.98,98.0,1,6,-5,RED,9,2,0
2026-07-29 09:00:00,ICU,Intensive Care Unit (ICU),30,32,0,1.0667,106.7,0,0,0,RED,9,2,0
2026-07-29 09:00:00,General Medicine,General Medicine Ward,120,129,0,1.075,107.5,3,0,3,RED,9,2,0
2026-07-29 09:00:00,Surgical Ward,Surgical & Post-Op Ward,80,63,17,0.7875,78.8,6,5,1,AMBER,9,2,0
2026-07-29 09:00:00,Pediatrics,Pediatric Ward,40,42,0,1.05,105.0,0,0,0,RED,9,2,0
2026-07-29 10:00:00,Emergency,Emergency Department (ED),50,50,0,1.0,100.0,6,5,1,RED,10,2,0
2026-07-29 10:00:00,ICU,Intensive Care Unit (ICU),30,32,0,1.0667,106.7,1,0,1,RED,10,2,0
2026-07-29 10:00:00,General Medicine,General Medicine Ward,120,125,0,1.0417,104.2,3,7,-4,RED,10,2,0
2026-07-29 10:00:00,Surgical Ward,Surgical & Post-Op Ward,80,62,18,0.775,77.5,0,1,-1,AMBER,10,2,0
2026-07-29 10:00:00,Pediatrics,Pediatric Ward,40,41,0,1.025,102.5,1,2,-1,RED,10,2,0
2026-07-29 11:00:00,Emergency,Emergency Department (ED),50,49,1,0.98,98.0,6,7,-1,RED,11,2,0
2026-07-29 11:00:00,ICU,Intensive Care Unit (ICU),30,30,0,1.0,100.0,0,2,-2,RED,11,2,0
2026-07-29 11:00:00,General Medicine,General Medicine Ward,120,119,1,0.9917,99.2,0,6,-6,RED,11,2,0
2026-07-29 11:00:00,Surgical Ward,Surgical & Post-Op Ward,80,70,10,0.875,87.5,8,0,8,AMBER,11,2,0
2026-07-29 11:00:00,Pediatrics,Pediatric Ward,40,39,1,0.975,97.5,2,4,-2,RED,11,2,0
2026-07-29 12:00:00,Emergency,Emergency Department (ED),50,47,3,0.94,94.0,3,5,-2,RED,12,2,0
2026-07-29 12:00:00,ICU,Intensive Care Unit (ICU),30,31,0,1.0333,103.3,1,0,1,RED,12,2,0
2026-07-29 12:00:00,General Medicine,General Medicine Ward,120,115,5,0.9583,95.8,3,7,-4,RED,12,2,0
2026-07-29 12:00:00,Surgical Ward,Surgical & Post-Op Ward,80,72,8,0.9,90.0,3,1,2,RED,12,2,0
2026-07-29 12:00:00,Pediatrics,Pediatric Ward,40,40,0,1.0,100.0,1,0,1,RED,12,2,0
2026-07-29 13:00:00,Emergency,Emergency Department (ED),50,48,2,0.96,96.0,4,3,1,RED,13,2,0
2026-07-29 13:00:00,ICU,Intensive Care Unit (ICU),30,32,0,1.0667,106.7,1,0,1,RED,13,2,0
2026-07-29 13:00:00,General Medicine,General Medicine Ward,120,121,0,1.0083,100.8,8,2,6,RED,13,2,0
2026-07-29 13:00:00,Surgical Ward,Surgical & Post-Op Ward,80,74,6,0.925,92.5,5,3,2,RED,13,2,0
2026-07-29 13:00:00,Pediatrics,Pediatric Ward,40,40,0,1.0,100.0,2,2,0,RED,13,2,0
2026-07-29 14:00:00,Emergency,Emergency Department (ED),50,53,0,1.06,106.0,7,2,5,RED,14,2,0
2026-07-29 14:00:00,ICU,Intensive Care Unit (ICU),30,30,0,1.0,100.0,0,2,-2,RED,14,2,0
2026-07-29 14:00:00,General Medicine,General Medicine Ward,120,119,1,0.9917,99.2,4,6,-2,RED,14,2,0
2026-07-29 14:00:00,Surgical Ward,Surgical & Post-Op Ward,80,74,6,0.925,92.5,6,6,0,RED,14,2,0
2026-07-29 14:00:00,Pediatrics,Pediatric Ward,40,39,1,0.975,97.5,0,1,-1,RED,14,2,0
2026-07-29 15:00:00,Emergency,Emergency Department (ED),50,54,0,1.08,108.0,6,4,2,RED,15,2,0
2026-07-29 15:00:00,ICU,Intensive Care Unit (ICU),30,28,2,0.9333,93.3,0,2,-2,RED,15,2,0
2026-07-29 15:00:00,General Medicine,General Medicine Ward,120,122,0,1.0167,101.7,6,3,3,RED,15,2,0
2026-07-29 15:00:00,Surgical Ward,Surgical & Post-Op Ward,80,74,6,0.925,92.5,4,4,0,RED,15,2,0
2026-07-29 15:00:00,Pediatrics,Pediatric Ward,40,42,0,1.05,105.0,3,0,3,RED,15,2,0
2026-07-29 16:00:00,Emergency,Emergency Department (ED),50,54,0,1.08,108.0,6,5,1,RED,16,2,0
2026-07-29 16:00:00,ICU,Intensive Care Unit (ICU),30,28,2,0.9333,93.3,0,0,0,RED,16,2,0
2026-07-29 16:00:00,General Medicine,General Medicine Ward,120,125,0,1.0417,104.2,7,4,3,RED,16,2,0
2026-07-29 16:00:00,Surgical Ward,Surgical & Post-Op Ward,80,70,10,0.875,87.5,0,4,-4,AMBER,16,2,0
2026-07-29 16:00:00,Pediatrics,Pediatric Ward,40,43,0,1.075,107.5,4,0,4,RED,16,2,0
2026-07-29 17:00:00,Emergency,Emergency Department (ED),50,53,0,1.06,106.0,3,4,-1,RED,17,2,0
2026-07-29 17:00:00,ICU,Intensive Care Unit (ICU),30,29,1,0.9667,96.7,1,0,1,RED,17,2,0
2026-07-29 17:00:00,General Medicine,General Medicine Ward,120,125,0,1.0417,104.2,2,2,0,RED,17,2,0
2026-07-29 17:00:00,Surgical Ward,Surgical & Post-Op Ward,80,71,9,0.8875,88.8,3,2,1,AMBER,17,2,0
2026-07-29 17:00:00,Pediatrics,Pediatric Ward,40,43,0,1.075,107.5,0,0,0,RED,17,2,0
2026-07-29 18:00:00,Emergency,Emergency Department (ED),50,54,0,1.08,108.0,1,0,1,RED,18,2,0
2026-07-29 18:00:00,ICU,Intensive Care Unit (ICU),30,30,0,1.0,100.0,1,0,1,RED,18,2,0
2026-07-29 18:00:00,General Medicine,General Medicine Ward,120,127,0,1.0583,105.8,4,2,2,RED,18,2,0
2026-07-29 18:00:00,Surgical Ward,Surgical & Post-Op Ward,80,72,8,0.9,90.0,3,2,1,RED,18,2,0
2026-07-29 18:00:00,Pediatrics,Pediatric Ward,40,43,0,1.075,107.5,3,0,3,RED,18,2,0
2026-07-29 19:00:00,Emergency,Emergency Department (ED),50,54,0,1.08,108.0,5,5,0,RED,19,2,0
2026-07-29 19:00:00,ICU,Intensive Care Unit (ICU),30,30,0,1.0,100.0,0,0,0,RED,19,2,0
2026-07-29 19:00:00,General Medicine,General Medicine Ward,120,128,0,1.0667,106.7,3,2,1,RED,19,2,0
2026-07-29 19:00:00,Surgical Ward,Surgical & Post-Op Ward,80,73,7,0.9125,91.2,3,2,1,RED,19,2,0
2026-07-29 19:00:00,Pediatrics,Pediatric Ward,40,42,0,1.05,105.0,0,1,-1,RED,19,2,0
2026-07-29 20:00:00,Emergency,Emergency Department (ED),50,54,0,1.08,108.0,10,3,7,RED,20,2,0
2026-07-29 20:00:00,ICU,Intensive Care Unit (ICU),30,30,0,1.0,100.0,1,1,0,RED,20,2,0
2026-07-29 20:00:00,General Medicine,General Medicine Ward,120,129,0,1.075,107.5,5,3,2,RED,20,2,0
2026-07-29 20:00:00,Surgical Ward,Surgical & Post-Op Ward,80,71,9,0.8875,88.8,0,2,-2,AMBER,20,2,0
2026-07-29 20:00:00,Pediatrics,Pediatric Ward,40,42,0,1.05,105.0,0,0,0,RED,20,2,0
2026-07-29 21:00:00,Emergency,Emergency Department (ED),50,53,0,1.06,106.0,4,5,-1,RED,21,2,0
2026-07-29 21:00:00,ICU,Intensive Care Unit (ICU),30,30,0,1.0,100.0,1,1,0,RED,21,2,0
2026-07-29 21:00:00,General Medicine,General Medicine Ward,120,126,0,1.05,105.0,1,4,-3,RED,21,2,0
2026-07-29 21:00:00,Surgical Ward,Surgical & Post-Op Ward,80,71,9,0.8875,88.8,0,0,0,AMBER,21,2,0
2026-07-29 21:00:00,Pediatrics,Pediatric Ward,40,42,0,1.05,105.0,1,1,0,RED,21,2,0
2026-07-29 22:00:00,Emergency,Emergency Department (ED),50,52,0,1.04,104.0,5,6,-1,RED,22,2,0
2026-07-29 22:00:00,ICU,Intensive Care Unit (ICU),30,30,0,1.0,100.0,0,0,0,RED,22,2,0
2026-07-29 22:00:00,General Medicine,General Medicine Ward,120,129,0,1.075,107.5,3,0,3,RED,22,2,0
2026-07-29 22:00:00,Surgical Ward,Surgical & Post-Op Ward,80,74,6,0.925,92.5,3,0,3,RED,22,2,0
2026-07-29 22:00:00,Pediatrics,Pediatric Ward,40,42,0,1.05,105.0,2,2,0,RED,22,2,0
2026-07-29 23:00:00,Emergency,Emergency Department (ED),50,54,0,1.08,108.0,4,0,4,RED,23,2,0
2026-07-29 23:00:00,ICU,Intensive Care Unit (ICU),30,31,0,1.0333,103.3,2,1,1,RED,23,2,0
2026-07-29 23:00:00,General Medicine,General Medicine Ward,120,129,0,1.075,107.5,4,2,2,RED,23,2,0
2026-07-29 23:00:00,Surgical Ward,Surgical & Post-Op Ward,80,74,6,0.925,92.5,2,2,0,RED,23,2,0
2026-07-29 23:00:00,Pediatrics,Pediatric Ward,40,40,0,1.0,100.0,0,2,-2,RED,23,2,0
2026-07-30 00:00:00,Emergency,Emergency Department (ED),50,54,0,1.08,108.0,2,2,0,RED,0,3,0
2026-07-30 00:00:00,ICU,Intensive Care Unit (ICU),30,31,0,1.0333,103.3,1,1,0,RED,0,3,0
2026-07-30 00:00:00,General Medicine,General Medicine Ward,120,123,0,1.025,102.5,2,8,-6,RED,0,3,0
2026-07-30 00:00:00,Surgical Ward,Surgical & Post-Op Ward,80,75,5,0.9375,93.8,1,0,1,RED,0,3,0
2026-07-30 00:00:00,Pediatrics,Pediatric Ward,40,39,1,0.975,97.5,0,1,-1,RED,0,3,0
2026-07-30 01:00:00,Emergency,Emergency Department (ED),50,54,0,1.08,108.0,4,2,2,RED,1,3,0
2026-07-30 01:00:00,ICU,Intensive Care Unit (ICU),30,32,0,1.0667,106.7,1,0,1,RED,1,3,0
2026-07-30 01:00:00,General Medicine,General Medicine Ward,120,123,0,1.025,102.5,0,0,0,RED,1,3,0
2026-07-30 01:00:00,Surgical Ward,Surgical & Post-Op Ward,80,74,6,0.925,92.5,0,1,-1,RED,1,3,0
2026-07-30 01:00:00,Pediatrics,Pediatric Ward,40,40,0,1.0,100.0,2,1,1,RED,1,3,0
2026-07-30 02:00:00,Emergency,Emergency Department (ED),50,54,0,1.08,108.0,1,1,0,RED,2,3,0
2026-07-30 02:00:00,ICU,Intensive Care Unit (ICU),30,32,0,1.0667,106.7,4,0,4,RED,2,3,0
2026-07-30 02:00:00,General Medicine,General Medicine Ward,120,126,0,1.05,105.0,3,0,3,RED,2,3,0
2026-07-30 02:00:00,Surgical Ward,Surgical & Post-Op Ward,80,74,6,0.925,92.5,0,0,0,RED,2,3,0
2026-07-30 02:00:00,Pediatrics,Pediatric Ward,40,41,0,1.025,102.5,1,0,1,RED,2,3,0
2026-07-30 03:00:00,Emergency,Emergency Department (ED),50,53,0,1.06,106.0,1,2,-1,RED,3,3,0
2026-07-30 03:00:00,ICU,Intensive Care Unit (ICU),30,32,0,1.0667,106.7,0,0,0,RED,3,3,0
2026-07-30 03:00:00,General Medicine,General Medicine Ward,120,128,0,1.0667,106.7,2,0,2,RED,3,3,0
2026-07-30 03:00:00,Surgical Ward,Surgical & Post-Op Ward,80,75,5,0.9375,93.8,1,0,1,RED,3,3,0
2026-07-30 03:00:00,Pediatrics,Pediatric Ward,40,41,0,1.025,102.5,0,0,0,RED,3,3,0
2026-07-30 04:00:00,Emergency,Emergency Department (ED),50,53,0,1.06,106.0,0,0,0,RED,4,3,0
2026-07-30 04:00:00,ICU,Intensive Care Unit (ICU),30,32,0,1.0667,106.7,0,0,0,RED,4,3,0
2026-07-30 04:00:00,General Medicine,General Medicine Ward,120,128,0,1.0667,106.7,0,0,0,RED,4,3,0
2026-07-30 04:00:00,Surgical Ward,Surgical & Post-Op Ward,80,75,5,0.9375,93.8,0,0,0,RED,4,3,0
2026-07-30 04:00:00,Pediatrics,Pediatric Ward,40,41,0,1.025,102.5,0,0,0,RED,4,3,0
2026-07-30 05:00:00,Emergency,Emergency Department (ED),50,54,0,1.08,108.0,2,0,2,RED,5,3,0
2026-07-30 05:00:00,ICU,Intensive Care Unit (ICU),30,32,0,1.0667,106.7,0,0,0,RED,5,3,0
2026-07-30 05:00:00,General Medicine,General Medicine Ward,120,129,0,1.075,107.5,1,0,1,RED,5,3,0
2026-07-30 05:00:00,Surgical Ward,Surgical & Post-Op Ward,80,73,7,0.9125,91.2,0,2,-2,RED,5,3,0
2026-07-30 05:00:00,Pediatrics,Pediatric Ward,40,41,0,1.025,102.5,0,0,0,RED,5,3,0
2026-07-30 06:00:00,Emergency,Emergency Department (ED),50,54,0,1.08,108.0,0,0,0,RED,6,3,0
2026-07-30 06:00:00,ICU,Intensive Care Unit (ICU),30,32,0,1.0667,106.7,1,0,1,RED,6,3,0
2026-07-30 06:00:00,General Medicine,General Medicine Ward,120,129,0,1.075,107.5,7,5,2,RED,6,3,0
2026-07-30 06:00:00,Surgical Ward,Surgical & Post-Op Ward,80,74,6,0.925,92.5,3,2,1,RED,6,3,0
2026-07-30 06:00:00,Pediatrics,Pediatric Ward,40,41,0,1.025,102.5,1,1,0,RED,6,3,0
2026-07-30 07:00:00,Emergency,Emergency Department (ED),50,53,0,1.06,106.0,3,4,-1,RED,7,3,0
2026-07-30 07:00:00,ICU,Intensive Care Unit (ICU),30,32,0,1.0667,106.7,2,0,2,RED,7,3,0
2026-07-30 07:00:00,General Medicine,General Medicine Ward,120,129,0,1.075,107.5,7,4,3,RED,7,3,0
2026-07-30 07:00:00,Surgical Ward,Surgical & Post-Op Ward,80,75,5,0.9375,93.8,3,2,1,RED,7,3,0
2026-07-30 07:00:00,Pediatrics,Pediatric Ward,40,42,0,1.05,105.0,1,0,1,RED,7,3,0
2026-07-30 08:00:00,Emergency,Emergency Department (ED),50,51,0,1.02,102.0,4,6,-2,RED,8,3,0
2026-07-30 08:00:00,ICU,Intensive Care Unit (ICU),30,32,0,1.0667,106.7,2,0,2,RED,8,3,0
2026-07-30 08:00:00,General Medicine,General Medicine Ward,120,129,0,1.075,107.5,5,4,1,RED,8,3,0
2026-07-30 08:00:00,Surgical Ward,Surgical & Post-Op Ward,80,78,2,0.975,97.5,5,2,3,RED,8,3,0
2026-07-30 08:00:00,Pediatrics,Pediatric Ward,40,42,0,1.05,105.0,2,2,0,RED,8,3,0
2026-07-30 09:00:00,Emergency,Emergency Department (ED),50,48,2,0.96,96.0,2,5,-3,RED,9,3,0
2026-07-30 09:00:00,ICU,Intensive Care Unit (ICU),30,32,0,1.0667,106.7,0,0,0,RED,9,3,0
2026-07-30 09:00:00,General Medicine,General Medicine Ward,120,129,0,1.075,107.5,5,3,2,RED,9,3,0
2026-07-30 09:00:00,Surgical Ward,Surgical & Post-Op Ward,80,74,6,0.925,92.5,1,5,-4,RED,9,3,0
2026-07-30 09:00:00,Pediatrics,Pediatric Ward,40,43,0,1.075,107.5,2,0,2,RED,9,3,0
2026-07-30 10:00:00,Emergency,Emergency Department (ED),50,48,2,0.96,96.0,4,4,0,RED,10,3,0
2026-07-30 10:00:00,ICU,Intensive Care Unit (ICU),30,32,0,1.0667,106.7,0,0,0,RED,10,3,0
2026-07-30 10:00:00,General Medicine,General Medicine Ward,120,129,0,1.075,107.5,8,0,8,RED,10,3,0
2026-07-30 10:00:00,Surgical Ward,Surgical & Post-Op Ward,80,75,5,0.9375,93.8,2,1,1,RED,10,3,0
2026-07-30 10:00:00,Pediatrics,Pediatric Ward,40,41,0,1.025,102.5,2,4,-2,RED,10,3,0
2026-07-30 11:00:00,Emergency,Emergency Department (ED),50,48,2,0.96,96.0,3,3,0,RED,11,3,0
2026-07-30 11:00:00,ICU,Intensive Care Unit (ICU),30,29,1,0.9667,96.7,0,3,-3,RED,11,3,0
2026-07-30 11:00:00,General Medicine,General Medicine Ward,120,124,0,1.0333,103.3,0,5,-5,RED,11,3,0
2026-07-30 11:00:00,Surgical Ward,Surgical & Post-Op Ward,80,78,2,0.975,97.5,3,0,3,RED,11,3,0
2026-07-30 11:00:00,Pediatrics,Pediatric Ward,40,39,1,0.975,97.5,0,2,-2,RED,11,3,0
2026-07-30 12:00:00,Emergency,Emergency Department (ED),50,52,0,1.04,104.0,6,2,4,RED,12,3,0
2026-07-30 12:00:00,ICU,Intensive Care Unit (ICU),30,29,1,0.9667,96.7,0,0,0,RED,12,3,0
2026-07-30 12:00:00,General Medicine,General Medicine Ward,120,124,0,1.0333,103.3,5,5,0,RED,12,3,0
2026-07-30 12:00:00,Surgical Ward,Surgical & Post-Op Ward,80,78,2,0.975,97.5,2,2,0,RED,12,3,0
2026-07-30 12:00:00,Pediatrics,Pediatric Ward,40,40,0,1.0,100.0,2,1,1,RED,12,3,0
2026-07-30 13:00:00,Emergency,Emergency Department (ED),50,54,0,1.08,108.0,6,3,3,RED,13,3,0
2026-07-30 13:00:00,ICU,Intensive Care Unit (ICU),30,31,0,1.0333,103.3,2,0,2,RED,13,3,0
2026-07-30 13:00:00,General Medicine,General Medicine Ward,120,128,0,1.0667,106.7,10,6,4,RED,13,3,0
2026-07-30 13:00:00,Surgical Ward,Surgical & Post-Op Ward,80,77,3,0.9625,96.2,2,3,-1,RED,13,3,0
2026-07-30 13:00:00,Pediatrics,Pediatric Ward,40,36,4,0.9,90.0,0,4,-4,RED,13,3,0
2026-07-30 14:00:00,Emergency,Emergency Department (ED),50,54,0,1.08,108.0,5,2,3,RED,14,3,0
2026-07-30 14:00:00,ICU,Intensive Care Unit (ICU),30,30,0,1.0,100.0,0,1,-1,RED,14,3,0
2026-07-30 14:00:00,General Medicine,General Medicine Ward,120,129,0,1.075,107.5,6,5,1,RED,14,3,0
2026-07-30 14:00:00,Surgical Ward,Surgical & Post-Op Ward,80,75,5,0.9375,93.8,1,3,-2,RED,14,3,0
2026-07-30 14:00:00,Pediatrics,Pediatric Ward,40,40,0,1.0,100.0,4,0,4,RED,14,3,0
2026-07-30 15:00:00,Emergency,Emergency Department (ED),50,54,0,1.08,108.0,7,2,5,RED,15,3,0
2026-07-30 15:00:00,ICU,Intensive Care Unit (ICU),30,30,0,1.0,100.0,0,0,0,RED,15,3,0
2026-07-30 15:00:00,General Medicine,General Medicine Ward,120,129,0,1.075,107.5,8,2,6,RED,15,3,0
2026-07-30 15:00:00,Surgical Ward,Surgical & Post-Op Ward,80,77,3,0.9625,96.2,3,1,2,RED,15,3,0
2026-07-30 15:00:00,Pediatrics,Pediatric Ward,40,38,2,0.95,95.0,0,2,-2,RED,15,3,0
2026-07-30 16:00:00,Emergency,Emergency Department (ED),50,54,0,1.08,108.0,6,4,2,RED,16,3,0
2026-07-30 16:00:00,ICU,Intensive Care Unit (ICU),30,31,0,1.0333,103.3,1,0,1,RED,16,3,0
2026-07-30 16:00:00,General Medicine,General Medicine Ward,120,129,0,1.075,107.5,9,2,7,RED,16,3,0
2026-07-30 16:00:00,Surgical Ward,Surgical & Post-Op Ward,80,76,4,0.95,95.0,0,1,-1,RED,16,3,0
2026-07-30 16:00:00,Pediatrics,Pediatric Ward,40,37,3,0.925,92.5,0,1,-1,RED,16,3,0
2026-07-30 17:00:00,Emergency,Emergency Department (ED),50,54,0,1.08,108.0,8,1,7,RED,17,3,0
2026-07-30 17:00:00,ICU,Intensive Care Unit (ICU),30,32,0,1.0667,106.7,2,1,1,RED,17,3,0
2026-07-30 17:00:00,General Medicine,General Medicine Ward,120,129,0,1.075,107.5,5,1,4,RED,17,3,0
2026-07-30 17:00:00,Surgical Ward,Surgical & Post-Op Ward,80,79,1,0.9875,98.8,5,2,3,RED,17,3,0
2026-07-30 17:00:00,Pediatrics,Pediatric Ward,40,37,3,0.925,92.5,2,2,0,RED,17,3,0
2026-07-30 18:00:00,Emergency,Emergency Department (ED),50,53,0,1.06,106.0,4,5,-1,RED,18,3,0
2026-07-30 18:00:00,ICU,Intensive Care Unit (ICU),30,32,0,1.0667,106.7,0,0,0,RED,18,3,0
2026-07-30 18:00:00,General Medicine,General Medicine Ward,120,129,0,1.075,107.5,3,1,2,RED,18,3,0
2026-07-30 18:00:00,Surgical Ward,Surgical & Post-Op Ward,80,77,3,0.9625,96.2,2,4,-2,RED,18,3,0
2026-07-30 18:00:00,Pediatrics,Pediatric Ward,40,40,0,1.0,100.0,3,0,3,RED,18,3,0
2026-07-30 19:00:00,Emergency,Emergency Department (ED),50,54,0,1.08,108.0,5,2,3,RED,19,3,0
2026-07-30 19:00:00,ICU,Intensive Care Unit (ICU),30,32,0,1.0667,106.7,0,0,0,RED,19,3,0
2026-07-30 19:00:00,General Medicine,General Medicine Ward,120,129,0,1.075,107.5,5,2,3,RED,19,3,0
2026-07-30 19:00:00,Surgical Ward,Surgical & Post-Op Ward,80,76,4,0.95,95.0,2,3,-1,RED,19,3,0
2026-07-30 19:00:00,Pediatrics,Pediatric Ward,40,40,0,1.0,100.0,0,0,0,RED,19,3,0
2026-07-30 20:00:00,Emergency,Emergency Department (ED),50,54,0,1.08,108.0,6,3,3,RED,20,3,0
2026-07-30 20:00:00,ICU,Intensive Care Unit (ICU),30,31,0,1.0333,103.3,0,1,-1,RED,20,3,0
2026-07-30 20:00:00,General Medicine,General Medicine Ward,120,129,0,1.075,107.5,5,2,3,RED,20,3,0
2026-07-30 20:00:00,Surgical Ward,Surgical & Post-Op Ward,80,77,3,0.9625,96.2,4,3,1,RED,20,3,0
2026-07-30 20:00:00,Pediatrics,Pediatric Ward,40,40,0,1.0,100.0,1,1,0,RED,20,3,0
2026-07-30 21:00:00,Emergency,Emergency Department (ED),50,54,0,1.08,108.0,7,6,1,RED,21,3,0
2026-07-30 21:00:00,ICU,Intensive Care Unit (ICU),30,31,0,1.0333,103.3,0,0,0,RED,21,3,0
2026-07-30 21:00:00,General Medicine,General Medicine Ward,120,129,0,1.075,107.5,4,1,3,RED,21,3,0
2026-07-30 21:00:00,Surgical Ward,Surgical & Post-Op Ward,80,79,1,0.9875,98.8,3,1,2,RED,21,3,0
2026-07-30 21:00:00,Pediatrics,Pediatric Ward,40,41,0,1.025,102.5,1,0,1,RED,21,3,0
2026-07-30 22:00:00,Emergency,Emergency Department (ED),50,54,0,1.08,108.0,10,3,7,RED,22,3,0
2026-07-30 22:00:00,ICU,Intensive Care Unit (ICU),30,30,0,1.0,100.0,0,1,-1,RED,22,3,0
2026-07-30 22:00:00,General Medicine,General Medicine Ward,120,129,0,1.075,107.5,4,3,1,RED,22,3,0
2026-07-30 22:00:00,Surgical Ward,Surgical & Post-Op Ward,80,82,0,1.025,102.5,3,0,3,RED,22,3,0
2026-07-30 22:00:00,Pediatrics,Pediatric Ward,40,43,0,1.075,107.5,2,0,2,RED,22,3,0
2026-07-30 23:00:00,Emergency,Emergency Department (ED),50,54,0,1.08,108.0,3,3,0,RED,23,3,0
2026-07-30 23:00:00,ICU,Intensive Care Unit (ICU),30,31,0,1.0333,103.3,1,0,1,RED,23,3,0
2026-07-30 23:00:00,General Medicine,General Medicine Ward,120,128,0,1.0667,106.7,3,4,-1,RED,23,3,0
2026-07-30 23:00:00,Surgical Ward,Surgical & Post-Op Ward,80,83,0,1.0375,103.8,5,4,1,RED,23,3,0
2026-07-30 23:00:00,Pediatrics,Pediatric Ward,40,42,0,1.05,105.0,1,2,-1,RED,23,3,0
2026-07-31 00:00:00,Emergency,Emergency Department (ED),50,54,0,1.08,108.0,8,1,7,RED,0,4,0
2026-07-31 00:00:00,ICU,Intensive Care Unit (ICU),30,30,0,1.0,100.0,0,1,-1,RED,0,4,0
2026-07-31 00:00:00,General Medicine,General Medicine Ward,120,129,0,1.075,107.5,7,3,4,RED,0,4,0
2026-07-31 00:00:00,Surgical Ward,Surgical & Post-Op Ward,80,85,0,1.0625,106.2,2,0,2,RED,0,4,0
2026-07-31 00:00:00,Pediatrics,Pediatric Ward,40,43,0,1.075,107.5,3,0,3,RED,0,4,0
2026-07-31 01:00:00,Emergency,Emergency Department (ED),50,54,0,1.08,108.0,6,4,2,RED,1,4,0
2026-07-31 01:00:00,ICU,Intensive Care Unit (ICU),30,30,0,1.0,100.0,0,0,0,RED,1,4,0
2026-07-31 01:00:00,General Medicine,General Medicine Ward,120,129,0,1.075,107.5,1,0,1,RED,1,4,0
2026-07-31 01:00:00,Surgical Ward,Surgical & Post-Op Ward,80,86,0,1.075,107.5,1,0,1,RED,1,4,0
2026-07-31 01:00:00,Pediatrics,Pediatric Ward,40,43,0,1.075,107.5,0,0,0,RED,1,4,0
2026-07-31 02:00:00,Emergency,Emergency Department (ED),50,54,0,1.08,108.0,2,0,2,RED,2,4,0
2026-07-31 02:00:00,ICU,Intensive Care Unit (ICU),30,30,0,1.0,100.0,1,1,0,RED,2,4,0
2026-07-31 02:00:00,General Medicine,General Medicine Ward,120,129,0,1.075,107.5,1,0,1,RED,2,4,0
2026-07-31 02:00:00,Surgical Ward,Surgical & Post-Op Ward,80,86,0,1.075,107.5,0,0,0,RED,2,4,0
2026-07-31 02:00:00,Pediatrics,Pediatric Ward,40,43,0,1.075,107.5,1,0,1,RED,2,4,0
2026-07-31 03:00:00,Emergency,Emergency Department (ED),50,54,0,1.08,108.0,2,0,2,RED,3,4,0
2026-07-31 03:00:00,ICU,Intensive Care Unit (ICU),30,30,0,1.0,100.0,0,0,0,RED,3,4,0
2026-07-31 03:00:00,General Medicine,General Medicine Ward,120,129,0,1.075,107.5,2,1,1,RED,3,4,0
2026-07-31 03:00:00,Surgical Ward,Surgical & Post-Op Ward,80,86,0,1.075,107.5,0,0,0,RED,3,4,0
2026-07-31 03:00:00,Pediatrics,Pediatric Ward,40,43,0,1.075,107.5,0,0,0,RED,3,4,0
2026-07-31 04:00:00,Emergency,Emergency Department (ED),50,54,0,1.08,108.0,3,1,2,RED,4,4,0
2026-07-31 04:00:00,ICU,Intensive Care Unit (ICU),30,30,0,1.0,100.0,0,0,0,RED,4,4,0
2026-07-31 04:00:00,General Medicine,General Medicine Ward,120,127,0,1.0583,105.8,0,2,-2,RED,4,4,0
2026-07-31 04:00:00,Surgical Ward,Surgical & Post-Op Ward,80,86,0,1.075,107.5,1,0,1,RED,4,4,0
2026-07-31 04:00:00,Pediatrics,Pediatric Ward,40,43,0,1.075,107.5,1,0,1,RED,4,4,0
2026-07-31 05:00:00,Emergency,Emergency Department (ED),50,54,0,1.08,108.0,0,0,0,RED,5,4,0
2026-07-31 05:00:00,ICU,Intensive Care Unit (ICU),30,30,0,1.0,100.0,0,0,0,RED,5,4,0
2026-07-31 05:00:00,General Medicine,General Medicine Ward,120,127,0,1.0583,105.8,0,0,0,RED,5,4,0
2026-07-31 05:00:00,Surgical Ward,Surgical & Post-Op Ward,80,84,0,1.05,105.0,1,3,-2,RED,5,4,0
2026-07-31 05:00:00,Pediatrics,Pediatric Ward,40,43,0,1.075,107.5,1,0,1,RED,5,4,0
2026-07-31 06:00:00,Emergency,Emergency Department (ED),50,53,0,1.06,106.0,0,1,-1,RED,6,4,0
2026-07-31 06:00:00,ICU,Intensive Care Unit (ICU),30,30,0,1.0,100.0,0,0,0,RED,6,4,0
2026-07-31 06:00:00,General Medicine,General Medicine Ward,120,129,0,1.075,107.5,4,2,2,RED,6,4,0
2026-07-31 06:00:00,Surgical Ward,Surgical & Post-Op Ward,80,84,0,1.05,105.0,2,2,0,RED,6,4,0
2026-07-31 06:00:00,Pediatrics,Pediatric Ward,40,43,0,1.075,107.5,5,2,3,RED,6,4,0
2026-07-31 07:00:00,Emergency,Emergency Department (ED),50,52,0,1.04,104.0,3,4,-1,RED,7,4,0
2026-07-31 07:00:00,ICU,Intensive Care Unit (ICU),30,30,0,1.0,100.0,0,0,0,RED,7,4,0
2026-07-31 07:00:00,General Medicine,General Medicine Ward,120,129,0,1.075,107.5,3,2,1,RED,7,4,0
2026-07-31 07:00:00,Surgical Ward,Surgical & Post-Op Ward,80,84,0,1.05,105.0,1,1,0,RED,7,4,0
2026-07-31 07:00:00,Pediatrics,Pediatric Ward,40,43,0,1.075,107.5,3,0,3,RED,7,4,0
2026-07-31 08:00:00,Emergency,Emergency Department (ED),50,51,0,1.02,102.0,0,1,-1,RED,8,4,0
2026-07-31 08:00:00,ICU,Intensive Care Unit (ICU),30,31,0,1.0333,103.3,1,0,1,RED,8,4,0
2026-07-31 08:00:00,General Medicine,General Medicine Ward,120,129,0,1.075,107.5,6,3,3,RED,8,4,0
2026-07-31 08:00:00,Surgical Ward,Surgical & Post-Op Ward,80,86,0,1.075,107.5,5,2,3,RED,8,4,0
2026-07-31 08:00:00,Pediatrics,Pediatric Ward,40,42,0,1.05,105.0,0,1,-1,RED,8,4,0
2026-07-31 09:00:00,Emergency,Emergency Department (ED),50,53,0,1.06,106.0,3,1,2,RED,9,4,0
2026-07-31 09:00:00,ICU,Intensive Care Unit (ICU),30,32,0,1.0667,106.7,2,1,1,RED,9,4,0
2026-07-31 09:00:00,General Medicine,General Medicine Ward,120,129,0,1.075,107.5,2,1,1,RED,9,4,0
2026-07-31 09:00:00,Surgical Ward,Surgical & Post-Op Ward,80,86,0,1.075,107.5,1,1,0,RED,9,4,0
2026-07-31 09:00:00,Pediatrics,Pediatric Ward,40,41,0,1.025,102.5,1,2,-1,RED,9,4,0
2026-07-31 10:00:00,Emergency,Emergency Department (ED),50,52,0,1.04,104.0,4,5,-1,RED,10,4,0
2026-07-31 10:00:00,ICU,Intensive Care Unit (ICU),30,30,0,1.0,100.0,0,2,-2,RED,10,4,0
2026-07-31 10:00:00,General Medicine,General Medicine Ward,120,127,0,1.0583,105.8,4,6,-2,RED,10,4,0
2026-07-31 10:00:00,Surgical Ward,Surgical & Post-Op Ward,80,86,0,1.075,107.5,7,6,1,RED,10,4,0
2026-07-31 10:00:00,Pediatrics,Pediatric Ward,40,41,0,1.025,102.5,1,1,0,RED,10,4,0
2026-07-31 11:00:00,Emergency,Emergency Department (ED),50,46,4,0.92,92.0,0,6,-6,RED,11,4,0
2026-07-31 11:00:00,ICU,Intensive Care Unit (ICU),30,28,2,0.9333,93.3,0,2,-2,RED,11,4,0
2026-07-31 11:00:00,General Medicine,General Medicine Ward,120,126,0,1.05,105.0,4,5,-1,RED,11,4,0
2026-07-31 11:00:00,Surgical Ward,Surgical & Post-Op Ward,80,86,0,1.075,107.5,6,5,1,RED,11,4,0
2026-07-31 11:00:00,Pediatrics,Pediatric Ward,40,41,0,1.025,102.5,2,2,0,RED,11,4,0
2026-07-31 12:00:00,Emergency,Emergency Department (ED),50,45,5,0.9,90.0,3,4,-1,RED,12,4,0
2026-07-31 12:00:00,ICU,Intensive Care Unit (ICU),30,31,0,1.0333,103.3,3,0,3,RED,12,4,0
2026-07-31 12:00:00,General Medicine,General Medicine Ward,120,125,0,1.0417,104.2,4,5,-1,RED,12,4,0
2026-07-31 12:00:00,Surgical Ward,Surgical & Post-Op Ward,80,86,0,1.075,107.5,2,1,1,RED,12,4,0
2026-07-31 12:00:00,Pediatrics,Pediatric Ward,40,41,0,1.025,102.5,1,1,0,RED,12,4,0
2026-07-31 13:00:00,Emergency,Emergency Department (ED),50,46,4,0.92,92.0,4,3,1,RED,13,4,0
2026-07-31 13:00:00,ICU,Intensive Care Unit (ICU),30,31,0,1.0333,103.3,0,0,0,RED,13,4,0
2026-07-31 13:00:00,General Medicine,General Medicine Ward,120,127,0,1.0583,105.8,6,4,2,RED,13,4,0
2026-07-31 13:00:00,Surgical Ward,Surgical & Post-Op Ward,80,86,0,1.075,107.5,4,4,0,RED,13,4,0
2026-07-31 13:00:00,Pediatrics,Pediatric Ward,40,42,0,1.05,105.0,2,1,1,RED,13,4,0
2026-07-31 14:00:00,Emergency,Emergency Department (ED),50,44,6,0.88,88.0,4,6,-2,AMBER,14,4,0
2026-07-31 14:00:00,ICU,Intensive Care Unit (ICU),30,32,0,1.0667,106.7,1,0,1,RED,14,4,0
2026-07-31 14:00:00,General Medicine,General Medicine Ward,120,129,0,1.075,107.5,6,4,2,RED,14,4,0
2026-07-31 14:00:00,Surgical Ward,Surgical & Post-Op Ward,80,86,0,1.075,107.5,5,1,4,RED,14,4,0
2026-07-31 14:00:00,Pediatrics,Pediatric Ward,40,39,1,0.975,97.5,0,3,-3,RED,14,4,0
2026-07-31 15:00:00,Emergency,Emergency Department (ED),50,48,2,0.96,96.0,7,3,4,RED,15,4,0
2026-07-31 15:00:00,ICU,Intensive Care Unit (ICU),30,32,0,1.0667,106.7,1,1,0,RED,15,4,0
2026-07-31 15:00:00,General Medicine,General Medicine Ward,120,129,0,1.075,107.5,7,3,4,RED,15,4,0
2026-07-31 15:00:00,Surgical Ward,Surgical & Post-Op Ward,80,85,0,1.0625,106.2,1,2,-1,RED,15,4,0
2026-07-31 15:00:00,Pediatrics,Pediatric Ward,40,42,0,1.05,105.0,3,0,3,RED,15,4,0
2026-07-31 16:00:00,Emergency,Emergency Department (ED),50,53,0,1.06,106.0,5,0,5,RED,16,4,0
2026-07-31 16:00:00,ICU,Intensive Care Unit (ICU),30,31,0,1.0333,103.3,0,1,-1,RED,16,4,0
2026-07-31 16:00:00,General Medicine,General Medicine Ward,120,129,0,1.075,107.5,7,2,5,RED,16,4,0
2026-07-31 16:00:00,Surgical Ward,Surgical & Post-Op Ward,80,86,0,1.075,107.5,2,0,2,RED,16,4,0
2026-07-31 16:00:00,Pediatrics,Pediatric Ward,40,43,0,1.075,107.5,4,2,2,RED,16,4,0
2026-07-31 17:00:00,Emergency,Emergency Department (ED),50,52,0,1.04,104.0,4,5,-1,RED,17,4,0
2026-07-31 17:00:00,ICU,Intensive Care Unit (ICU),30,31,0,1.0333,103.3,0,0,0,RED,17,4,0
2026-07-31 17:00:00,General Medicine,General Medicine Ward,120,129,0,1.075,107.5,8,4,4,RED,17,4,0
2026-07-31 17:00:00,Surgical Ward,Surgical & Post-Op Ward,80,86,0,1.075,107.5,4,3,1,RED,17,4,0
2026-07-31 17:00:00,Pediatrics,Pediatric Ward,40,43,0,1.075,107.5,2,0,2,RED,17,4,0
2026-07-31 18:00:00,Emergency,Emergency Department (ED),50,54,0,1.08,108.0,7,4,3,RED,18,4,0
2026-07-31 18:00:00,ICU,Intensive Care Unit (ICU),30,31,0,1.0333,103.3,0,0,0,RED,18,4,0
2026-07-31 18:00:00,General Medicine,General Medicine Ward,120,129,0,1.075,107.5,2,2,0,RED,18,4,0
2026-07-31 18:00:00,Surgical Ward,Surgical & Post-Op Ward,80,86,0,1.075,107.5,4,0,4,RED,18,4,0
2026-07-31 18:00:00,Pediatrics,Pediatric Ward,40,43,0,1.075,107.5,3,0,3,RED,18,4,0
2026-07-31 19:00:00,Emergency,Emergency Department (ED),50,54,0,1.08,108.0,5,0,5,RED,19,4,0
2026-07-31 19:00:00,ICU,Intensive Care Unit (ICU),30,30,0,1.0,100.0,0,1,-1,RED,19,4,0
2026-07-31 19:00:00,General Medicine,General Medicine Ward,120,129,0,1.075,107.5,5,3,2,RED,19,4,0
2026-07-31 19:00:00,Surgical Ward,Surgical & Post-Op Ward,80,85,0,1.0625,106.2,1,2,-1,RED,19,4,0
2026-07-31 19:00:00,Pediatrics,Pediatric Ward,40,42,0,1.05,105.0,0,1,-1,RED,19,4,0
2026-07-31 20:00:00,Emergency,Emergency Department (ED),50,53,0,1.06,106.0,4,5,-1,RED,20,4,0
2026-07-31 20:00:00,ICU,Intensive Care Unit (ICU),30,30,0,1.0,100.0,1,1,0,RED,20,4,0
2026-07-31 20:00:00,General Medicine,General Medicine Ward,120,127,0,1.0583,105.8,2,4,-2,RED,20,4,0
2026-07-31 20:00:00,Surgical Ward,Surgical & Post-Op Ward,80,86,0,1.075,107.5,5,2,3,RED,20,4,0
2026-07-31 20:00:00,Pediatrics,Pediatric Ward,40,42,0,1.05,105.0,0,0,0,RED,20,4,0
2026-07-31 21:00:00,Emergency,Emergency Department (ED),50,54,0,1.08,108.0,5,4,1,RED,21,4,0
2026-07-31 21:00:00,ICU,Intensive Care Unit (ICU),30,32,0,1.0667,106.7,2,0,2,RED,21,4,0
2026-07-31 21:00:00,General Medicine,General Medicine Ward,120,125,0,1.0417,104.2,2,4,-2,RED,21,4,0
2026-07-31 21:00:00,Surgical Ward,Surgical & Post-Op Ward,80,86,0,1.075,107.5,3,2,1,RED,21,4,0
2026-07-31 21:00:00,Pediatrics,Pediatric Ward,40,43,0,1.075,107.5,3,2,1,RED,21,4,0
2026-07-31 22:00:00,Emergency,Emergency Department (ED),50,54,0,1.08,108.0,6,3,3,RED,22,4,0
2026-07-31 22:00:00,ICU,Intensive Care Unit (ICU),30,32,0,1.0667,106.7,1,1,0,RED,22,4,0
2026-07-31 22:00:00,General Medicine,General Medicine Ward,120,124,0,1.0333,103.3,3,4,-1,RED,22,4,0
2026-07-31 22:00:00,Surgical Ward,Surgical & Post-Op Ward,80,86,0,1.075,107.5,3,1,2,RED,22,4,0
2026-07-31 22:00:00,Pediatrics,Pediatric Ward,40,43,0,1.075,107.5,0,0,0,RED,22,4,0
2026-07-31 23:00:00,Emergency,Emergency Department (ED),50,54,0,1.08,108.0,3,3,0,RED,23,4,0
2026-07-31 23:00:00,ICU,Intensive Care Unit (ICU),30,32,0,1.0667,106.7,0,0,0,RED,23,4,0
2026-07-31 23:00:00,General Medicine,General Medicine Ward,120,125,0,1.0417,104.2,1,0,1,RED,23,4,0
2026-07-31 23:00:00,Surgical Ward,Surgical & Post-Op Ward,80,86,0,1.075,107.5,1,1,0,RED,23,4,0
2026-07-31 23:00:00,Pediatrics,Pediatric Ward,40,43,0,1.075,107.5,4,0,4,RED,23,4,0
2026-08-01 00:00:00,Emergency,Emergency Department (ED),50,54,0,1.08,108.0,1,1,0,RED,0,5,1
2026-08-01 00:00:00,ICU,Intensive Care Unit (ICU),30,32,0,1.0667,106.7,1,0,1,RED,0,5,1
2026-08-01 00:00:00,General Medicine,General Medicine Ward,120,123,0,1.025,102.5,3,5,-2,RED,0,5,1
2026-08-01 00:00:00,Surgical Ward,Surgical & Post-Op Ward,80,86,0,1.075,107.5,0,0,0,RED,0,5,1
2026-08-01 00:00:00,Pediatrics,Pediatric Ward,40,43,0,1.075,107.5,0,0,0,RED,0,5,1
2026-08-01 01:00:00,Emergency,Emergency Department (ED),50,53,0,1.06,106.0,3,4,-1,RED,1,5,1
2026-08-01 01:00:00,ICU,Intensive Care Unit (ICU),30,31,0,1.0333,103.3,0,1,-1,RED,1,5,1
2026-08-01 01:00:00,General Medicine,General Medicine Ward,120,124,0,1.0333,103.3,3,2,1,RED,1,5,1
2026-08-01 01:00:00,Surgical Ward,Surgical & Post-Op Ward,80,86,0,1.075,107.5,2,0,2,RED,1,5,1
2026-08-01 01:00:00,Pediatrics,Pediatric Ward,40,43,0,1.075,107.5,2,1,1,RED,1,5,1
2026-08-01 02:00:00,Emergency,Emergency Department (ED),50,54,0,1.08,108.0,1,0,1,RED,2,5,1
2026-08-01 02:00:00,ICU,Intensive Care Unit (ICU),30,31,0,1.0333,103.3,0,0,0,RED,2,5,1
2026-08-01 02:00:00,General Medicine,General Medicine Ward,120,124,0,1.0333,103.3,1,1,0,RED,2,5,1
2026-08-01 02:00:00,Surgical Ward,Surgical & Post-Op Ward,80,86,0,1.075,107.5,0,0,0,RED,2,5,1
2026-08-01 02:00:00,Pediatrics,Pediatric Ward,40,43,0,1.075,107.5,0,0,0,RED,2,5,1
2026-08-01 03:00:00,Emergency,Emergency Department (ED),50,54,0,1.08,108.0,2,0,2,RED,3,5,1
2026-08-01 03:00:00,ICU,Intensive Care Unit (ICU),30,31,0,1.0333,103.3,0,0,0,RED,3,5,1
2026-08-01 03:00:00,General Medicine,General Medicine Ward,120,123,0,1.025,102.5,0,1,-1,RED,3,5,1
2026-08-01 03:00:00,Surgical Ward,Surgical & Post-Op Ward,80,85,0,1.0625,106.2,0,1,-1,RED,3,5,1
2026-08-01 03:00:00,Pediatrics,Pediatric Ward,40,43,0,1.075,107.5,0,0,0,RED,3,5,1
2026-08-01 04:00:00,Emergency,Emergency Department (ED),50,54,0,1.08,108.0,0,0,0,RED,4,5,1
2026-08-01 04:00:00,ICU,Intensive Care Unit (ICU),30,31,0,1.0333,103.3,0,0,0,RED,4,5,1
2026-08-01 04:00:00,General Medicine,General Medicine Ward,120,123,0,1.025,102.5,0,0,0,RED,4,5,1
2026-08-01 04:00:00,Surgical Ward,Surgical & Post-Op Ward,80,85,0,1.0625,106.2,0,0,0,RED,4,5,1
2026-08-01 04:00:00,Pediatrics,Pediatric Ward,40,43,0,1.075,107.5,0,0,0,RED,4,5,1
2026-08-01 05:00:00,Emergency,Emergency Department (ED),50,54,0,1.08,108.0,0,0,0,RED,5,5,1
2026-08-01 05:00:00,ICU,Intensive Care Unit (ICU),30,31,0,1.0333,103.3,0,0,0,RED,5,5,1
2026-08-01 05:00:00,General Medicine,General Medicine Ward,120,122,0,1.0167,101.7,0,1,-1,RED,5,5,1
2026-08-01 05:00:00,Surgical Ward,Surgical & Post-Op Ward,80,85,0,1.0625,106.2,1,1,0,RED,5,5,1
2026-08-01 05:00:00,Pediatrics,Pediatric Ward,40,43,0,1.075,107.5,1,0,1,RED,5,5,1
2026-08-01 06:00:00,Emergency,Emergency Department (ED),50,54,0,1.08,108.0,0,0,0,RED,6,5,1
2026-08-01 06:00:00,ICU,Intensive Care Unit (ICU),30,32,0,1.0667,106.7,1,0,1,RED,6,5,1
2026-08-01 06:00:00,General Medicine,General Medicine Ward,120,121,0,1.0083,100.8,3,4,-1,RED,6,5,1
2026-08-01 06:00:00,Surgical Ward,Surgical & Post-Op Ward,80,82,0,1.025,102.5,0,3,-3,RED,6,5,1
2026-08-01 06:00:00,Pediatrics,Pediatric Ward,40,43,0,1.075,107.5,0,0,0,RED,6,5,1
2026-08-01 07:00:00,Emergency,Emergency Department (ED),50,53,0,1.06,106.0,0,1,-1,RED,7,5,1
2026-08-01 07:00:00,ICU,Intensive Care Unit (ICU),30,32,0,1.0667,106.7,2,0,2,RED,7,5,1
2026-08-01 07:00:00,General Medicine,General Medicine Ward,120,119,1,0.9917,99.2,2,4,-2,RED,7,5,1
2026-08-01 07:00:00,Surgical Ward,Surgical & Post-Op Ward,80,78,2,0.975,97.5,0,4,-4,RED,7,5,1
2026-08-01 07:00:00,Pediatrics,Pediatric Ward,40,43,0,1.075,107.5,0,0,0,RED,7,5,1
2026-08-01 08:00:00,Emergency,Emergency Department (ED),50,54,0,1.08,108.0,6,2,4,RED,8,5,1
2026-08-01 08:00:00,ICU,Intensive Care Unit (ICU),30,31,0,1.0333,103.3,0,1,-1,RED,8,5,1
2026-08-01 08:00:00,General Medicine,General Medicine Ward,120,117,3,0.975,97.5,4,6,-2,RED,8,5,1
2026-08-01 08:00:00,Surgical Ward,Surgical & Post-Op Ward,80,76,4,0.95,95.0,1,3,-2,RED,8,5,1
2026-08-01 08:00:00,Pediatrics,Pediatric Ward,40,43,0,1.075,107.5,2,1,1,RED,8,5,1
2026-08-01 09:00:00,Emergency,Emergency Department (ED),50,51,0,1.02,102.0,1,4,-3,RED,9,5,1
2026-08-01 09:00:00,ICU,Intensive Care Unit (ICU),30,32,0,1.0667,106.7,1,0,1,RED,9,5,1
2026-08-01 09:00:00,General Medicine,General Medicine Ward,120,111,9,0.925,92.5,0,6,-6,RED,9,5,1
2026-08-01 09:00:00,Surgical Ward,Surgical & Post-Op Ward,80,66,14,0.825,82.5,0,10,-10,AMBER,9,5,1
2026-08-01 09:00:00,Pediatrics,Pediatric Ward,40,43,0,1.075,107.5,3,0,3,RED,9,5,1
2026-08-01 10:00:00,Emergency,Emergency Department (ED),50,50,0,1.0,100.0,2,3,-1,RED,10,5,1
2026-08-01 10:00:00,ICU,Intensive Care Unit (ICU),30,32,0,1.0667,106.7,2,0,2,RED,10,5,1
2026-08-01 10:00:00,General Medicine,General Medicine Ward,120,111,9,0.925,92.5,3,3,0,RED,10,5,1
2026-08-01 10:00:00,Surgical Ward,Surgical & Post-Op Ward,80,62,18,0.775,77.5,1,5,-4,AMBER,10,5,1
2026-08-01 10:00:00,Pediatrics,Pediatric Ward,40,43,0,1.075,107.5,2,1,1,RED,10,5,1
2026-08-01 11:00:00,Emergency,Emergency Department (ED),50,49,1,0.98,98.0,2,3,-1,RED,11,5,1
2026-08-01 11:00:00,ICU,Intensive Care Unit (ICU),30,32,0,1.0667,106.7,1,0,1,RED,11,5,1
2026-08-01 11:00:00,General Medicine,General Medicine Ward,120,112,8,0.9333,93.3,5,4,1,RED,11,5,1
2026-08-01 11:00:00,Surgical Ward,Surgical & Post-Op Ward,80,61,19,0.7625,76.2,3,4,-1,AMBER,11,5,1
2026-08-01 11:00:00,Pediatrics,Pediatric Ward,40,43,0,1.075,107.5,2,1,1,RED,11,5,1
2026-08-01 12:00:00,Emergency,Emergency Department (ED),50,54,0,1.08,108.0,7,2,5,RED,12,5,1
2026-08-01 12:00:00,ICU,Intensive Care Unit (ICU),30,32,0,1.0667,106.7,2,0,2,RED,12,5,1
2026-08-01 12:00:00,General Medicine,General Medicine Ward,120,110,10,0.9167,91.7,4,6,-2,RED,12,5,1
2026-08-01 12:00:00,Surgical Ward,Surgical & Post-Op Ward,80,59,21,0.7375,73.8,0,2,-2,GREEN,12,5,1
2026-08-01 12:00:00,Pediatrics,Pediatric Ward,40,43,0,1.075,107.5,2,1,1,RED,12,5,1
2026-08-01 13:00:00,Emergency,Emergency Department (ED),50,54,0,1.08,108.0,5,5,0,RED,13,5,1
2026-08-01 13:00:00,ICU,Intensive Care Unit (ICU),30,32,0,1.0667,106.7,1,0,1,RED,13,5,1
2026-08-01 13:00:00,General Medicine,General Medicine Ward,120,112,8,0.9333,93.3,6,4,2,RED,13,5,1
2026-08-01 13:00:00,Surgical Ward,Surgical & Post-Op Ward,80,60,20,0.75,75.0,2,1,1,AMBER,13,5,1
2026-08-01 13:00:00,Pediatrics,Pediatric Ward,40,40,0,1.0,100.0,1,4,-3,RED,13,5,1
2026-08-01 14:00:00,Emergency,Emergency Department (ED),50,54,0,1.08,108.0,2,1,1,RED,14,5,1
2026-08-01 14:00:00,ICU,Intensive Care Unit (ICU),30,32,0,1.0667,106.7,2,1,1,RED,14,5,1
2026-08-01 14:00:00,General Medicine,General Medicine Ward,120,111,9,0.925,92.5,3,4,-1,RED,14,5,1
2026-08-01 14:00:00,Surgical Ward,Surgical & Post-Op Ward,80,60,20,0.75,75.0,0,0,0,AMBER,14,5,1
2026-08-01 14:00:00,Pediatrics,Pediatric Ward,40,42,0,1.05,105.0,3,1,2,RED,14,5,1
2026-08-01 15:00:00,Emergency,Emergency Department (ED),50,54,0,1.08,108.0,7,0,7,RED,15,5,1
2026-08-01 15:00:00,ICU,Intensive Care Unit (ICU),30,32,0,1.0667,106.7,1,0,1,RED,15,5,1
2026-08-01 15:00:00,General Medicine,General Medicine Ward,120,110,10,0.9167,91.7,2,3,-1,RED,15,5,1
2026-08-01 15:00:00,Surgical Ward,Surgical & Post-Op Ward,80,58,22,0.725,72.5,0,2,-2,GREEN,15,5,1
2026-08-01 15:00:00,Pediatrics,Pediatric Ward,40,41,0,1.025,102.5,1,2,-1,RED,15,5,1
2026-08-01 16:00:00,Emergency,Emergency Department (ED),50,54,0,1.08,108.0,4,2,2,RED,16,5,1
2026-08-01 16:00:00,ICU,Intensive Care Unit (ICU),30,32,0,1.0667,106.7,2,0,2,RED,16,5,1
2026-08-01 16:00:00,General Medicine,General Medicine Ward,120,113,7,0.9417,94.2,7,4,3,RED,16,5,1
2026-08-01 16:00:00,Surgical Ward,Surgical & Post-Op Ward,80,58,22,0.725,72.5,0,0,0,GREEN,16,5,1
2026-08-01 16:00:00,Pediatrics,Pediatric Ward,40,43,0,1.075,107.5,3,0,3,RED,16,5,1
2026-08-01 17:00:00,Emergency,Emergency Department (ED),50,54,0,1.08,108.0,10,4,6,RED,17,5,1
2026-08-01 17:00:00,ICU,Intensive Care Unit (ICU),30,31,0,1.0333,103.3,0,1,-1,RED,17,5,1
2026-08-01 17:00:00,General Medicine,General Medicine Ward,120,115,5,0.9583,95.8,4,2,2,RED,17,5,1
2026-08-01 17:00:00,Surgical Ward,Surgical & Post-Op Ward,80,57,23,0.7125,71.2,1,2,-1,GREEN,17,5,1
2026-08-01 17:00:00,Pediatrics,Pediatric Ward,40,43,0,1.075,107.5,2,0,2,RED,17,5,1
2026-08-01 18:00:00,Emergency,Emergency Department (ED),50,54,0,1.08,108.0,6,3,3,RED,18,5,1
2026-08-01 18:00:00,ICU,Intensive Care Unit (ICU),30,30,0,1.0,100.0,0,1,-1,RED,18,5,1
2026-08-01 18:00:00,General Medicine,General Medicine Ward,120,116,4,0.9667,96.7,4,3,1,RED,18,5,1
2026-08-01 18:00:00,Surgical Ward,Surgical & Post-Op Ward,80,57,23,0.7125,71.2,2,2,0,GREEN,18,5,1
2026-08-01 18:00:00,Pediatrics,Pediatric Ward,40,43,0,1.075,107.5,4,0,4,RED,18,5,1
2026-08-01 19:00:00,Emergency,Emergency Department (ED),50,54,0,1.08,108.0,9,5,4,RED,19,5,1
2026-08-01 19:00:00,ICU,Intensive Care Unit (ICU),30,31,0,1.0333,103.3,1,0,1,RED,19,5,1
2026-08-01 19:00:00,General Medicine,General Medicine Ward,120,116,4,0.9667,96.7,2,2,0,RED,19,5,1
2026-08-01 19:00:00,Surgical Ward,Surgical & Post-Op Ward,80,58,22,0.725,72.5,3,2,1,GREEN,19,5,1
2026-08-01 19:00:00,Pediatrics,Pediatric Ward,40,43,0,1.075,107.5,1,1,0,RED,19,5,1
2026-08-01 20:00:00,Emergency,Emergency Department (ED),50,54,0,1.08,108.0,3,1,2,RED,20,5,1
2026-08-01 20:00:00,ICU,Intensive Care Unit (ICU),30,32,0,1.0667,106.7,2,1,1,RED,20,5,1
2026-08-01 20:00:00,General Medicine,General Medicine Ward,120,114,6,0.95,95.0,4,6,-2,RED,20,5,1
2026-08-01 20:00:00,Surgical Ward,Surgical & Post-Op Ward,80,57,23,0.7125,71.2,0,1,-1,GREEN,20,5,1
2026-08-01 20:00:00,Pediatrics,Pediatric Ward,40,43,0,1.075,107.5,1,0,1,RED,20,5,1
2026-08-01 21:00:00,Emergency,Emergency Department (ED),50,54,0,1.08,108.0,6,1,5,RED,21,5,1
2026-08-01 21:00:00,ICU,Intensive Care Unit (ICU),30,32,0,1.0667,106.7,0,0,0,RED,21,5,1
2026-08-01 21:00:00,General Medicine,General Medicine Ward,120,108,12,0.9,90.0,0,6,-6,RED,21,5,1
2026-08-01 21:00:00,Surgical Ward,Surgical & Post-Op Ward,80,56,24,0.7,70.0,0,1,-1,GREEN,21,5,1
2026-08-01 21:00:00,Pediatrics,Pediatric Ward,40,43,0,1.075,107.5,1,1,0,RED,21,5,1
2026-08-01 22:00:00,Emergency,Emergency Department (ED),50,54,0,1.08,108.0,3,0,3,RED,22,5,1
2026-08-01 22:00:00,ICU,Intensive Care Unit (ICU),30,31,0,1.0333,103.3,0,1,-1,RED,22,5,1
2026-08-01 22:00:00,General Medicine,General Medicine Ward,120,107,13,0.8917,89.2,4,5,-1,AMBER,22,5,1
2026-08-01 22:00:00,Surgical Ward,Surgical & Post-Op Ward,80,55,25,0.6875,68.8,1,2,-1,GREEN,22,5,1
2026-08-01 22:00:00,Pediatrics,Pediatric Ward,40,41,0,1.025,102.5,0,2,-2,RED,22,5,1
2026-08-01 23:00:00,Emergency,Emergency Department (ED),50,54,0,1.08,108.0,2,0,2,RED,23,5,1
2026-08-01 23:00:00,ICU,Intensive Care Unit (ICU),30,32,0,1.0667,106.7,1,0,1,RED,23,5,1
2026-08-01 23:00:00,General Medicine,General Medicine Ward,120,106,14,0.8833,88.3,3,4,-1,AMBER,23,5,1
2026-08-01 23:00:00,Surgical Ward,Surgical & Post-Op Ward,80,52,28,0.65,65.0,0,3,-3,GREEN,23,5,1
2026-08-01 23:00:00,Pediatrics,Pediatric Ward,40,43,0,1.075,107.5,3,0,3,RED,23,5,1
2026-08-02 00:00:00,Emergency,Emergency Department (ED),50,54,0,1.08,108.0,4,3,1,RED,0,6,1
2026-08-02 00:00:00,ICU,Intensive Care Unit (ICU),30,32,0,1.0667,106.7,1,0,1,RED,0,6,1
2026-08-02 00:00:00,General Medicine,General Medicine Ward,120,105,15,0.875,87.5,4,5,-1,AMBER,0,6,1
2026-08-02 00:00:00,Surgical Ward,Surgical & Post-Op Ward,80,52,28,0.65,65.0,0,0,0,GREEN,0,6,1
2026-08-02 00:00:00,Pediatrics,Pediatric Ward,40,42,0,1.05,105.0,0,1,-1,RED,0,6,1
2026-08-02 01:00:00,Emergency,Emergency Department (ED),50,54,0,1.08,108.0,5,1,4,RED,1,6,1
2026-08-02 01:00:00,ICU,Intensive Care Unit (ICU),30,32,0,1.0667,106.7,1,1,0,RED,1,6,1
2026-08-02 01:00:00,General Medicine,General Medicine Ward,120,106,14,0.8833,88.3,1,0,1,AMBER,1,6,1
2026-08-02 01:00:00,Surgical Ward,Surgical & Post-Op Ward,80,52,28,0.65,65.0,0,0,0,GREEN,1,6,1
2026-08-02 01:00:00,Pediatrics,Pediatric Ward,40,43,0,1.075,107.5,2,1,1,RED,1,6,1
2026-08-02 02:00:00,Emergency,Emergency Department (ED),50,54,0,1.08,108.0,3,0,3,RED,2,6,1
2026-08-02 02:00:00,ICU,Intensive Care Unit (ICU),30,32,0,1.0667,106.7,0,0,0,RED,2,6,1
2026-08-02 02:00:00,General Medicine,General Medicine Ward,120,108,12,0.9,90.0,3,1,2,RED,2,6,1
2026-08-02 02:00:00,Surgical Ward,Surgical & Post-Op Ward,80,52,28,0.65,65.0,0,0,0,GREEN,2,6,1
2026-08-02 02:00:00,Pediatrics,Pediatric Ward,40,43,0,1.075,107.5,0,0,0,RED,2,6,1
2026-08-02 03:00:00,Emergency,Emergency Department (ED),50,53,0,1.06,106.0,1,2,-1,RED,3,6,1
2026-08-02 03:00:00,ICU,Intensive Care Unit (ICU),30,32,0,1.0667,106.7,0,0,0,RED,3,6,1
2026-08-02 03:00:00,General Medicine,General Medicine Ward,120,107,13,0.8917,89.2,0,1,-1,AMBER,3,6,1
2026-08-02 03:00:00,Surgical Ward,Surgical & Post-Op Ward,80,52,28,0.65,65.0,0,0,0,GREEN,3,6,1
2026-08-02 03:00:00,Pediatrics,Pediatric Ward,40,43,0,1.075,107.5,1,0,1,RED,3,6,1
2026-08-02 04:00:00,Emergency,Emergency Department (ED),50,54,0,1.08,108.0,1,0,1,RED,4,6,1
2026-08-02 04:00:00,ICU,Intensive Care Unit (ICU),30,32,0,1.0667,106.7,1,0,1,RED,4,6,1
2026-08-02 04:00:00,General Medicine,General Medicine Ward,120,107,13,0.8917,89.2,0,0,0,AMBER,4,6,1
2026-08-02 04:00:00,Surgical Ward,Surgical & Post-Op Ward,80,52,28,0.65,65.0,0,0,0,GREEN,4,6,1
2026-08-02 04:00:00,Pediatrics,Pediatric Ward,40,43,0,1.075,107.5,1,0,1,RED,4,6,1
2026-08-02 05:00:00,Emergency,Emergency Department (ED),50,54,0,1.08,108.0,3,0,3,RED,5,6,1
2026-08-02 05:00:00,ICU,Intensive Care Unit (ICU),30,32,0,1.0667,106.7,0,0,0,RED,5,6,1
2026-08-02 05:00:00,General Medicine,General Medicine Ward,120,107,13,0.8917,89.2,0,0,0,AMBER,5,6,1
2026-08-02 05:00:00,Surgical Ward,Surgical & Post-Op Ward,80,52,28,0.65,65.0,1,1,0,GREEN,5,6,1
2026-08-02 05:00:00,Pediatrics,Pediatric Ward,40,43,0,1.075,107.5,1,0,1,RED,5,6,1
2026-08-02 06:00:00,Emergency,Emergency Department (ED),50,53,0,1.06,106.0,0,1,-1,RED,6,6,1
2026-08-02 06:00:00,ICU,Intensive Care Unit (ICU),30,32,0,1.0667,106.7,0,0,0,RED,6,6,1
2026-08-02 06:00:00,General Medicine,General Medicine Ward,120,104,16,0.8667,86.7,3,6,-3,AMBER,6,6,1
2026-08-02 06:00:00,Surgical Ward,Surgical & Post-Op Ward,80,52,28,0.65,65.0,1,1,0,GREEN,6,6,1
2026-08-02 06:00:00,Pediatrics,Pediatric Ward,40,43,0,1.075,107.5,3,0,3,RED,6,6,1
2026-08-02 07:00:00,Emergency,Emergency Department (ED),50,50,0,1.0,100.0,0,3,-3,RED,7,6,1
2026-08-02 07:00:00,ICU,Intensive Care Unit (ICU),30,32,0,1.0667,106.7,2,1,1,RED,7,6,1
2026-08-02 07:00:00,General Medicine,General Medicine Ward,120,102,18,0.85,85.0,1,3,-2,AMBER,7,6,1
2026-08-02 07:00:00,Surgical Ward,Surgical & Post-Op Ward,80,52,28,0.65,65.0,0,0,0,GREEN,7,6,1
2026-08-02 07:00:00,Pediatrics,Pediatric Ward,40,43,0,1.075,107.5,2,1,1,RED,7,6,1
2026-08-02 08:00:00,Emergency,Emergency Department (ED),50,49,1,0.98,98.0,2,3,-1,RED,8,6,1
2026-08-02 08:00:00,ICU,Intensive Care Unit (ICU),30,32,0,1.0667,106.7,2,0,2,RED,8,6,1
2026-08-02 08:00:00,General Medicine,General Medicine Ward,120,105,15,0.875,87.5,3,0,3,AMBER,8,6,1
2026-08-02 08:00:00,Surgical Ward,Surgical & Post-Op Ward,80,51,29,0.6375,63.7,1,2,-1,GREEN,8,6,1
2026-08-02 08:00:00,Pediatrics,Pediatric Ward,40,43,0,1.075,107.5,1,0,1,RED,8,6,1
2026-08-02 09:00:00,Emergency,Emergency Department (ED),50,47,3,0.94,94.0,2,4,-2,RED,9,6,1
2026-08-02 09:00:00,ICU,Intensive Care Unit (ICU),30,32,0,1.0667,106.7,2,1,1,RED,9,6,1
2026-08-02 09:00:00,General Medicine,General Medicine Ward,120,105,15,0.875,87.5,2,2,0,AMBER,9,6,1
2026-08-02 09:00:00,Surgical Ward,Surgical & Post-Op Ward,80,52,28,0.65,65.0,2,1,1,GREEN,9,6,1
2026-08-02 09:00:00,Pediatrics,Pediatric Ward,40,43,0,1.075,107.5,1,1,0,RED,9,6,1
2026-08-02 10:00:00,Emergency,Emergency Department (ED),50,50,0,1.0,100.0,3,0,3,RED,10,6,1
2026-08-02 10:00:00,ICU,Intensive Care Unit (ICU),30,32,0,1.0667,106.7,1,1,0,RED,10,6,1
2026-08-02 10:00:00,General Medicine,General Medicine Ward,120,102,18,0.85,85.0,0,3,-3,AMBER,10,6,1
2026-08-02 10:00:00,Surgical Ward,Surgical & Post-Op Ward,80,53,27,0.6625,66.2,3,2,1,GREEN,10,6,1
2026-08-02 10:00:00,Pediatrics,Pediatric Ward,40,41,0,1.025,102.5,1,3,-2,RED,10,6,1
2026-08-02 11:00:00,Emergency,Emergency Department (ED),50,50,0,1.0,100.0,3,3,0,RED,11,6,1
2026-08-02 11:00:00,ICU,Intensive Care Unit (ICU),30,32,0,1.0667,106.7,0,0,0,RED,11,6,1
2026-08-02 11:00:00,General Medicine,General Medicine Ward,120,98,22,0.8167,81.7,2,6,-4,AMBER,11,6,1
2026-08-02 11:00:00,Surgical Ward,Surgical & Post-Op Ward,80,53,27,0.6625,66.2,4,4,0,GREEN,11,6,1
2026-08-02 11:00:00,Pediatrics,Pediatric Ward,40,42,0,1.05,105.0,4,3,1,RED,11,6,1
2026-08-02 12:00:00,Emergency,Emergency Department (ED),50,49,1,0.98,98.0,2,3,-1,RED,12,6,1
2026-08-02 12:00:00,ICU,Intensive Care Unit (ICU),30,30,0,1.0,100.0,0,2,-2,RED,12,6,1
2026-08-02 12:00:00,General Medicine,General Medicine Ward,120,95,25,0.7917,79.2,2,5,-3,AMBER,12,6,1
2026-08-02 12:00:00,Surgical Ward,Surgical & Post-Op Ward,80,51,29,0.6375,63.7,1,3,-2,GREEN,12,6,1
2026-08-02 12:00:00,Pediatrics,Pediatric Ward,40,42,0,1.05,105.0,2,2,0,RED,12,6,1
2026-08-02 13:00:00,Emergency,Emergency Department (ED),50,47,3,0.94,94.0,2,4,-2,RED,13,6,1
2026-08-02 13:00:00,ICU,Intensive Care Unit (ICU),30,31,0,1.0333,103.3,2,1,1,RED,13,6,1
2026-08-02 13:00:00,General Medicine,General Medicine Ward,120,94,26,0.7833,78.3,4,5,-1,AMBER,13,6,1
2026-08-02 13:00:00,Surgical Ward,Surgical & Post-Op Ward,80,50,30,0.625,62.5,1,2,-1,GREEN,13,6,1
2026-08-02 13:00:00,Pediatrics,Pediatric Ward,40,38,2,0.95,95.0,0,4,-4,RED,13,6,1
2026-08-02 14:00:00,Emergency,Emergency Department (ED),50,45,5,0.9,90.0,0,2,-2,RED,14,6,1
2026-08-02 14:00:00,ICU,Intensive Care Unit (ICU),30,29,1,0.9667,96.7,0,2,-2,RED,14,6,1
2026-08-02 14:00:00,General Medicine,General Medicine Ward,120,89,31,0.7417,74.2,2,7,-5,GREEN,14,6,1
2026-08-02 14:00:00,Surgical Ward,Surgical & Post-Op Ward,80,48,32,0.6,60.0,0,2,-2,GREEN,14,6,1
2026-08-02 14:00:00,Pediatrics,Pediatric Ward,40,37,3,0.925,92.5,0,1,-1,RED,14,6,1
2026-08-02 15:00:00,Emergency,Emergency Department (ED),50,47,3,0.94,94.0,5,3,2,RED,15,6,1
2026-08-02 15:00:00,ICU,Intensive Care Unit (ICU),30,28,2,0.9333,93.3,0,1,-1,RED,15,6,1
2026-08-02 15:00:00,General Medicine,General Medicine Ward,120,92,28,0.7667,76.7,7,4,3,AMBER,15,6,1
2026-08-02 15:00:00,Surgical Ward,Surgical & Post-Op Ward,80,47,33,0.5875,58.8,1,2,-1,GREEN,15,6,1
2026-08-02 15:00:00,Pediatrics,Pediatric Ward,40,37,3,0.925,92.5,0,0,0,RED,15,6,1
2026-08-02 16:00:00,Emergency,Emergency Department (ED),50,54,0,1.08,108.0,11,3,8,RED,16,6,1
2026-08-02 16:00:00,ICU,Intensive Care Unit (ICU),30,28,2,0.9333,93.3,0,0,0,RED,16,6,1
2026-08-02 16:00:00,General Medicine,General Medicine Ward,120,92,28,0.7667,76.7,2,2,0,AMBER,16,6,1
2026-08-02 16:00:00,Surgical Ward,Surgical & Post-Op Ward,80,46,34,0.575,57.5,0,1,-1,GREEN,16,6,1
2026-08-02 16:00:00,Pediatrics,Pediatric Ward,40,41,0,1.025,102.5,4,0,4,RED,16,6,1
2026-08-02 17:00:00,Emergency,Emergency Department (ED),50,54,0,1.08,108.0,8,1,7,RED,17,6,1
2026-08-02 17:00:00,ICU,Intensive Care Unit (ICU),30,30,0,1.0,100.0,2,0,2,RED,17,6,1
2026-08-02 17:00:00,General Medicine,General Medicine Ward,120,92,28,0.7667,76.7,4,4,0,AMBER,17,6,1
2026-08-02 17:00:00,Surgical Ward,Surgical & Post-Op Ward,80,45,35,0.5625,56.2,2,3,-1,GREEN,17,6,1
2026-08-02 17:00:00,Pediatrics,Pediatric Ward,40,41,0,1.025,102.5,1,1,0,RED,17,6,1
2026-08-02 18:00:00,Emergency,Emergency Department (ED),50,54,0,1.08,108.0,8,2,6,RED,18,6,1
2026-08-02 18:00:00,ICU,Intensive Care Unit (ICU),30,31,0,1.0333,103.3,1,0,1,RED,18,6,1
2026-08-02 18:00:00,General Medicine,General Medicine Ward,120,91,29,0.7583,75.8,3,4,-1,AMBER,18,6,1
2026-08-02 18:00:00,Surgical Ward,Surgical & Post-Op Ward,80,44,36,0.55,55.0,1,2,-1,GREEN,18,6,1
2026-08-02 18:00:00,Pediatrics,Pediatric Ward,40,43,0,1.075,107.5,4,1,3,RED,18,6,1
2026-08-02 19:00:00,Emergency,Emergency Department (ED),50,54,0,1.08,108.0,5,0,5,RED,19,6,1
2026-08-02 19:00:00,ICU,Intensive Care Unit (ICU),30,29,1,0.9667,96.7,0,2,-2,RED,19,6,1
2026-08-02 19:00:00,General Medicine,General Medicine Ward,120,90,30,0.75,75.0,1,2,-1,AMBER,19,6,1
2026-08-02 19:00:00,Surgical Ward,Surgical & Post-Op Ward,80,45,35,0.5625,56.2,2,1,1,GREEN,19,6,1
2026-08-02 19:00:00,Pediatrics,Pediatric Ward,40,43,0,1.075,107.5,1,1,0,RED,19,6,1
2026-08-02 20:00:00,Emergency,Emergency Department (ED),50,53,0,1.06,106.0,2,3,-1,RED,20,6,1
2026-08-02 20:00:00,ICU,Intensive Care Unit (ICU),30,28,2,0.9333,93.3,0,1,-1,RED,20,6,1
2026-08-02 20:00:00,General Medicine,General Medicine Ward,120,91,29,0.7583,75.8,2,1,1,AMBER,20,6,1
2026-08-02 20:00:00,Surgical Ward,Surgical & Post-Op Ward,80,42,38,0.525,52.5,0,3,-3,GREEN,20,6,1
2026-08-02 20:00:00,Pediatrics,Pediatric Ward,40,43,0,1.075,107.5,0,0,0,RED,20,6,1
2026-08-02 21:00:00,Emergency,Emergency Department (ED),50,54,0,1.08,108.0,6,2,4,RED,21,6,1
2026-08-02 21:00:00,ICU,Intensive Care Unit (ICU),30,29,1,0.9667,96.7,1,0,1,RED,21,6,1
2026-08-02 21:00:00,General Medicine,General Medicine Ward,120,87,33,0.725,72.5,1,5,-4,GREEN,21,6,1
2026-08-02 21:00:00,Surgical Ward,Surgical & Post-Op Ward,80,43,37,0.5375,53.8,3,2,1,GREEN,21,6,1
2026-08-02 21:00:00,Pediatrics,Pediatric Ward,40,43,0,1.075,107.5,2,1,1,RED,21,6,1
2026-08-02 22:00:00,Emergency,Emergency Department (ED),50,53,0,1.06,106.0,3,4,-1,RED,22,6,1
2026-08-02 22:00:00,ICU,Intensive Care Unit (ICU),30,29,1,0.9667,96.7,0,0,0,RED,22,6,1
2026-08-02 22:00:00,General Medicine,General Medicine Ward,120,89,31,0.7417,74.2,2,0,2,GREEN,22,6,1
2026-08-02 22:00:00,Surgical Ward,Surgical & Post-Op Ward,80,42,38,0.525,52.5,0,1,-1,GREEN,22,6,1
2026-08-02 22:00:00,Pediatrics,Pediatric Ward,40,43,0,1.075,107.5,3,0,3,RED,22,6,1
2026-08-02 23:00:00,Emergency,Emergency Department (ED),50,54,0,1.08,108.0,6,4,2,RED,23,6,1
2026-08-02 23:00:00,ICU,Intensive Care Unit (ICU),30,29,1,0.9667,96.7,0,0,0,RED,23,6,1
2026-08-02 23:00:00,General Medicine,General Medicine Ward,120,89,31,0.7417,74.2,2,2,0,GREEN,23,6,1
2026-08-02 23:00:00,Surgical Ward,Surgical & Post-Op Ward,80,39,41,0.4875,48.8,1,4,-3,GREEN,23,6,1
2026-08-02 23:00:00,Pediatrics,Pediatric Ward,40,43,0,1.075,107.5,0,0,0,RED,23,6,1
2026-08-03 00:00:00,Emergency,Emergency Department (ED),50,54,0,1.08,108.0,4,4,0,RED,0,0,0
2026-08-03 00:00:00,ICU,Intensive Care Unit (ICU),30,29,1,0.9667,96.7,1,1,0,RED,0,0,0
2026-08-03 00:00:00,General Medicine,General Medicine Ward,120,88,32,0.7333,73.3,3,4,-1,GREEN,0,0,0
2026-08-03 00:00:00,Surgical Ward,Surgical & Post-Op Ward,80,37,43,0.4625,46.2,0,2,-2,GREEN,0,0,0
2026-08-03 00:00:00,Pediatrics,Pediatric Ward,40,43,0,1.075,107.5,2,0,2,RED,0,0,0
2026-08-03 01:00:00,Emergency,Emergency Department (ED),50,54,0,1.08,108.0,6,1,5,RED,1,0,0
2026-08-03 01:00:00,ICU,Intensive Care Unit (ICU),30,29,1,0.9667,96.7,0,0,0,RED,1,0,0
2026-08-03 01:00:00,General Medicine,General Medicine Ward,120,87,33,0.725,72.5,0,1,-1,GREEN,1,0,0
2026-08-03 01:00:00,Surgical Ward,Surgical & Post-Op Ward,80,39,41,0.4875,48.8,2,0,2,GREEN,1,0,0
2026-08-03 01:00:00,Pediatrics,Pediatric Ward,40,42,0,1.05,105.0,0,1,-1,RED,1,0,0
2026-08-03 02:00:00,Emergency,Emergency Department (ED),50,53,0,1.06,106.0,0,1,-1,RED,2,0,0
2026-08-03 02:00:00,ICU,Intensive Care Unit (ICU),30,31,0,1.0333,103.3,2,0,2,RED,2,0,0
2026-08-03 02:00:00,General Medicine,General Medicine Ward,120,88,32,0.7333,73.3,1,0,1,GREEN,2,0,0
2026-08-03 02:00:00,Surgical Ward,Surgical & Post-Op Ward,80,40,40,0.5,50.0,1,0,1,GREEN,2,0,0
2026-08-03 02:00:00,Pediatrics,Pediatric Ward,40,43,0,1.075,107.5,1,0,1,RED,2,0,0
2026-08-03 03:00:00,Emergency,Emergency Department (ED),50,52,0,1.04,104.0,0,1,-1,RED,3,0,0
2026-08-03 03:00:00,ICU,Intensive Care Unit (ICU),30,31,0,1.0333,103.3,0,0,0,RED,3,0,0
2026-08-03 03:00:00,General Medicine,General Medicine Ward,120,88,32,0.7333,73.3,1,1,0,GREEN,3,0,0
2026-08-03 03:00:00,Surgical Ward,Surgical & Post-Op Ward,80,41,39,0.5125,51.2,1,0,1,GREEN,3,0,0
2026-08-03 03:00:00,Pediatrics,Pediatric Ward,40,43,0,1.075,107.5,0,0,0,RED,3,0,0
2026-08-03 04:00:00,Emergency,Emergency Department (ED),50,54,0,1.08,108.0,3,0,3,RED,4,0,0
2026-08-03 04:00:00,ICU,Intensive Care Unit (ICU),30,31,0,1.0333,103.3,0,0,0,RED,4,0,0
2026-08-03 04:00:00,General Medicine,General Medicine Ward,120,88,32,0.7333,73.3,0,0,0,GREEN,4,0,0
2026-08-03 04:00:00,Surgical Ward,Surgical & Post-Op Ward,80,41,39,0.5125,51.2,0,0,0,GREEN,4,0,0
2026-08-03 04:00:00,Pediatrics,Pediatric Ward,40,43,0,1.075,107.5,1,0,1,RED,4,0,0
2026-08-03 05:00:00,Emergency,Emergency Department (ED),50,53,0,1.06,106.0,0,1,-1,RED,5,0,0
2026-08-03 05:00:00,ICU,Intensive Care Unit (ICU),30,31,0,1.0333,103.3,0,0,0,RED,5,0,0
2026-08-03 05:00:00,General Medicine,General Medicine Ward,120,91,29,0.7583,75.8,3,0,3,AMBER,5,0,0
2026-08-03 05:00:00,Surgical Ward,Surgical & Post-Op Ward,80,40,40,0.5,50.0,0,1,-1,GREEN,5,0,0
2026-08-03 05:00:00,Pediatrics,Pediatric Ward,40,43,0,1.075,107.5,0,0,0,RED,5,0,0
2026-08-03 06:00:00,Emergency,Emergency Department (ED),50,53,0,1.06,106.0,1,1,0,RED,6,0,0
2026-08-03 06:00:00,ICU,Intensive Care Unit (ICU),30,31,0,1.0333,103.3,0,0,0,RED,6,0,0
2026-08-03 06:00:00,General Medicine,General Medicine Ward,120,95,25,0.7917,79.2,6,2,4,AMBER,6,0,0
2026-08-03 06:00:00,Surgical Ward,Surgical & Post-Op Ward,80,40,40,0.5,50.0,4,4,0,GREEN,6,0,0
2026-08-03 06:00:00,Pediatrics,Pediatric Ward,40,43,0,1.075,107.5,2,2,0,RED,6,0,0
2026-08-03 07:00:00,Emergency,Emergency Department (ED),50,54,0,1.08,108.0,5,3,2,RED,7,0,0
2026-08-03 07:00:00,ICU,Intensive Care Unit (ICU),30,32,0,1.0667,106.7,1,0,1,RED,7,0,0
2026-08-03 07:00:00,General Medicine,General Medicine Ward,120,95,25,0.7917,79.2,5,5,0,AMBER,7,0,0
2026-08-03 07:00:00,Surgical Ward,Surgical & Post-Op Ward,80,43,37,0.5375,53.8,3,0,3,GREEN,7,0,0
2026-08-03 07:00:00,Pediatrics,Pediatric Ward,40,42,0,1.05,105.0,0,1,-1,RED,7,0,0
2026-08-03 08:00:00,Emergency,Emergency Department (ED),50,54,0,1.08,108.0,4,2,2,RED,8,0,0
2026-08-03 08:00:00,ICU,Intensive Care Unit (ICU),30,32,0,1.0667,106.7,0,0,0,RED,8,0,0
2026-08-03 08:00:00,General Medicine,General Medicine Ward,120,94,26,0.7833,78.3,4,5,-1,AMBER,8,0,0
2026-08-03 08:00:00,Surgical Ward,Surgical & Post-Op Ward,80,41,39,0.5125,51.2,3,5,-2,GREEN,8,0,0
2026-08-03 08:00:00,Pediatrics,Pediatric Ward,40,42,0,1.05,105.0,2,2,0,RED,8,0,0
2026-08-03 09:00:00,Emergency,Emergency Department (ED),50,53,0,1.06,106.0,0,1,-1,RED,9,0,0
2026-08-03 09:00:00,ICU,Intensive Care Unit (ICU),30,32,0,1.0667,106.7,1,1,0,RED,9,0,0
2026-08-03 09:00:00,General Medicine,General Medicine Ward,120,93,27,0.775,77.5,3,4,-1,AMBER,9,0,0
2026-08-03 09:00:00,Surgical Ward,Surgical & Post-Op Ward,80,42,38,0.525,52.5,7,6,1,GREEN,9,0,0
2026-08-03 09:00:00,Pediatrics,Pediatric Ward,40,41,0,1.025,102.5,0,1,-1,RED,9,0,0
2026-08-03 10:00:00,Emergency,Emergency Department (ED),50,54,0,1.08,108.0,5,2,3,RED,10,0,0
2026-08-03 10:00:00,ICU,Intensive Care Unit (ICU),30,32,0,1.0667,106.7,0,0,0,RED,10,0,0
2026-08-03 10:00:00,General Medicine,General Medicine Ward,120,91,29,0.7583,75.8,1,3,-2,AMBER,10,0,0
2026-08-03 10:00:00,Surgical Ward,Surgical & Post-Op Ward,80,49,31,0.6125,61.3,7,0,7,GREEN,10,0,0
2026-08-03 10:00:00,Pediatrics,Pediatric Ward,40,40,0,1.0,100.0,0,1,-1,RED,10,0,0
2026-08-03 11:00:00,Emergency,Emergency Department (ED),50,54,0,1.08,108.0,5,0,5,RED,11,0,0
2026-08-03 11:00:00,ICU,Intensive Care Unit (ICU),30,32,0,1.0667,106.7,0,0,0,RED,11,0,0
2026-08-03 11:00:00,General Medicine,General Medicine Ward,120,89,31,0.7417,74.2,4,6,-2,GREEN,11,0,0
2026-08-03 11:00:00,Surgical Ward,Surgical & Post-Op Ward,80,48,32,0.6,60.0,4,5,-1,GREEN,11,0,0
2026-08-03 11:00:00,Pediatrics,Pediatric Ward,40,38,2,0.95,95.0,1,3,-2,RED,11,0,0
2026-08-03 12:00:00,Emergency,Emergency Department (ED),50,54,0,1.08,108.0,4,4,0,RED,12,0,0
2026-08-03 12:00:00,ICU,Intensive Care Unit (ICU),30,32,0,1.0667,106.7,0,0,0,RED,12,0,0
2026-08-03 12:00:00,General Medicine,General Medicine Ward,120,91,29,0.7583,75.8,5,3,2,AMBER,12,0,0
2026-08-03 12:00:00,Surgical Ward,Surgical & Post-Op Ward,80,46,34,0.575,57.5,4,6,-2,GREEN,12,0,0
2026-08-03 12:00:00,Pediatrics,Pediatric Ward,40,37,3,0.925,92.5,2,3,-1,RED,12,0,0
2026-08-03 13:00:00,Emergency,Emergency Department (ED),50,53,0,1.06,106.0,6,7,-1,RED,13,0,0
2026-08-03 13:00:00,ICU,Intensive Care Unit (ICU),30,32,0,1.0667,106.7,1,1,0,RED,13,0,0
2026-08-03 13:00:00,General Medicine,General Medicine Ward,120,90,30,0.75,75.0,7,8,-1,AMBER,13,0,0
2026-08-03 13:00:00,Surgical Ward,Surgical & Post-Op Ward,80,46,34,0.575,57.5,2,2,0,GREEN,13,0,0
2026-08-03 13:00:00,Pediatrics,Pediatric Ward,40,35,5,0.875,87.5,1,3,-2,AMBER,13,0,0
2026-08-03 14:00:00,Emergency,Emergency Department (ED),50,52,0,1.04,104.0,1,2,-1,RED,14,0,0
2026-08-03 14:00:00,ICU,Intensive Care Unit (ICU),30,32,0,1.0667,106.7,0,0,0,RED,14,0,0
2026-08-03 14:00:00,General Medicine,General Medicine Ward,120,84,36,0.7,70.0,2,8,-6,GREEN,14,0,0
2026-08-03 14:00:00,Surgical Ward,Surgical & Post-Op Ward,80,47,33,0.5875,58.8,4,3,1,GREEN,14,0,0
2026-08-03 14:00:00,Pediatrics,Pediatric Ward,40,37,3,0.925,92.5,2,0,2,RED,14,0,0
2026-08-03 15:00:00,Emergency,Emergency Department (ED),50,54,0,1.08,108.0,3,0,3,RED,15,0,0
2026-08-03 15:00:00,ICU,Intensive Care Unit (ICU),30,32,0,1.0667,106.7,1,0,1,RED,15,0,0
2026-08-03 15:00:00,General Medicine,General Medicine Ward,120,83,37,0.6917,69.2,5,6,-1,GREEN,15,0,0
2026-08-03 15:00:00,Surgical Ward,Surgical & Post-Op Ward,80,48,32,0.6,60.0,3,2,1,GREEN,15,0,0
2026-08-03 15:00:00,Pediatrics,Pediatric Ward,40,37,3,0.925,92.5,1,1,0,RED,15,0,0
2026-08-03 16:00:00,Emergency,Emergency Department (ED),50,54,0,1.08,108.0,3,1,2,RED,16,0,0
2026-08-03 16:00:00,ICU,Intensive Care Unit (ICU),30,32,0,1.0667,106.7,1,0,1,RED,16,0,0
2026-08-03 16:00:00,General Medicine,General Medicine Ward,120,79,41,0.6583,65.8,5,9,-4,GREEN,16,0,0
2026-08-03 16:00:00,Surgical Ward,Surgical & Post-Op Ward,80,44,36,0.55,55.0,1,5,-4,GREEN,16,0,0
2026-08-03 16:00:00,Pediatrics,Pediatric Ward,40,39,1,0.975,97.5,3,1,2,RED,16,0,0
2026-08-03 17:00:00,Emergency,Emergency Department (ED),50,54,0,1.08,108.0,6,0,6,RED,17,0,0
2026-08-03 17:00:00,ICU,Intensive Care Unit (ICU),30,32,0,1.0667,106.7,1,0,1,RED,17,0,0
2026-08-03 17:00:00,General Medicine,General Medicine Ward,120,85,35,0.7083,70.8,7,1,6,GREEN,17,0,0
2026-08-03 17:00:00,Surgical Ward,Surgical & Post-Op Ward,80,43,37,0.5375,53.8,2,3,-1,GREEN,17,0,0
2026-08-03 17:00:00,Pediatrics,Pediatric Ward,40,40,0,1.0,100.0,3,2,1,RED,17,0,0
2026-08-03 18:00:00,Emergency,Emergency Department (ED),50,54,0,1.08,108.0,4,0,4,RED,18,0,0
2026-08-03 18:00:00,ICU,Intensive Care Unit (ICU),30,32,0,1.0667,106.7,1,0,1,RED,18,0,0
2026-08-03 18:00:00,General Medicine,General Medicine Ward,120,87,33,0.725,72.5,9,7,2,GREEN,18,0,0
2026-08-03 18:00:00,Surgical Ward,Surgical & Post-Op Ward,80,44,36,0.55,55.0,2,1,1,GREEN,18,0,0
2026-08-03 18:00:00,Pediatrics,Pediatric Ward,40,41,0,1.025,102.5,2,1,1,RED,18,0,0
2026-08-03 19:00:00,Emergency,Emergency Department (ED),50,49,1,0.98,98.0,0,5,-5,RED,19,0,0
2026-08-03 19:00:00,ICU,Intensive Care Unit (ICU),30,31,0,1.0333,103.3,1,2,-1,RED,19,0,0
2026-08-03 19:00:00,General Medicine,General Medicine Ward,120,87,33,0.725,72.5,4,4,0,GREEN,19,0,0
2026-08-03 19:00:00,Surgical Ward,Surgical & Post-Op Ward,80,42,38,0.525,52.5,2,4,-2,GREEN,19,0,0
2026-08-03 19:00:00,Pediatrics,Pediatric Ward,40,43,0,1.075,107.5,3,1,2,RED,19,0,0
2026-08-03 20:00:00,Emergency,Emergency Department (ED),50,52,0,1.04,104.0,4,1,3,RED,20,0,0
2026-08-03 20:00:00,ICU,Intensive Care Unit (ICU),30,30,0,1.0,100.0,0,1,-1,RED,20,0,0
2026-08-03 20:00:00,General Medicine,General Medicine Ward,120,92,28,0.7667,76.7,8,3,5,AMBER,20,0,0
2026-08-03 20:00:00,Surgical Ward,Surgical & Post-Op Ward,80,43,37,0.5375,53.8,4,3,1,GREEN,20,0,0
2026-08-03 20:00:00,Pediatrics,Pediatric Ward,40,43,0,1.075,107.5,0,0,0,RED,20,0,0
2026-08-03 21:00:00,Emergency,Emergency Department (ED),50,49,1,0.98,98.0,3,6,-3,RED,21,0,0
2026-08-03 21:00:00,ICU,Intensive Care Unit (ICU),30,31,0,1.0333,103.3,1,0,1,RED,21,0,0
2026-08-03 21:00:00,General Medicine,General Medicine Ward,120,92,28,0.7667,76.7,3,3,0,AMBER,21,0,0
2026-08-03 21:00:00,Surgical Ward,Surgical & Post-Op Ward,80,45,35,0.5625,56.2,3,1,2,GREEN,21,0,0
2026-08-03 21:00:00,Pediatrics,Pediatric Ward,40,42,0,1.05,105.0,1,2,-1,RED,21,0,0
2026-08-03 22:00:00,Emergency,Emergency Department (ED),50,54,0,1.08,108.0,6,0,6,RED,22,0,0
2026-08-03 22:00:00,ICU,Intensive Care Unit (ICU),30,32,0,1.0667,106.7,1,0,1,RED,22,0,0
2026-08-03 22:00:00,General Medicine,General Medicine Ward,120,88,32,0.7333,73.3,3,7,-4,GREEN,22,0,0
2026-08-03 22:00:00,Surgical Ward,Surgical & Post-Op Ward,80,47,33,0.5875,58.8,3,1,2,GREEN,22,0,0
2026-08-03 22:00:00,Pediatrics,Pediatric Ward,40,42,0,1.05,105.0,0,0,0,RED,22,0,0
2026-08-03 23:00:00,Emergency,Emergency Department (ED),50,54,0,1.08,108.0,7,1,6,RED,23,0,0
2026-08-03 23:00:00,ICU,Intensive Care Unit (ICU),30,32,0,1.0667,106.7,1,0,1,RED,23,0,0
2026-08-03 23:00:00,General Medicine,General Medicine Ward,120,89,31,0.7417,74.2,4,3,1,GREEN,23,0,0
2026-08-03 23:00:00,Surgical Ward,Surgical & Post-Op Ward,80,47,33,0.5875,58.8,2,2,0,GREEN,23,0,0
2026-08-03 23:00:00,Pediatrics,Pediatric Ward,40,42,0,1.05,105.0,2,2,0,RED,23,0,0
2026-08-04 00:00:00,Emergency,Emergency Department (ED),50,50,0,1.0,100.0,2,6,-4,RED,0,1,0
2026-08-04 00:00:00,ICU,Intensive Care Unit (ICU),30,32,0,1.0667,106.7,2,1,1,RED,0,1,0
2026-08-04 00:00:00,General Medicine,General Medicine Ward,120,92,28,0.7667,76.7,3,0,3,AMBER,0,1,0
2026-08-04 00:00:00,Surgical Ward,Surgical & Post-Op Ward,80,46,34,0.575,57.5,0,1,-1,GREEN,0,1,0
2026-08-04 00:00:00,Pediatrics,Pediatric Ward,40,41,0,1.025,102.5,0,1,-1,RED,0,1,0
2026-08-04 01:00:00,Emergency,Emergency Department (ED),50,52,0,1.04,104.0,7,5,2,RED,1,1,0
2026-08-04 01:00:00,ICU,Intensive Care Unit (ICU),30,32,0,1.0667,106.7,0,0,0,RED,1,1,0
2026-08-04 01:00:00,General Medicine,General Medicine Ward,120,92,28,0.7667,76.7,1,1,0,AMBER,1,1,0
2026-08-04 01:00:00,Surgical Ward,Surgical & Post-Op Ward,80,47,33,0.5875,58.8,2,1,1,GREEN,1,1,0
2026-08-04 01:00:00,Pediatrics,Pediatric Ward,40,41,0,1.025,102.5,0,0,0,RED,1,1,0
2026-08-04 02:00:00,Emergency,Emergency Department (ED),50,53,0,1.06,106.0,1,0,1,RED,2,1,0
2026-08-04 02:00:00,ICU,Intensive Care Unit (ICU),30,31,0,1.0333,103.3,0,1,-1,RED,2,1,0
2026-08-04 02:00:00,General Medicine,General Medicine Ward,120,92,28,0.7667,76.7,0,0,0,AMBER,2,1,0
2026-08-04 02:00:00,Surgical Ward,Surgical & Post-Op Ward,80,47,33,0.5875,58.8,1,1,0,GREEN,2,1,0
2026-08-04 02:00:00,Pediatrics,Pediatric Ward,40,41,0,1.025,102.5,0,0,0,RED,2,1,0
2026-08-04 03:00:00,Emergency,Emergency Department (ED),50,54,0,1.08,108.0,1,0,1,RED,3,1,0
2026-08-04 03:00:00,ICU,Intensive Care Unit (ICU),30,31,0,1.0333,103.3,0,0,0,RED,3,1,0
2026-08-04 03:00:00,General Medicine,General Medicine Ward,120,94,26,0.7833,78.3,2,0,2,AMBER,3,1,0
2026-08-04 03:00:00,Surgical Ward,Surgical & Post-Op Ward,80,47,33,0.5875,58.8,0,0,0,GREEN,3,1,0
2026-08-04 03:00:00,Pediatrics,Pediatric Ward,40,41,0,1.025,102.5,0,0,0,RED,3,1,0
2026-08-04 04:00:00,Emergency,Emergency Department (ED),50,54,0,1.08,108.0,1,1,0,RED,4,1,0
2026-08-04 04:00:00,ICU,Intensive Care Unit (ICU),30,31,0,1.0333,103.3,0,0,0,RED,4,1,0
2026-08-04 04:00:00,General Medicine,General Medicine Ward,120,94,26,0.7833,78.3,0,0,0,AMBER,4,1,0
2026-08-04 04:00:00,Surgical Ward,Surgical & Post-Op Ward,80,47,33,0.5875,58.8,0,0,0,GREEN,4,1,0
2026-08-04 04:00:00,Pediatrics,Pediatric Ward,40,42,0,1.05,105.0,1,0,1,RED,4,1,0
2026-08-04 05:00:00,Emergency,Emergency Department (ED),50,54,0,1.08,108.0,1,0,1,RED,5,1,0
2026-08-04 05:00:00,ICU,Intensive Care Unit (ICU),30,32,0,1.0667,106.7,1,0,1,RED,5,1,0
2026-08-04 05:00:00,General Medicine,General Medicine Ward,120,96,24,0.8,80.0,2,0,2,AMBER,5,1,0
2026-08-04 05:00:00,Surgical Ward,Surgical & Post-Op Ward,80,48,32,0.6,60.0,1,0,1,GREEN,5,1,0
2026-08-04 05:00:00,Pediatrics,Pediatric Ward,40,42,0,1.05,105.0,0,0,0,RED,5,1,0
2026-08-04 06:00:00,Emergency,Emergency Department (ED),50,54,0,1.08,108.0,1,0,1,RED,6,1,0
2026-08-04 06:00:00,ICU,Intensive Care Unit (ICU),30,32,0,1.0667,106.7,3,0,3,RED,6,1,0
2026-08-04 06:00:00,General Medicine,General Medicine Ward,120,99,21,0.825,82.5,8,5,3,AMBER,6,1,0
2026-08-04 06:00:00,Surgical Ward,Surgical & Post-Op Ward,80,52,28,0.65,65.0,4,0,4,GREEN,6,1,0
2026-08-04 06:00:00,Pediatrics,Pediatric Ward,40,42,0,1.05,105.0,0,0,0,RED,6,1,0
2026-08-04 07:00:00,Emergency,Emergency Department (ED),50,54,0,1.08,108.0,6,2,4,RED,7,1,0
2026-08-04 07:00:00,ICU,Intensive Care Unit (ICU),30,31,0,1.0333,103.3,0,1,-1,RED,7,1,0
2026-08-04 07:00:00,General Medicine,General Medicine Ward,120,100,20,0.8333,83.3,3,2,1,AMBER,7,1,0
2026-08-04 07:00:00,Surgical Ward,Surgical & Post-Op Ward,80,50,30,0.625,62.5,1,3,-2,GREEN,7,1,0
2026-08-04 07:00:00,Pediatrics,Pediatric Ward,40,43,0,1.075,107.5,1,0,1,RED,7,1,0
2026-08-04 08:00:00,Emergency,Emergency Department (ED),50,54,0,1.08,108.0,4,3,1,RED,8,1,0
2026-08-04 08:00:00,ICU,Intensive Care Unit (ICU),30,30,0,1.0,100.0,1,2,-1,RED,8,1,0
2026-08-04 08:00:00,General Medicine,General Medicine Ward,120,105,15,0.875,87.5,7,2,5,AMBER,8,1,0
2026-08-04 08:00:00,Surgical Ward,Surgical & Post-Op Ward,80,50,30,0.625,62.5,4,4,0,GREEN,8,1,0
2026-08-04 08:00:00,Pediatrics,Pediatric Ward,40,43,0,1.075,107.5,1,1,0,RED,8,1,0
2026-08-04 09:00:00,Emergency,Emergency Department (ED),50,54,0,1.08,108.0,4,2,2,RED,9,1,0
2026-08-04 09:00:00,ICU,Intensive Care Unit (ICU),30,30,0,1.0,100.0,1,1,0,RED,9,1,0
2026-08-04 09:00:00,General Medicine,General Medicine Ward,120,108,12,0.9,90.0,3,0,3,RED,9,1,0
2026-08-04 09:00:00,Surgical Ward,Surgical & Post-Op Ward,80,47,33,0.5875,58.8,4,7,-3,GREEN,9,1,0
2026-08-04 09:00:00,Pediatrics,Pediatric Ward,40,40,0,1.0,100.0,0,3,-3,RED,9,1,0
2026-08-04 10:00:00,Emergency,Emergency Department (ED),50,54,0,1.08,108.0,6,2,4,RED,10,1,0
2026-08-04 10:00:00,ICU,Intensive Care Unit (ICU),30,32,0,1.0667,106.7,2,0,2,RED,10,1,0
2026-08-04 10:00:00,General Medicine,General Medicine Ward,120,104,16,0.8667,86.7,6,10,-4,AMBER,10,1,0
2026-08-04 10:00:00,Surgical Ward,Surgical & Post-Op Ward,80,46,34,0.575,57.5,4,5,-1,GREEN,10,1,0
2026-08-04 10:00:00,Pediatrics,Pediatric Ward,40,41,0,1.025,102.5,2,1,1,RED,10,1,0
2026-08-04 11:00:00,Emergency,Emergency Department (ED),50,51,0,1.02,102.0,1,4,-3,RED,11,1,0
2026-08-04 11:00:00,ICU,Intensive Care Unit (ICU),30,31,0,1.0333,103.3,0,1,-1,RED,11,1,0
2026-08-04 11:00:00,General Medicine,General Medicine Ward,120,101,19,0.8417,84.2,3,6,-3,AMBER,11,1,0
2026-08-04 11:00:00,Surgical Ward,Surgical & Post-Op Ward,80,47,33,0.5875,58.8,5,4,1,GREEN,11,1,0
2026-08-04 11:00:00,Pediatrics,Pediatric Ward,40,43,0,1.075,107.5,3,0,3,RED,11,1,0
2026-08-04 12:00:00,Emergency,Emergency Department (ED),50,48,2,0.96,96.0,2,5,-3,RED,12,1,0
2026-08-04 12:00:00,ICU,Intensive Care Unit (ICU),30,29,1,0.9667,96.7,0,2,-2,RED,12,1,0
2026-08-04 12:00:00,General Medicine,General Medicine Ward,120,103,17,0.8583,85.8,5,3,2,AMBER,12,1,0
2026-08-04 12:00:00,Surgical Ward,Surgical & Post-Op Ward,80,48,32,0.6,60.0,2,1,1,GREEN,12,1,0
2026-08-04 12:00:00,Pediatrics,Pediatric Ward,40,43,0,1.075,107.5,0,0,0,RED,12,1,0
2026-08-04 13:00:00,Emergency,Emergency Department (ED),50,44,6,0.88,88.0,1,5,-4,AMBER,13,1,0
2026-08-04 13:00:00,ICU,Intensive Care Unit (ICU),30,27,3,0.9,90.0,1,3,-2,RED,13,1,0
2026-08-04 13:00:00,General Medicine,General Medicine Ward,120,103,17,0.8583,85.8,4,4,0,AMBER,13,1,0
2026-08-04 13:00:00,Surgical Ward,Surgical & Post-Op Ward,80,47,33,0.5875,58.8,3,4,-1,GREEN,13,1,0
2026-08-04 13:00:00,Pediatrics,Pediatric Ward,40,43,0,1.075,107.5,2,0,2,RED,13,1,0
2026-08-04 14:00:00,Emergency,Emergency Department (ED),50,46,4,0.92,92.0,4,2,2,RED,14,1,0
2026-08-04 14:00:00,ICU,Intensive Care Unit (ICU),30,26,4,0.8667,86.7,0,1,-1,AMBER,14,1,0
2026-08-04 14:00:00,General Medicine,General Medicine Ward,120,96,24,0.8,80.0,1,8,-7,AMBER,14,1,0
2026-08-04 14:00:00,Surgical Ward,Surgical & Post-Op Ward,80,46,34,0.575,57.5,3,4,-1,GREEN,14,1,0
2026-08-04 14:00:00,Pediatrics,Pediatric Ward,40,43,0,1.075,107.5,1,1,0,RED,14,1,0
2026-08-04 15:00:00,Emergency,Emergency Department (ED),50,49,1,0.98,98.0,3,0,3,RED,15,1,0
2026-08-04 15:00:00,ICU,Intensive Care Unit (ICU),30,27,3,0.9,90.0,1,0,1,RED,15,1,0
2026-08-04 15:00:00,General Medicine,General Medicine Ward,120,99,21,0.825,82.5,6,3,3,AMBER,15,1,0
2026-08-04 15:00:00,Surgical Ward,Surgical & Post-Op Ward,80,51,29,0.6375,63.7,6,1,5,GREEN,15,1,0
2026-08-04 15:00:00,Pediatrics,Pediatric Ward,40,43,0,1.075,107.5,1,0,1,RED,15,1,0
2026-08-04 16:00:00,Emergency,Emergency Department (ED),50,52,0,1.04,104.0,6,3,3,RED,16,1,0
2026-08-04 16:00:00,ICU,Intensive Care Unit (ICU),30,27,3,0.9,90.0,0,0,0,RED,16,1,0
2026-08-04 16:00:00,General Medicine,General Medicine Ward,120,99,21,0.825,82.5,4,4,0,AMBER,16,1,0
2026-08-04 16:00:00,Surgical Ward,Surgical & Post-Op Ward,80,49,31,0.6125,61.3,0,2,-2,GREEN,16,1,0
2026-08-04 16:00:00,Pediatrics,Pediatric Ward,40,43,0,1.075,107.5,3,2,1,RED,16,1,0
2026-08-04 17:00:00,Emergency,Emergency Department (ED),50,54,0,1.08,108.0,6,0,6,RED,17,1,0
2026-08-04 17:00:00,ICU,Intensive Care Unit (ICU),30,27,3,0.9,90.0,0,0,0,RED,17,1,0
2026-08-04 17:00:00,General Medicine,General Medicine Ward,120,104,16,0.8667,86.7,8,3,5,AMBER,17,1,0
2026-08-04 17:00:00,Surgical Ward,Surgical & Post-Op Ward,80,48,32,0.6,60.0,2,3,-1,GREEN,17,1,0
2026-08-04 17:00:00,Pediatrics,Pediatric Ward,40,43,0,1.075,107.5,0,0,0,RED,17,1,0
2026-08-04 18:00:00,Emergency,Emergency Department (ED),50,54,0,1.08,108.0,4,2,2,RED,18,1,0
2026-08-04 18:00:00,ICU,Intensive Care Unit (ICU),30,27,3,0.9,90.0,1,1,0,RED,18,1,0
2026-08-04 18:00:00,General Medicine,General Medicine Ward,120,106,14,0.8833,88.3,2,0,2,AMBER,18,1,0
2026-08-04 18:00:00,Surgical Ward,Surgical & Post-Op Ward,80,50,30,0.625,62.5,4,2,2,GREEN,18,1,0
2026-08-04 18:00:00,Pediatrics,Pediatric Ward,40,43,0,1.075,107.5,0,0,0,RED,18,1,0
2026-08-04 19:00:00,Emergency,Emergency Department (ED),50,54,0,1.08,108.0,4,1,3,RED,19,1,0
2026-08-04 19:00:00,ICU,Intensive Care Unit (ICU),30,28,2,0.9333,93.3,1,0,1,RED,19,1,0
2026-08-04 19:00:00,General Medicine,General Medicine Ward,120,109,11,0.9083,90.8,5,2,3,RED,19,1,0
2026-08-04 19:00:00,Surgical Ward,Surgical & Post-Op Ward,80,54,26,0.675,67.5,4,0,4,GREEN,19,1,0
2026-08-04 19:00:00,Pediatrics,Pediatric Ward,40,42,0,1.05,105.0,0,1,-1,RED,19,1,0
2026-08-04 20:00:00,Emergency,Emergency Department (ED),50,54,0,1.08,108.0,2,0,2,RED,20,1,0
2026-08-04 20:00:00,ICU,Intensive Care Unit (ICU),30,28,2,0.9333,93.3,0,0,0,RED,20,1,0
2026-08-04 20:00:00,General Medicine,General Medicine Ward,120,114,6,0.95,95.0,6,1,5,RED,20,1,0
2026-08-04 20:00:00,Surgical Ward,Surgical & Post-Op Ward,80,53,27,0.6625,66.2,0,1,-1,GREEN,20,1,0
2026-08-04 20:00:00,Pediatrics,Pediatric Ward,40,42,0,1.05,105.0,1,1,0,RED,20,1,0
2026-08-04 21:00:00,Emergency,Emergency Department (ED),50,54,0,1.08,108.0,5,1,4,RED,21,1,0
2026-08-04 21:00:00,ICU,Intensive Care Unit (ICU),30,27,3,0.9,90.0,0,1,-1,RED,21,1,0
2026-08-04 21:00:00,General Medicine,General Medicine Ward,120,116,4,0.9667,96.7,6,4,2,RED,21,1,0
2026-08-04 21:00:00,Surgical Ward,Surgical & Post-Op Ward,80,52,28,0.65,65.0,2,3,-1,GREEN,21,1,0
2026-08-04 21:00:00,Pediatrics,Pediatric Ward,40,42,0,1.05,105.0,1,1,0,RED,21,1,0
2026-08-04 22:00:00,Emergency,Emergency Department (ED),50,54,0,1.08,108.0,5,1,4,RED,22,1,0
2026-08-04 22:00:00,ICU,Intensive Care Unit (ICU),30,29,1,0.9667,96.7,2,0,2,RED,22,1,0
2026-08-04 22:00:00,General Medicine,General Medicine Ward,120,114,6,0.95,95.0,1,3,-2,RED,22,1,0
2026-08-04 22:00:00,Surgical Ward,Surgical & Post-Op Ward,80,50,30,0.625,62.5,0,2,-2,GREEN,22,1,0
2026-08-04 22:00:00,Pediatrics,Pediatric Ward,40,42,0,1.05,105.0,0,0,0,RED,22,1,0
2026-08-04 23:00:00,Emergency,Emergency Department (ED),50,54,0,1.08,108.0,6,2,4,RED,23,1,0
2026-08-04 23:00:00,ICU,Intensive Care Unit (ICU),30,27,3,0.9,90.0,0,2,-2,RED,23,1,0
2026-08-04 23:00:00,General Medicine,General Medicine Ward,120,118,2,0.9833,98.3,4,0,4,RED,23,1,0
2026-08-04 23:00:00,Surgical Ward,Surgical & Post-Op Ward,80,51,29,0.6375,63.7,4,3,1,GREEN,23,1,0
2026-08-04 23:00:00,Pediatrics,Pediatric Ward,40,43,0,1.075,107.5,2,1,1,RED,23,1,0
2026-08-05 00:00:00,Emergency,Emergency Department (ED),50,53,0,1.06,106.0,4,5,-1,RED,0,2,0
2026-08-05 00:00:00,ICU,Intensive Care Unit (ICU),30,27,3,0.9,90.0,0,0,0,RED,0,2,0
2026-08-05 00:00:00,General Medicine,General Medicine Ward,120,119,1,0.9917,99.2,5,4,1,RED,0,2,0
2026-08-05 00:00:00,Surgical Ward,Surgical & Post-Op Ward,80,52,28,0.65,65.0,1,0,1,GREEN,0,2,0
2026-08-05 00:00:00,Pediatrics,Pediatric Ward,40,43,0,1.075,107.5,2,1,1,RED,0,2,0
2026-08-05 01:00:00,Emergency,Emergency Department (ED),50,53,0,1.06,106.0,1,1,0,RED,1,2,0
2026-08-05 01:00:00,ICU,Intensive Care Unit (ICU),30,28,2,0.9333,93.3,1,0,1,RED,1,2,0
2026-08-05 01:00:00,General Medicine,General Medicine Ward,120,120,0,1.0,100.0,1,0,1,RED,1,2,0
2026-08-05 01:00:00,Surgical Ward,Surgical & Post-Op Ward,80,54,26,0.675,67.5,2,0,2,GREEN,1,2,0
2026-08-05 01:00:00,Pediatrics,Pediatric Ward,40,43,0,1.075,107.5,3,0,3,RED,1,2,0
2026-08-05 02:00:00,Emergency,Emergency Department (ED),50,54,0,1.08,108.0,3,1,2,RED,2,2,0
2026-08-05 02:00:00,ICU,Intensive Care Unit (ICU),30,27,3,0.9,90.0,0,1,-1,RED,2,2,0
2026-08-05 02:00:00,General Medicine,General Medicine Ward,120,119,1,0.9917,99.2,0,1,-1,RED,2,2,0
2026-08-05 02:00:00,Surgical Ward,Surgical & Post-Op Ward,80,55,25,0.6875,68.8,1,0,1,GREEN,2,2,0
2026-08-05 02:00:00,Pediatrics,Pediatric Ward,40,43,0,1.075,107.5,0,0,0,RED,2,2,0
2026-08-05 03:00:00,Emergency,Emergency Department (ED),50,54,0,1.08,108.0,2,1,1,RED,3,2,0
2026-08-05 03:00:00,ICU,Intensive Care Unit (ICU),30,28,2,0.9333,93.3,1,0,1,RED,3,2,0
2026-08-05 03:00:00,General Medicine,General Medicine Ward,120,122,0,1.0167,101.7,4,1,3,RED,3,2,0
2026-08-05 03:00:00,Surgical Ward,Surgical & Post-Op Ward,80,55,25,0.6875,68.8,0,0,0,GREEN,3,2,0
2026-08-05 03:00:00,Pediatrics,Pediatric Ward,40,43,0,1.075,107.5,0,0,0,RED,3,2,0
2026-08-05 04:00:00,Emergency,Emergency Department (ED),50,54,0,1.08,108.0,1,0,1,RED,4,2,0
2026-08-05 04:00:00,ICU,Intensive Care Unit (ICU),30,29,1,0.9667,96.7,1,0,1,RED,4,2,0
2026-08-05 04:00:00,General Medicine,General Medicine Ward,120,122,0,1.0167,101.7,0,0,0,RED,4,2,0
2026-08-05 04:00:00,Surgical Ward,Surgical & Post-Op Ward,80,54,26,0.675,67.5,0,1,-1,GREEN,4,2,0
2026-08-05 04:00:00,Pediatrics,Pediatric Ward,40,43,0,1.075,107.5,1,0,1,RED,4,2,0
2026-08-05 05:00:00,Emergency,Emergency Department (ED),50,54,0,1.08,108.0,1,0,1,RED,5,2,0
2026-08-05 05:00:00,ICU,Intensive Care Unit (ICU),30,29,1,0.9667,96.7,0,0,0,RED,5,2,0
2026-08-05 05:00:00,General Medicine,General Medicine Ward,120,122,0,1.0167,101.7,1,1,0,RED,5,2,0
2026-08-05 05:00:00,Surgical Ward,Surgical & Post-Op Ward,80,58,22,0.725,72.5,5,1,4,GREEN,5,2,0
2026-08-05 05:00:00,Pediatrics,Pediatric Ward,40,43,0,1.075,107.5,1,0,1,RED,5,2,0
2026-08-05 06:00:00,Emergency,Emergency Department (ED),50,54,0,1.08,108.0,1,0,1,RED,6,2,0
2026-08-05 06:00:00,ICU,Intensive Care Unit (ICU),30,30,0,1.0,100.0,1,0,1,RED,6,2,0
2026-08-05 06:00:00,General Medicine,General Medicine Ward,120,124,0,1.0333,103.3,6,4,2,RED,6,2,0
2026-08-05 06:00:00,Surgical Ward,Surgical & Post-Op Ward,80,58,22,0.725,72.5,1,1,0,GREEN,6,2,0
2026-08-05 06:00:00,Pediatrics,Pediatric Ward,40,43,0,1.075,107.5,2,0,2,RED,6,2,0
2026-08-05 07:00:00,Emergency,Emergency Department (ED),50,54,0,1.08,108.0,7,1,6,RED,7,2,0
2026-08-05 07:00:00,ICU,Intensive Care Unit (ICU),30,30,0,1.0,100.0,1,1,0,RED,7,2,0
2026-08-05 07:00:00,General Medicine,General Medicine Ward,120,129,0,1.075,107.5,7,1,6,RED,7,2,0
2026-08-05 07:00:00,Surgical Ward,Surgical & Post-Op Ward,80,56,24,0.7,70.0,0,2,-2,GREEN,7,2,0
2026-08-05 07:00:00,Pediatrics,Pediatric Ward,40,43,0,1.075,107.5,0,0,0,RED,7,2,0
2026-08-05 08:00:00,Emergency,Emergency Department (ED),50,53,0,1.06,106.0,4,5,-1,RED,8,2,0
2026-08-05 08:00:00,ICU,Intensive Care Unit (ICU),30,29,1,0.9667,96.7,0,1,-1,RED,8,2,0
2026-08-05 08:00:00,General Medicine,General Medicine Ward,120,127,0,1.0583,105.8,1,3,-2,RED,8,2,0
2026-08-05 08:00:00,Surgical Ward,Surgical & Post-Op Ward,80,65,15,0.8125,81.2,9,0,9,AMBER,8,2,0
2026-08-05 08:00:00,Pediatrics,Pediatric Ward,40,43,0,1.075,107.5,3,0,3,RED,8,2,0
2026-08-05 09:00:00,Emergency,Emergency Department (ED),50,54,0,1.08,108.0,3,1,2,RED,9,2,0
2026-08-05 09:00:00,ICU,Intensive Care Unit (ICU),30,29,1,0.9667,96.7,0,0,0,RED,9,2,0
2026-08-05 09:00:00,General Medicine,General Medicine Ward,120,126,0,1.05,105.0,0,1,-1,RED,9,2,0
2026-08-05 09:00:00,Surgical Ward,Surgical & Post-Op Ward,80,67,13,0.8375,83.8,9,7,2,AMBER,9,2,0
2026-08-05 09:00:00,Pediatrics,Pediatric Ward,40,43,0,1.075,107.5,2,2,0,RED,9,2,0
2026-08-05 10:00:00,Emergency,Emergency Department (ED),50,54,0,1.08,108.0,4,2,2,RED,10,2,0
2026-08-05 10:00:00,ICU,Intensive Care Unit (ICU),30,28,2,0.9333,93.3,1,2,-1,RED,10,2,0
2026-08-05 10:00:00,General Medicine,General Medicine Ward,120,126,0,1.05,105.0,6,6,0,RED,10,2,0
2026-08-05 10:00:00,Surgical Ward,Surgical & Post-Op Ward,80,64,16,0.8,80.0,0,3,-3,AMBER,10,2,0
2026-08-05 10:00:00,Pediatrics,Pediatric Ward,40,42,0,1.05,105.0,1,2,-1,RED,10,2,0
2026-08-05 11:00:00,Emergency,Emergency Department (ED),50,54,0,1.08,108.0,3,0,3,RED,11,2,0
2026-08-05 11:00:00,ICU,Intensive Care Unit (ICU),30,29,1,0.9667,96.7,2,1,1,RED,11,2,0
2026-08-05 11:00:00,General Medicine,General Medicine Ward,120,128,0,1.0667,106.7,3,1,2,RED,11,2,0
2026-08-05 11:00:00,Surgical Ward,Surgical & Post-Op Ward,80,66,14,0.825,82.5,5,3,2,AMBER,11,2,0
2026-08-05 11:00:00,Pediatrics,Pediatric Ward,40,43,0,1.075,107.5,4,1,3,RED,11,2,0
2026-08-05 12:00:00,Emergency,Emergency Department (ED),50,50,0,1.0,100.0,1,5,-4,RED,12,2,0
2026-08-05 12:00:00,ICU,Intensive Care Unit (ICU),30,28,2,0.9333,93.3,0,1,-1,RED,12,2,0
2026-08-05 12:00:00,General Medicine,General Medicine Ward,120,124,0,1.0333,103.3,2,6,-4,RED,12,2,0
2026-08-05 12:00:00,Surgical Ward,Surgical & Post-Op Ward,80,69,11,0.8625,86.2,6,3,3,AMBER,12,2,0
2026-08-05 12:00:00,Pediatrics,Pediatric Ward,40,43,0,1.075,107.5,1,1,0,RED,12,2,0
2026-08-05 13:00:00,Emergency,Emergency Department (ED),50,50,0,1.0,100.0,2,2,0,RED,13,2,0
2026-08-05 13:00:00,ICU,Intensive Care Unit (ICU),30,29,1,0.9667,96.7,1,0,1,RED,13,2,0
2026-08-05 13:00:00,General Medicine,General Medicine Ward,120,121,0,1.0083,100.8,3,6,-3,RED,13,2,0
2026-08-05 13:00:00,Surgical Ward,Surgical & Post-Op Ward,80,66,14,0.825,82.5,1,4,-3,AMBER,13,2,0
2026-08-05 13:00:00,Pediatrics,Pediatric Ward,40,42,0,1.05,105.0,0,1,-1,RED,13,2,0
2026-08-05 14:00:00,Emergency,Emergency Department (ED),50,52,0,1.04,104.0,5,3,2,RED,14,2,0
2026-08-05 14:00:00,ICU,Intensive Care Unit (ICU),30,31,0,1.0333,103.3,2,0,2,RED,14,2,0
2026-08-05 14:00:00,General Medicine,General Medicine Ward,120,120,0,1.0,100.0,4,5,-1,RED,14,2,0
2026-08-05 14:00:00,Surgical Ward,Surgical & Post-Op Ward,80,67,13,0.8375,83.8,3,2,1,AMBER,14,2,0
2026-08-05 14:00:00,Pediatrics,Pediatric Ward,40,42,0,1.05,105.0,0,0,0,RED,14,2,0
2026-08-05 15:00:00,Emergency,Emergency Department (ED),50,54,0,1.08,108.0,5,1,4,RED,15,2,0
2026-08-05 15:00:00,ICU,Intensive Care Unit (ICU),30,30,0,1.0,100.0,0,1,-1,RED,15,2,0
2026-08-05 15:00:00,General Medicine,General Medicine Ward,120,126,0,1.05,105.0,8,2,6,RED,15,2,0
2026-08-05 15:00:00,Surgical Ward,Surgical & Post-Op Ward,80,66,14,0.825,82.5,2,3,-1,AMBER,15,2,0
2026-08-05 15:00:00,Pediatrics,Pediatric Ward,40,43,0,1.075,107.5,2,0,2,RED,15,2,0
2026-08-05 16:00:00,Emergency,Emergency Department (ED),50,54,0,1.08,108.0,6,3,3,RED,16,2,0
2026-08-05 16:00:00,ICU,Intensive Care Unit (ICU),30,30,0,1.0,100.0,1,1,0,RED,16,2,0
2026-08-05 16:00:00,General Medicine,General Medicine Ward,120,126,0,1.05,105.0,1,1,0,RED,16,2,0
2026-08-05 16:00:00,Surgical Ward,Surgical & Post-Op Ward,80,66,14,0.825,82.5,3,3,0,AMBER,16,2,0
2026-08-05 16:00:00,Pediatrics,Pediatric Ward,40,43,0,1.075,107.5,0,0,0,RED,16,2,0
2026-08-05 17:00:00,Emergency,Emergency Department (ED),50,54,0,1.08,108.0,4,2,2,RED,17,2,0
2026-08-05 17:00:00,ICU,Intensive Care Unit (ICU),30,30,0,1.0,100.0,0,0,0,RED,17,2,0
2026-08-05 17:00:00,General Medicine,General Medicine Ward,120,129,0,1.075,107.5,9,6,3,RED,17,2,0
2026-08-05 17:00:00,Surgical Ward,Surgical & Post-Op Ward,80,68,12,0.85,85.0,4,2,2,AMBER,17,2,0
2026-08-05 17:00:00,Pediatrics,Pediatric Ward,40,42,0,1.05,105.0,0,1,-1,RED,17,2,0
2026-08-05 18:00:00,Emergency,Emergency Department (ED),50,53,0,1.06,106.0,2,3,-1,RED,18,2,0
2026-08-05 18:00:00,ICU,Intensive Care Unit (ICU),30,31,0,1.0333,103.3,1,0,1,RED,18,2,0
2026-08-05 18:00:00,General Medicine,General Medicine Ward,120,126,0,1.05,105.0,1,4,-3,RED,18,2,0
2026-08-05 18:00:00,Surgical Ward,Surgical & Post-Op Ward,80,66,14,0.825,82.5,0,2,-2,AMBER,18,2,0
2026-08-05 18:00:00,Pediatrics,Pediatric Ward,40,42,0,1.05,105.0,0,0,0,RED,18,2,0
2026-08-05 19:00:00,Emergency,Emergency Department (ED),50,52,0,1.04,104.0,4,5,-1,RED,19,2,0
2026-08-05 19:00:00,ICU,Intensive Care Unit (ICU),30,30,0,1.0,100.0,0,1,-1,RED,19,2,0
2026-08-05 19:00:00,General Medicine,General Medicine Ward,120,127,0,1.0583,105.8,2,1,1,RED,19,2,0
2026-08-05 19:00:00,Surgical Ward,Surgical & Post-Op Ward,80,66,14,0.825,82.5,2,2,0,AMBER,19,2,0
2026-08-05 19:00:00,Pediatrics,Pediatric Ward,40,41,0,1.025,102.5,0,1,-1,RED,19,2,0
2026-08-05 20:00:00,Emergency,Emergency Department (ED),50,54,0,1.08,108.0,6,0,6,RED,20,2,0
2026-08-05 20:00:00,ICU,Intensive Care Unit (ICU),30,31,0,1.0333,103.3,2,1,1,RED,20,2,0
2026-08-05 20:00:00,General Medicine,General Medicine Ward,120,125,0,1.0417,104.2,3,5,-2,RED,20,2,0
2026-08-05 20:00:00,Surgical Ward,Surgical & Post-Op Ward,80,69,11,0.8625,86.2,4,1,3,AMBER,20,2,0
2026-08-05 20:00:00,Pediatrics,Pediatric Ward,40,39,1,0.975,97.5,0,2,-2,RED,20,2,0
2026-08-05 21:00:00,Emergency,Emergency Department (ED),50,54,0,1.08,108.0,5,2,3,RED,21,2,0
2026-08-05 21:00:00,ICU,Intensive Care Unit (ICU),30,30,0,1.0,100.0,0,1,-1,RED,21,2,0
2026-08-05 21:00:00,General Medicine,General Medicine Ward,120,124,0,1.0333,103.3,2,3,-1,RED,21,2,0
2026-08-05 21:00:00,Surgical Ward,Surgical & Post-Op Ward,80,66,14,0.825,82.5,1,4,-3,AMBER,21,2,0
2026-08-05 21:00:00,Pediatrics,Pediatric Ward,40,39,1,0.975,97.5,2,2,0,RED,21,2,0
2026-08-05 22:00:00,Emergency,Emergency Department (ED),50,54,0,1.08,108.0,7,0,7,RED,22,2,0
2026-08-05 22:00:00,ICU,Intensive Care Unit (ICU),30,29,1,0.9667,96.7,0,1,-1,RED,22,2,0
2026-08-05 22:00:00,General Medicine,General Medicine Ward,120,129,0,1.075,107.5,7,0,7,RED,22,2,0
2026-08-05 22:00:00,Surgical Ward,Surgical & Post-Op Ward,80,66,14,0.825,82.5,3,3,0,AMBER,22,2,0
2026-08-05 22:00:00,Pediatrics,Pediatric Ward,40,38,2,0.95,95.0,0,1,-1,RED,22,2,0
2026-08-05 23:00:00,Emergency,Emergency Department (ED),50,52,0,1.04,104.0,3,5,-2,RED,23,2,0
2026-08-05 23:00:00,ICU,Intensive Care Unit (ICU),30,30,0,1.0,100.0,2,1,1,RED,23,2,0
2026-08-05 23:00:00,General Medicine,General Medicine Ward,120,129,0,1.075,107.5,5,5,0,RED,23,2,0
2026-08-05 23:00:00,Surgical Ward,Surgical & Post-Op Ward,80,64,16,0.8,80.0,2,4,-2,AMBER,23,2,0
2026-08-05 23:00:00,Pediatrics,Pediatric Ward,40,38,2,0.95,95.0,1,1,0,RED,23,2,0
2026-08-06 00:00:00,Emergency,Emergency Department (ED),50,54,0,1.08,108.0,5,1,4,RED,0,3,0
2026-08-06 00:00:00,ICU,Intensive Care Unit (ICU),30,30,0,1.0,100.0,1,1,0,RED,0,3,0
2026-08-06 00:00:00,General Medicine,General Medicine Ward,120,129,0,1.075,107.5,6,4,2,RED,0,3,0
2026-08-06 00:00:00,Surgical Ward,Surgical & Post-Op Ward,80,64,16,0.8,80.0,0,0,0,AMBER,0,3,0
2026-08-06 00:00:00,Pediatrics,Pediatric Ward,40,37,3,0.925,92.5,1,2,-1,RED,0,3,0
2026-08-06 01:00:00,Emergency,Emergency Department (ED),50,51,0,1.02,102.0,0,3,-3,RED,1,3,0
2026-08-06 01:00:00,ICU,Intensive Care Unit (ICU),30,30,0,1.0,100.0,0,0,0,RED,1,3,0
2026-08-06 01:00:00,General Medicine,General Medicine Ward,120,127,0,1.0583,105.8,0,2,-2,RED,1,3,0
2026-08-06 01:00:00,Surgical Ward,Surgical & Post-Op Ward,80,65,15,0.8125,81.2,1,0,1,AMBER,1,3,0
2026-08-06 01:00:00,Pediatrics,Pediatric Ward,40,40,0,1.0,100.0,3,0,3,RED,1,3,0
2026-08-06 02:00:00,Emergency,Emergency Department (ED),50,52,0,1.04,104.0,1,0,1,RED,2,3,0
2026-08-06 02:00:00,ICU,Intensive Care Unit (ICU),30,30,0,1.0,100.0,1,1,0,RED,2,3,0
2026-08-06 02:00:00,General Medicine,General Medicine Ward,120,128,0,1.0667,106.7,1,0,1,RED,2,3,0
2026-08-06 02:00:00,Surgical Ward,Surgical & Post-Op Ward,80,65,15,0.8125,81.2,0,0,0,AMBER,2,3,0
2026-08-06 02:00:00,Pediatrics,Pediatric Ward,40,41,0,1.025,102.5,1,0,1,RED,2,3,0
2026-08-06 03:00:00,Emergency,Emergency Department (ED),50,53,0,1.06,106.0,1,0,1,RED,3,3,0
2026-08-06 03:00:00,ICU,Intensive Care Unit (ICU),30,30,0,1.0,100.0,0,0,0,RED,3,3,0
2026-08-06 03:00:00,General Medicine,General Medicine Ward,120,128,0,1.0667,106.7,1,1,0,RED,3,3,0
2026-08-06 03:00:00,Surgical Ward,Surgical & Post-Op Ward,80,66,14,0.825,82.5,1,0,1,AMBER,3,3,0
2026-08-06 03:00:00,Pediatrics,Pediatric Ward,40,41,0,1.025,102.5,0,0,0,RED,3,3,0
2026-08-06 04:00:00,Emergency,Emergency Department (ED),50,54,0,1.08,108.0,3,0,3,RED,4,3,0
2026-08-06 04:00:00,ICU,Intensive Care Unit (ICU),30,30,0,1.0,100.0,0,0,0,RED,4,3,0
2026-08-06 04:00:00,General Medicine,General Medicine Ward,120,128,0,1.0667,106.7,0,0,0,RED,4,3,0
2026-08-06 04:00:00,Surgical Ward,Surgical & Post-Op Ward,80,67,13,0.8375,83.8,1,0,1,AMBER,4,3,0
2026-08-06 04:00:00,Pediatrics,Pediatric Ward,40,42,0,1.05,105.0,1,0,1,RED,4,3,0
2026-08-06 05:00:00,Emergency,Emergency Department (ED),50,53,0,1.06,106.0,0,1,-1,RED,5,3,0
2026-08-06 05:00:00,ICU,Intensive Care Unit (ICU),30,30,0,1.0,100.0,0,0,0,RED,5,3,0
2026-08-06 05:00:00,General Medicine,General Medicine Ward,120,129,0,1.075,107.5,1,0,1,RED,5,3,0
2026-08-06 05:00:00,Surgical Ward,Surgical & Post-Op Ward,80,69,11,0.8625,86.2,3,1,2,AMBER,5,3,0
2026-08-06 05:00:00,Pediatrics,Pediatric Ward,40,41,0,1.025,102.5,0,1,-1,RED,5,3,0
2026-08-06 06:00:00,Emergency,Emergency Department (ED),50,51,0,1.02,102.0,0,2,-2,RED,6,3,0
2026-08-06 06:00:00,ICU,Intensive Care Unit (ICU),30,30,0,1.0,100.0,1,1,0,RED,6,3,0
2026-08-06 06:00:00,General Medicine,General Medicine Ward,120,129,0,1.075,107.5,6,4,2,RED,6,3,0
2026-08-06 06:00:00,Surgical Ward,Surgical & Post-Op Ward,80,69,11,0.8625,86.2,0,0,0,AMBER,6,3,0
2026-08-06 06:00:00,Pediatrics,Pediatric Ward,40,41,0,1.025,102.5,0,0,0,RED,6,3,0
2026-08-06 07:00:00,Emergency,Emergency Department (ED),50,54,0,1.08,108.0,4,1,3,RED,7,3,0
2026-08-06 07:00:00,ICU,Intensive Care Unit (ICU),30,30,0,1.0,100.0,0,0,0,RED,7,3,0
2026-08-06 07:00:00,General Medicine,General Medicine Ward,120,129,0,1.075,107.5,6,6,0,RED,7,3,0
2026-08-06 07:00:00,Surgical Ward,Surgical & Post-Op Ward,80,70,10,0.875,87.5,5,4,1,AMBER,7,3,0
2026-08-06 07:00:00,Pediatrics,Pediatric Ward,40,41,0,1.025,102.5,0,0,0,RED,7,3,0
2026-08-06 08:00:00,Emergency,Emergency Department (ED),50,53,0,1.06,106.0,2,3,-1,RED,8,3,0
2026-08-06 08:00:00,ICU,Intensive Care Unit (ICU),30,30,0,1.0,100.0,0,0,0,RED,8,3,0
2026-08-06 08:00:00,General Medicine,General Medicine Ward,120,129,0,1.075,107.5,5,3,2,RED,8,3,0
2026-08-06 08:00:00,Surgical Ward,Surgical & Post-Op Ward,80,72,8,0.9,90.0,3,1,2,RED,8,3,0
2026-08-06 08:00:00,Pediatrics,Pediatric Ward,40,40,0,1.0,100.0,1,2,-1,RED,8,3,0
2026-08-06 09:00:00,Emergency,Emergency Department (ED),50,54,0,1.08,108.0,2,1,1,RED,9,3,0
2026-08-06 09:00:00,ICU,Intensive Care Unit (ICU),30,31,0,1.0333,103.3,1,0,1,RED,9,3,0
2026-08-06 09:00:00,General Medicine,General Medicine Ward,120,128,0,1.0667,106.7,2,3,-1,RED,9,3,0
2026-08-06 09:00:00,Surgical Ward,Surgical & Post-Op Ward,80,70,10,0.875,87.5,1,3,-2,AMBER,9,3,0
2026-08-06 09:00:00,Pediatrics,Pediatric Ward,40,38,2,0.95,95.0,0,2,-2,RED,9,3,0
2026-08-06 10:00:00,Emergency,Emergency Department (ED),50,53,0,1.06,106.0,2,3,-1,RED,10,3,0
2026-08-06 10:00:00,ICU,Intensive Care Unit (ICU),30,32,0,1.0667,106.7,2,1,1,RED,10,3,0
2026-08-06 10:00:00,General Medicine,General Medicine Ward,120,126,0,1.05,105.0,4,6,-2,RED,10,3,0
2026-08-06 10:00:00,Surgical Ward,Surgical & Post-Op Ward,80,74,6,0.925,92.5,8,4,4,RED,10,3,0
2026-08-06 10:00:00,Pediatrics,Pediatric Ward,40,40,0,1.0,100.0,3,1,2,RED,10,3,0
2026-08-06 11:00:00,Emergency,Emergency Department (ED),50,54,0,1.08,108.0,3,2,1,RED,11,3,0
2026-08-06 11:00:00,ICU,Intensive Care Unit (ICU),30,32,0,1.0667,106.7,2,2,0,RED,11,3,0
2026-08-06 11:00:00,General Medicine,General Medicine Ward,120,127,0,1.0583,105.8,5,4,1,RED,11,3,0
2026-08-06 11:00:00,Surgical Ward,Surgical & Post-Op Ward,80,77,3,0.9625,96.2,4,1,3,RED,11,3,0
2026-08-06 11:00:00,Pediatrics,Pediatric Ward,40,40,0,1.0,100.0,0,0,0,RED,11,3,0
2026-08-06 12:00:00,Emergency,Emergency Department (ED),50,54,0,1.08,108.0,4,3,1,RED,12,3,0
2026-08-06 12:00:00,ICU,Intensive Care Unit (ICU),30,32,0,1.0667,106.7,1,0,1,RED,12,3,0
2026-08-06 12:00:00,General Medicine,General Medicine Ward,120,129,0,1.075,107.5,7,3,4,RED,12,3,0
2026-08-06 12:00:00,Surgical Ward,Surgical & Post-Op Ward,80,77,3,0.9625,96.2,1,1,0,RED,12,3,0
2026-08-06 12:00:00,Pediatrics,Pediatric Ward,40,39,1,0.975,97.5,2,3,-1,RED,12,3,0
2026-08-06 13:00:00,Emergency,Emergency Department (ED),50,52,0,1.04,104.0,1,3,-2,RED,13,3,0
2026-08-06 13:00:00,ICU,Intensive Care Unit (ICU),30,31,0,1.0333,103.3,0,1,-1,RED,13,3,0
2026-08-06 13:00:00,General Medicine,General Medicine Ward,120,124,0,1.0333,103.3,4,9,-5,RED,13,3,0
2026-08-06 13:00:00,Surgical Ward,Surgical & Post-Op Ward,80,76,4,0.95,95.0,1,2,-1,RED,13,3,0
2026-08-06 13:00:00,Pediatrics,Pediatric Ward,40,38,2,0.95,95.0,0,1,-1,RED,13,3,0
2026-08-06 14:00:00,Emergency,Emergency Department (ED),50,53,0,1.06,106.0,3,2,1,RED,14,3,0
2026-08-06 14:00:00,ICU,Intensive Care Unit (ICU),30,32,0,1.0667,106.7,1,0,1,RED,14,3,0
2026-08-06 14:00:00,General Medicine,General Medicine Ward,120,115,5,0.9583,95.8,0,9,-9,RED,14,3,0
2026-08-06 14:00:00,Surgical Ward,Surgical & Post-Op Ward,80,74,6,0.925,92.5,3,5,-2,RED,14,3,0
2026-08-06 14:00:00,Pediatrics,Pediatric Ward,40,39,1,0.975,97.5,2,1,1,RED,14,3,0
2026-08-06 15:00:00,Emergency,Emergency Department (ED),50,54,0,1.08,108.0,4,3,1,RED,15,3,0
2026-08-06 15:00:00,ICU,Intensive Care Unit (ICU),30,32,0,1.0667,106.7,1,0,1,RED,15,3,0
2026-08-06 15:00:00,General Medicine,General Medicine Ward,120,116,4,0.9667,96.7,5,4,1,RED,15,3,0
2026-08-06 15:00:00,Surgical Ward,Surgical & Post-Op Ward,80,72,8,0.9,90.0,1,3,-2,RED,15,3,0
2026-08-06 15:00:00,Pediatrics,Pediatric Ward,40,37,3,0.925,92.5,0,2,-2,RED,15,3,0
2026-08-06 16:00:00,Emergency,Emergency Department (ED),50,54,0,1.08,108.0,3,1,2,RED,16,3,0
2026-08-06 16:00:00,ICU,Intensive Care Unit (ICU),30,32,0,1.0667,106.7,1,1,0,RED,16,3,0
2026-08-06 16:00:00,General Medicine,General Medicine Ward,120,116,4,0.9667,96.7,2,2,0,RED,16,3,0
2026-08-06 16:00:00,Surgical Ward,Surgical & Post-Op Ward,80,73,7,0.9125,91.2,2,1,1,RED,16,3,0
2026-08-06 16:00:00,Pediatrics,Pediatric Ward,40,39,1,0.975,97.5,2,0,2,RED,16,3,0
2026-08-06 17:00:00,Emergency,Emergency Department (ED),50,54,0,1.08,108.0,4,3,1,RED,17,3,0
2026-08-06 17:00:00,ICU,Intensive Care Unit (ICU),30,32,0,1.0667,106.7,1,0,1,RED,17,3,0
2026-08-06 17:00:00,General Medicine,General Medicine Ward,120,118,2,0.9833,98.3,6,4,2,RED,17,3,0
2026-08-06 17:00:00,Surgical Ward,Surgical & Post-Op Ward,80,75,5,0.9375,93.8,3,1,2,RED,17,3,0
2026-08-06 17:00:00,Pediatrics,Pediatric Ward,40,38,2,0.95,95.0,1,2,-1,RED,17,3,0
2026-08-06 18:00:00,Emergency,Emergency Department (ED),50,54,0,1.08,108.0,3,2,1,RED,18,3,0
2026-08-06 18:00:00,ICU,Intensive Care Unit (ICU),30,32,0,1.0667,106.7,1,1,0,RED,18,3,0
2026-08-06 18:00:00,General Medicine,General Medicine Ward,120,120,0,1.0,100.0,7,5,2,RED,18,3,0
2026-08-06 18:00:00,Surgical Ward,Surgical & Post-Op Ward,80,76,4,0.95,95.0,2,1,1,RED,18,3,0
2026-08-06 18:00:00,Pediatrics,Pediatric Ward,40,38,2,0.95,95.0,0,0,0,RED,18,3,0
2026-08-06 19:00:00,Emergency,Emergency Department (ED),50,54,0,1.08,108.0,7,2,5,RED,19,3,0
2026-08-06 19:00:00,ICU,Intensive Care Unit (ICU),30,32,0,1.0667,106.7,1,0,1,RED,19,3,0
2026-08-06 19:00:00,General Medicine,General Medicine Ward,120,120,0,1.0,100.0,3,3,0,RED,19,3,0
2026-08-06 19:00:00,Surgical Ward,Surgical & Post-Op Ward,80,77,3,0.9625,96.2,3,2,1,RED,19,3,0
2026-08-06 19:00:00,Pediatrics,Pediatric Ward,40,39,1,0.975,97.5,1,0,1,RED,19,3,0
2026-08-06 20:00:00,Emergency,Emergency Department (ED),50,54,0,1.08,108.0,4,2,2,RED,20,3,0
2026-08-06 20:00:00,ICU,Intensive Care Unit (ICU),30,32,0,1.0667,106.7,1,0,1,RED,20,3,0
2026-08-06 20:00:00,General Medicine,General Medicine Ward,120,120,0,1.0,100.0,4,4,0,RED,20,3,0
2026-08-06 20:00:00,Surgical Ward,Surgical & Post-Op Ward,80,77,3,0.9625,96.2,3,3,0,RED,20,3,0
2026-08-06 20:00:00,Pediatrics,Pediatric Ward,40,38,2,0.95,95.0,1,2,-1,RED,20,3,0
2026-08-06 21:00:00,Emergency,Emergency Department (ED),50,54,0,1.08,108.0,2,0,2,RED,21,3,0
2026-08-06 21:00:00,ICU,Intensive Care Unit (ICU),30,32,0,1.0667,106.7,0,0,0,RED,21,3,0
2026-08-06 21:00:00,General Medicine,General Medicine Ward,120,124,0,1.0333,103.3,5,1,4,RED,21,3,0
2026-08-06 21:00:00,Surgical Ward,Surgical & Post-Op Ward,80,78,2,0.975,97.5,4,3,1,RED,21,3,0
2026-08-06 21:00:00,Pediatrics,Pediatric Ward,40,39,1,0.975,97.5,2,1,1,RED,21,3,0
2026-08-06 22:00:00,Emergency,Emergency Department (ED),50,54,0,1.08,108.0,3,2,1,RED,22,3,0
2026-08-06 22:00:00,ICU,Intensive Care Unit (ICU),30,32,0,1.0667,106.7,1,0,1,RED,22,3,0
2026-08-06 22:00:00,General Medicine,General Medicine Ward,120,127,0,1.0583,105.8,4,1,3,RED,22,3,0
2026-08-06 22:00:00,Surgical Ward,Surgical & Post-Op Ward,80,78,2,0.975,97.5,2,2,0,RED,22,3,0
2026-08-06 22:00:00,Pediatrics,Pediatric Ward,40,41,0,1.025,102.5,2,0,2,RED,22,3,0
2026-08-06 23:00:00,Emergency,Emergency Department (ED),50,54,0,1.08,108.0,5,3,2,RED,23,3,0
2026-08-06 23:00:00,ICU,Intensive Care Unit (ICU),30,32,0,1.0667,106.7,1,1,0,RED,23,3,0
2026-08-06 23:00:00,General Medicine,General Medicine Ward,120,127,0,1.0583,105.8,2,2,0,RED,23,3,0
2026-08-06 23:00:00,Surgical Ward,Surgical & Post-Op Ward,80,82,0,1.025,102.5,4,0,4,RED,23,3,0
2026-08-06 23:00:00,Pediatrics,Pediatric Ward,40,39,1,0.975,97.5,0,2,-2,RED,23,3,0
2026-08-07 00:00:00,Emergency,Emergency Department (ED),50,52,0,1.04,104.0,2,4,-2,RED,0,4,0
2026-08-07 00:00:00,ICU,Intensive Care Unit (ICU),30,32,0,1.0667,106.7,0,0,0,RED,0,4,0
2026-08-07 00:00:00,General Medicine,General Medicine Ward,120,129,0,1.075,107.5,4,2,2,RED,0,4,0
2026-08-07 00:00:00,Surgical Ward,Surgical & Post-Op Ward,80,82,0,1.025,102.5,0,0,0,RED,0,4,0
2026-08-07 00:00:00,Pediatrics,Pediatric Ward,40,38,2,0.95,95.0,0,1,-1,RED,0,4,0
2026-08-07 01:00:00,Emergency,Emergency Department (ED),50,52,0,1.04,104.0,2,2,0,RED,1,4,0
2026-08-07 01:00:00,ICU,Intensive Care Unit (ICU),30,32,0,1.0667,106.7,2,0,2,RED,1,4,0
2026-08-07 01:00:00,General Medicine,General Medicine Ward,120,129,0,1.075,107.5,2,1,1,RED,1,4,0
2026-08-07 01:00:00,Surgical Ward,Surgical & Post-Op Ward,80,82,0,1.025,102.5,0,0,0,RED,1,4,0
2026-08-07 01:00:00,Pediatrics,Pediatric Ward,40,38,2,0.95,95.0,0,0,0,RED,1,4,0
2026-08-07 02:00:00,Emergency,Emergency Department (ED),50,52,0,1.04,104.0,1,1,0,RED,2,4,0
2026-08-07 02:00:00,ICU,Intensive Care Unit (ICU),30,30,0,1.0,100.0,0,2,-2,RED,2,4,0
2026-08-07 02:00:00,General Medicine,General Medicine Ward,120,129,0,1.075,107.5,1,0,1,RED,2,4,0
2026-08-07 02:00:00,Surgical Ward,Surgical & Post-Op Ward,80,83,0,1.0375,103.8,1,0,1,RED,2,4,0
2026-08-07 02:00:00,Pediatrics,Pediatric Ward,40,38,2,0.95,95.0,0,0,0,RED,2,4,0
2026-08-07 03:00:00,Emergency,Emergency Department (ED),50,52,0,1.04,104.0,0,0,0,RED,3,4,0
2026-08-07 03:00:00,ICU,Intensive Care Unit (ICU),30,30,0,1.0,100.0,0,0,0,RED,3,4,0
2026-08-07 03:00:00,General Medicine,General Medicine Ward,120,129,0,1.075,107.5,2,0,2,RED,3,4,0
2026-08-07 03:00:00,Surgical Ward,Surgical & Post-Op Ward,80,82,0,1.025,102.5,0,1,-1,RED,3,4,0
2026-08-07 03:00:00,Pediatrics,Pediatric Ward,40,38,2,0.95,95.0,0,0,0,RED,3,4,0
2026-08-07 04:00:00,Emergency,Emergency Department (ED),50,54,0,1.08,108.0,3,0,3,RED,4,4,0
2026-08-07 04:00:00,ICU,Intensive Care Unit (ICU),30,30,0,1.0,100.0,0,0,0,RED,4,4,0
2026-08-07 04:00:00,General Medicine,General Medicine Ward,120,129,0,1.075,107.5,2,1,1,RED,4,4,0
2026-08-07 04:00:00,Surgical Ward,Surgical & Post-Op Ward,80,82,0,1.025,102.5,0,0,0,RED,4,4,0
2026-08-07 04:00:00,Pediatrics,Pediatric Ward,40,38,2,0.95,95.0,0,0,0,RED,4,4,0
2026-08-07 05:00:00,Emergency,Emergency Department (ED),50,54,0,1.08,108.0,2,0,2,RED,5,4,0
2026-08-07 05:00:00,ICU,Intensive Care Unit (ICU),30,30,0,1.0,100.0,0,0,0,RED,5,4,0
2026-08-07 05:00:00,General Medicine,General Medicine Ward,120,129,0,1.075,107.5,0,0,0,RED,5,4,0
2026-08-07 05:00:00,Surgical Ward,Surgical & Post-Op Ward,80,85,0,1.0625,106.2,4,1,3,RED,5,4,0
2026-08-07 05:00:00,Pediatrics,Pediatric Ward,40,38,2,0.95,95.0,0,0,0,RED,5,4,0
2026-08-07 06:00:00,Emergency,Emergency Department (ED),50,53,0,1.06,106.0,0,1,-1,RED,6,4,0
2026-08-07 06:00:00,ICU,Intensive Care Unit (ICU),30,28,2,0.9333,93.3,0,2,-2,RED,6,4,0
2026-08-07 06:00:00,General Medicine,General Medicine Ward,120,129,0,1.075,107.5,7,1,6,RED,6,4,0
2026-08-07 06:00:00,Surgical Ward,Surgical & Post-Op Ward,80,86,0,1.075,107.5,3,0,3,RED,6,4,0
2026-08-07 06:00:00,Pediatrics,Pediatric Ward,40,37,3,0.925,92.5,1,2,-1,RED,6,4,0
2026-08-07 07:00:00,Emergency,Emergency Department (ED),50,54,0,1.08,108.0,5,1,4,RED,7,4,0
2026-08-07 07:00:00,ICU,Intensive Care Unit (ICU),30,27,3,0.9,90.0,0,1,-1,RED,7,4,0
2026-08-07 07:00:00,General Medicine,General Medicine Ward,120,129,0,1.075,107.5,7,5,2,RED,7,4,0
2026-08-07 07:00:00,Surgical Ward,Surgical & Post-Op Ward,80,86,0,1.075,107.5,2,1,1,RED,7,4,0
2026-08-07 07:00:00,Pediatrics,Pediatric Ward,40,36,4,0.9,90.0,0,1,-1,RED,7,4,0
2026-08-07 08:00:00,Emergency,Emergency Department (ED),50,54,0,1.08,108.0,4,2,2,RED,8,4,0
2026-08-07 08:00:00,ICU,Intensive Care Unit (ICU),30,28,2,0.9333,93.3,1,0,1,RED,8,4,0
2026-08-07 08:00:00,General Medicine,General Medicine Ward,120,129,0,1.075,107.5,6,3,3,RED,8,4,0
2026-08-07 08:00:00,Surgical Ward,Surgical & Post-Op Ward,80,86,0,1.075,107.5,3,1,2,RED,8,4,0
2026-08-07 08:00:00,Pediatrics,Pediatric Ward,40,39,1,0.975,97.5,3,0,3,RED,8,4,0
2026-08-07 09:00:00,Emergency,Emergency Department (ED),50,54,0,1.08,108.0,4,2,2,RED,9,4,0
2026-08-07 09:00:00,ICU,Intensive Care Unit (ICU),30,29,1,0.9667,96.7,1,0,1,RED,9,4,0
2026-08-07 09:00:00,General Medicine,General Medicine Ward,120,129,0,1.075,107.5,7,0,7,RED,9,4,0
2026-08-07 09:00:00,Surgical Ward,Surgical & Post-Op Ward,80,85,0,1.0625,106.2,1,2,-1,RED,9,4,0
2026-08-07 09:00:00,Pediatrics,Pediatric Ward,40,41,0,1.025,102.5,2,0,2,RED,9,4,0
2026-08-07 10:00:00,Emergency,Emergency Department (ED),50,53,0,1.06,106.0,2,3,-1,RED,10,4,0
2026-08-07 10:00:00,ICU,Intensive Care Unit (ICU),30,29,1,0.9667,96.7,2,2,0,RED,10,4,0
2026-08-07 10:00:00,General Medicine,General Medicine Ward,120,129,0,1.075,107.5,6,3,3,RED,10,4,0
2026-08-07 10:00:00,Surgical Ward,Surgical & Post-Op Ward,80,83,0,1.0375,103.8,5,7,-2,RED,10,4,0
2026-08-07 10:00:00,Pediatrics,Pediatric Ward,40,43,0,1.075,107.5,5,3,2,RED,10,4,0
2026-08-07 11:00:00,Emergency,Emergency Department (ED),50,49,1,0.98,98.0,2,6,-4,RED,11,4,0
2026-08-07 11:00:00,ICU,Intensive Care Unit (ICU),30,30,0,1.0,100.0,1,0,1,RED,11,4,0
2026-08-07 11:00:00,General Medicine,General Medicine Ward,120,125,0,1.0417,104.2,1,5,-4,RED,11,4,0
2026-08-07 11:00:00,Surgical Ward,Surgical & Post-Op Ward,80,86,0,1.075,107.5,5,0,5,RED,11,4,0
2026-08-07 11:00:00,Pediatrics,Pediatric Ward,40,42,0,1.05,105.0,3,4,-1,RED,11,4,0
2026-08-07 12:00:00,Emergency,Emergency Department (ED),50,51,0,1.02,102.0,6,4,2,RED,12,4,0
2026-08-07 12:00:00,ICU,Intensive Care Unit (ICU),30,30,0,1.0,100.0,1,1,0,RED,12,4,0
2026-08-07 12:00:00,General Medicine,General Medicine Ward,120,125,0,1.0417,104.2,4,4,0,RED,12,4,0
2026-08-07 12:00:00,Surgical Ward,Surgical & Post-Op Ward,80,86,0,1.075,107.5,5,2,3,RED,12,4,0
2026-08-07 12:00:00,Pediatrics,Pediatric Ward,40,43,0,1.075,107.5,3,0,3,RED,12,4,0
2026-08-07 13:00:00,Emergency,Emergency Department (ED),50,47,3,0.94,94.0,2,6,-4,RED,13,4,0
2026-08-07 13:00:00,ICU,Intensive Care Unit (ICU),30,29,1,0.9667,96.7,0,1,-1,RED,13,4,0
2026-08-07 13:00:00,General Medicine,General Medicine Ward,120,126,0,1.05,105.0,6,5,1,RED,13,4,0
2026-08-07 13:00:00,Surgical Ward,Surgical & Post-Op Ward,80,86,0,1.075,107.5,4,3,1,RED,13,4,0
2026-08-07 13:00:00,Pediatrics,Pediatric Ward,40,43,0,1.075,107.5,2,0,2,RED,13,4,0
2026-08-07 14:00:00,Emergency,Emergency Department (ED),50,51,0,1.02,102.0,5,1,4,RED,14,4,0
2026-08-07 14:00:00,ICU,Intensive Care Unit (ICU),30,30,0,1.0,100.0,2,1,1,RED,14,4,0
2026-08-07 14:00:00,General Medicine,General Medicine Ward,120,129,0,1.075,107.5,8,4,4,RED,14,4,0
2026-08-07 14:00:00,Surgical Ward,Surgical & Post-Op Ward,80,86,0,1.075,107.5,4,2,2,RED,14,4,0
2026-08-07 14:00:00,Pediatrics,Pediatric Ward,40,43,0,1.075,107.5,2,2,0,RED,14,4,0
2026-08-07 15:00:00,Emergency,Emergency Department (ED),50,54,0,1.08,108.0,4,0,4,RED,15,4,0
2026-08-07 15:00:00,ICU,Intensive Care Unit (ICU),30,30,0,1.0,100.0,0,0,0,RED,15,4,0
2026-08-07 15:00:00,General Medicine,General Medicine Ward,120,125,0,1.0417,104.2,1,5,-4,RED,15,4,0
2026-08-07 15:00:00,Surgical Ward,Surgical & Post-Op Ward,80,86,0,1.075,107.5,5,4,1,RED,15,4,0
2026-08-07 15:00:00,Pediatrics,Pediatric Ward,40,42,0,1.05,105.0,0,1,-1,RED,15,4,0
2026-08-07 16:00:00,Emergency,Emergency Department (ED),50,54,0,1.08,108.0,3,2,1,RED,16,4,0
2026-08-07 16:00:00,ICU,Intensive Care Unit (ICU),30,29,1,0.9667,96.7,0,1,-1,RED,16,4,0
2026-08-07 16:00:00,General Medicine,General Medicine Ward,120,129,0,1.075,107.5,5,0,5,RED,16,4,0
2026-08-07 16:00:00,Surgical Ward,Surgical & Post-Op Ward,80,85,0,1.0625,106.2,0,1,-1,RED,16,4,0
2026-08-07 16:00:00,Pediatrics,Pediatric Ward,40,43,0,1.075,107.5,5,0,5,RED,16,4,0
2026-08-07 17:00:00,Emergency,Emergency Department (ED),50,54,0,1.08,108.0,3,3,0,RED,17,4,0
2026-08-07 17:00:00,ICU,Intensive Care Unit (ICU),30,30,0,1.0,100.0,1,0,1,RED,17,4,0
2026-08-07 17:00:00,General Medicine,General Medicine Ward,120,129,0,1.075,107.5,6,5,1,RED,17,4,0
2026-08-07 17:00:00,Surgical Ward,Surgical & Post-Op Ward,80,86,0,1.075,107.5,5,0,5,RED,17,4,0
2026-08-07 17:00:00,Pediatrics,Pediatric Ward,40,43,0,1.075,107.5,2,2,0,RED,17,4,0
2026-08-07 18:00:00,Emergency,Emergency Department (ED),50,54,0,1.08,108.0,6,4,2,RED,18,4,0
2026-08-07 18:00:00,ICU,Intensive Care Unit (ICU),30,31,0,1.0333,103.3,1,0,1,RED,18,4,0
2026-08-07 18:00:00,General Medicine,General Medicine Ward,120,127,0,1.0583,105.8,3,5,-2,RED,18,4,0
2026-08-07 18:00:00,Surgical Ward,Surgical & Post-Op Ward,80,86,0,1.075,107.5,2,1,1,RED,18,4,0
2026-08-07 18:00:00,Pediatrics,Pediatric Ward,40,43,0,1.075,107.5,3,2,1,RED,18,4,0
2026-08-07 19:00:00,Emergency,Emergency Department (ED),50,54,0,1.08,108.0,5,4,1,RED,19,4,0
2026-08-07 19:00:00,ICU,Intensive Care Unit (ICU),30,30,0,1.0,100.0,0,1,-1,RED,19,4,0
2026-08-07 19:00:00,General Medicine,General Medicine Ward,120,127,0,1.0583,105.8,2,2,0,RED,19,4,0
2026-08-07 19:00:00,Surgical Ward,Surgical & Post-Op Ward,80,86,0,1.075,107.5,3,0,3,RED,19,4,0
2026-08-07 19:00:00,Pediatrics,Pediatric Ward,40,43,0,1.075,107.5,4,1,3,RED,19,4,0
2026-08-07 20:00:00,Emergency,Emergency Department (ED),50,54,0,1.08,108.0,4,4,0,RED,20,4,0
2026-08-07 20:00:00,ICU,Intensive Care Unit (ICU),30,29,1,0.9667,96.7,0,1,-1,RED,20,4,0
2026-08-07 20:00:00,General Medicine,General Medicine Ward,120,129,0,1.075,107.5,7,4,3,RED,20,4,0
2026-08-07 20:00:00,Surgical Ward,Surgical & Post-Op Ward,80,86,0,1.075,107.5,2,2,0,RED,20,4,0
2026-08-07 20:00:00,Pediatrics,Pediatric Ward,40,43,0,1.075,107.5,5,3,2,RED,20,4,0
2026-08-07 21:00:00,Emergency,Emergency Department (ED),50,51,0,1.02,102.0,0,3,-3,RED,21,4,0
2026-08-07 21:00:00,ICU,Intensive Care Unit (ICU),30,29,1,0.9667,96.7,0,0,0,RED,21,4,0
2026-08-07 21:00:00,General Medicine,General Medicine Ward,120,127,0,1.0583,105.8,0,2,-2,RED,21,4,0
2026-08-07 21:00:00,Surgical Ward,Surgical & Post-Op Ward,80,86,0,1.075,107.5,4,1,3,RED,21,4,0
2026-08-07 21:00:00,Pediatrics,Pediatric Ward,40,40,0,1.0,100.0,1,4,-3,RED,21,4,0
2026-08-07 22:00:00,Emergency,Emergency Department (ED),50,54,0,1.08,108.0,6,2,4,RED,22,4,0
2026-08-07 22:00:00,ICU,Intensive Care Unit (ICU),30,29,1,0.9667,96.7,0,0,0,RED,22,4,0
2026-08-07 22:00:00,General Medicine,General Medicine Ward,120,128,0,1.0667,106.7,8,7,1,RED,22,4,0
2026-08-07 22:00:00,Surgical Ward,Surgical & Post-Op Ward,80,86,0,1.075,107.5,3,2,1,RED,22,4,0
2026-08-07 22:00:00,Pediatrics,Pediatric Ward,40,39,1,0.975,97.5,0,1,-1,RED,22,4,0
2026-08-07 23:00:00,Emergency,Emergency Department (ED),50,54,0,1.08,108.0,5,2,3,RED,23,4,0
2026-08-07 23:00:00,ICU,Intensive Care Unit (ICU),30,29,1,0.9667,96.7,1,1,0,RED,23,4,0
2026-08-07 23:00:00,General Medicine,General Medicine Ward,120,129,0,1.075,107.5,3,1,2,RED,23,4,0
2026-08-07 23:00:00,Surgical Ward,Surgical & Post-Op Ward,80,85,0,1.0625,106.2,0,1,-1,RED,23,4,0
2026-08-07 23:00:00,Pediatrics,Pediatric Ward,40,39,1,0.975,97.5,0,0,0,RED,23,4,0
2026-08-08 00:00:00,Emergency,Emergency Department (ED),50,54,0,1.08,108.0,6,1,5,RED,0,5,1
2026-08-08 00:00:00,ICU,Intensive Care Unit (ICU),30,29,1,0.9667,96.7,0,0,0,RED,0,5,1
2026-08-08 00:00:00,General Medicine,General Medicine Ward,120,127,0,1.0583,105.8,1,3,-2,RED,0,5,1
2026-08-08 00:00:00,Surgical Ward,Surgical & Post-Op Ward,80,85,0,1.0625,106.2,0,0,0,RED,0,5,1
2026-08-08 00:00:00,Pediatrics,Pediatric Ward,40,41,0,1.025,102.5,2,0,2,RED,0,5,1
2026-08-08 01:00:00,Emergency,Emergency Department (ED),50,54,0,1.08,108.0,3,2,1,RED,1,5,1
2026-08-08 01:00:00,ICU,Intensive Care Unit (ICU),30,29,1,0.9667,96.7,1,1,0,RED,1,5,1
2026-08-08 01:00:00,General Medicine,General Medicine Ward,120,128,0,1.0667,106.7,1,0,1,RED,1,5,1
2026-08-08 01:00:00,Surgical Ward,Surgical & Post-Op Ward,80,85,0,1.0625,106.2,0,0,0,RED,1,5,1
2026-08-08 01:00:00,Pediatrics,Pediatric Ward,40,40,0,1.0,100.0,1,2,-1,RED,1,5,1
2026-08-08 02:00:00,Emergency,Emergency Department (ED),50,54,0,1.08,108.0,2,0,2,RED,2,5,1
2026-08-08 02:00:00,ICU,Intensive Care Unit (ICU),30,29,1,0.9667,96.7,0,0,0,RED,2,5,1
2026-08-08 02:00:00,General Medicine,General Medicine Ward,120,129,0,1.075,107.5,1,0,1,RED,2,5,1
2026-08-08 02:00:00,Surgical Ward,Surgical & Post-Op Ward,80,85,0,1.0625,106.2,0,0,0,RED,2,5,1
2026-08-08 02:00:00,Pediatrics,Pediatric Ward,40,40,0,1.0,100.0,0,0,0,RED,2,5,1
2026-08-08 03:00:00,Emergency,Emergency Department (ED),50,54,0,1.08,108.0,1,0,1,RED,3,5,1
2026-08-08 03:00:00,ICU,Intensive Care Unit (ICU),30,30,0,1.0,100.0,1,0,1,RED,3,5,1
2026-08-08 03:00:00,General Medicine,General Medicine Ward,120,129,0,1.075,107.5,4,0,4,RED,3,5,1
2026-08-08 03:00:00,Surgical Ward,Surgical & Post-Op Ward,80,85,0,1.0625,106.2,0,0,0,RED,3,5,1
2026-08-08 03:00:00,Pediatrics,Pediatric Ward,40,41,0,1.025,102.5,1,0,1,RED,3,5,1
2026-08-08 04:00:00,Emergency,Emergency Department (ED),50,54,0,1.08,108.0,1,0,1,RED,4,5,1
2026-08-08 04:00:00,ICU,Intensive Care Unit (ICU),30,30,0,1.0,100.0,0,0,0,RED,4,5,1
2026-08-08 04:00:00,General Medicine,General Medicine Ward,120,129,0,1.075,107.5,1,1,0,RED,4,5,1
2026-08-08 04:00:00,Surgical Ward,Surgical & Post-Op Ward,80,85,0,1.0625,106.2,0,0,0,RED,4,5,1
2026-08-08 04:00:00,Pediatrics,Pediatric Ward,40,41,0,1.025,102.5,0,0,0,RED,4,5,1
2026-08-08 05:00:00,Emergency,Emergency Department (ED),50,54,0,1.08,108.0,0,0,0,RED,5,5,1
2026-08-08 05:00:00,ICU,Intensive Care Unit (ICU),30,30,0,1.0,100.0,0,0,0,RED,5,5,1
2026-08-08 05:00:00,General Medicine,General Medicine Ward,120,129,0,1.075,107.5,1,1,0,RED,5,5,1
2026-08-08 05:00:00,Surgical Ward,Surgical & Post-Op Ward,80,86,0,1.075,107.5,1,0,1,RED,5,5,1
2026-08-08 05:00:00,Pediatrics,Pediatric Ward,40,41,0,1.025,102.5,0,0,0,RED,5,5,1
2026-08-08 06:00:00,Emergency,Emergency Department (ED),50,54,0,1.08,108.0,1,0,1,RED,6,5,1
2026-08-08 06:00:00,ICU,Intensive Care Unit (ICU),30,30,0,1.0,100.0,0,0,0,RED,6,5,1
2026-08-08 06:00:00,General Medicine,General Medicine Ward,120,129,0,1.075,107.5,4,3,1,RED,6,5,1
2026-08-08 06:00:00,Surgical Ward,Surgical & Post-Op Ward,80,86,0,1.075,107.5,2,0,2,RED,6,5,1
2026-08-08 06:00:00,Pediatrics,Pediatric Ward,40,42,0,1.05,105.0,2,1,1,RED,6,5,1
2026-08-08 07:00:00,Emergency,Emergency Department (ED),50,54,0,1.08,108.0,4,3,1,RED,7,5,1
2026-08-08 07:00:00,ICU,Intensive Care Unit (ICU),30,29,1,0.9667,96.7,0,1,-1,RED,7,5,1
2026-08-08 07:00:00,General Medicine,General Medicine Ward,120,129,0,1.075,107.5,4,3,1,RED,7,5,1
2026-08-08 07:00:00,Surgical Ward,Surgical & Post-Op Ward,80,85,0,1.0625,106.2,0,1,-1,RED,7,5,1
2026-08-08 07:00:00,Pediatrics,Pediatric Ward,40,43,0,1.075,107.5,3,0,3,RED,7,5,1
2026-08-08 08:00:00,Emergency,Emergency Department (ED),50,54,0,1.08,108.0,1,1,0,RED,8,5,1
2026-08-08 08:00:00,ICU,Intensive Care Unit (ICU),30,28,2,0.9333,93.3,0,1,-1,RED,8,5,1
2026-08-08 08:00:00,General Medicine,General Medicine Ward,120,129,0,1.075,107.5,6,3,3,RED,8,5,1
2026-08-08 08:00:00,Surgical Ward,Surgical & Post-Op Ward,80,85,0,1.0625,106.2,2,2,0,RED,8,5,1
2026-08-08 08:00:00,Pediatrics,Pediatric Ward,40,43,0,1.075,107.5,0,0,0,RED,8,5,1
2026-08-08 09:00:00,Emergency,Emergency Department (ED),50,54,0,1.08,108.0,4,1,3,RED,9,5,1
2026-08-08 09:00:00,ICU,Intensive Care Unit (ICU),30,28,2,0.9333,93.3,0,0,0,RED,9,5,1
2026-08-08 09:00:00,General Medicine,General Medicine Ward,120,125,0,1.0417,104.2,1,5,-4,RED,9,5,1
2026-08-08 09:00:00,Surgical Ward,Surgical & Post-Op Ward,80,86,0,1.075,107.5,2,1,1,RED,9,5,1
2026-08-08 09:00:00,Pediatrics,Pediatric Ward,40,43,0,1.075,107.5,3,1,2,RED,9,5,1
2026-08-08 10:00:00,Emergency,Emergency Department (ED),50,54,0,1.08,108.0,3,3,0,RED,10,5,1
2026-08-08 10:00:00,ICU,Intensive Care Unit (ICU),30,28,2,0.9333,93.3,0,0,0,RED,10,5,1
2026-08-08 10:00:00,General Medicine,General Medicine Ward,120,126,0,1.05,105.0,3,2,1,RED,10,5,1
2026-08-08 10:00:00,Surgical Ward,Surgical & Post-Op Ward,80,82,0,1.025,102.5,0,4,-4,RED,10,5,1
2026-08-08 10:00:00,Pediatrics,Pediatric Ward,40,43,0,1.075,107.5,2,0,2,RED,10,5,1
2026-08-08 11:00:00,Emergency,Emergency Department (ED),50,54,0,1.08,108.0,3,0,3,RED,11,5,1
2026-08-08 11:00:00,ICU,Intensive Care Unit (ICU),30,30,0,1.0,100.0,2,0,2,RED,11,5,1
2026-08-08 11:00:00,General Medicine,General Medicine Ward,120,123,0,1.025,102.5,3,6,-3,RED,11,5,1
2026-08-08 11:00:00,Surgical Ward,Surgical & Post-Op Ward,80,80,0,1.0,100.0,3,5,-2,RED,11,5,1
2026-08-08 11:00:00,Pediatrics,Pediatric Ward,40,43,0,1.075,107.5,2,2,0,RED,11,5,1
2026-08-08 12:00:00,Emergency,Emergency Department (ED),50,52,0,1.04,104.0,3,5,-2,RED,12,5,1
2026-08-08 12:00:00,ICU,Intensive Care Unit (ICU),30,32,0,1.0667,106.7,2,0,2,RED,12,5,1
2026-08-08 12:00:00,General Medicine,General Medicine Ward,120,119,1,0.9917,99.2,3,7,-4,RED,12,5,1
2026-08-08 12:00:00,Surgical Ward,Surgical & Post-Op Ward,80,77,3,0.9625,96.2,2,5,-3,RED,12,5,1
2026-08-08 12:00:00,Pediatrics,Pediatric Ward,40,43,0,1.075,107.5,2,1,1,RED,12,5,1
2026-08-08 13:00:00,Emergency,Emergency Department (ED),50,49,1,0.98,98.0,2,5,-3,RED,13,5,1
2026-08-08 13:00:00,ICU,Intensive Care Unit (ICU),30,32,0,1.0667,106.7,0,0,0,RED,13,5,1
2026-08-08 13:00:00,General Medicine,General Medicine Ward,120,116,4,0.9667,96.7,3,6,-3,RED,13,5,1
2026-08-08 13:00:00,Surgical Ward,Surgical & Post-Op Ward,80,73,7,0.9125,91.2,0,4,-4,RED,13,5,1
2026-08-08 13:00:00,Pediatrics,Pediatric Ward,40,42,0,1.05,105.0,3,4,-1,RED,13,5,1
2026-08-08 14:00:00,Emergency,Emergency Department (ED),50,49,1,0.98,98.0,4,4,0,RED,14,5,1
2026-08-08 14:00:00,ICU,Intensive Care Unit (ICU),30,32,0,1.0667,106.7,0,0,0,RED,14,5,1
2026-08-08 14:00:00,General Medicine,General Medicine Ward,120,110,10,0.9167,91.7,5,11,-6,RED,14,5,1
2026-08-08 14:00:00,Surgical Ward,Surgical & Post-Op Ward,80,70,10,0.875,87.5,1,4,-3,AMBER,14,5,1
2026-08-08 14:00:00,Pediatrics,Pediatric Ward,40,41,0,1.025,102.5,0,1,-1,RED,14,5,1
2026-08-08 15:00:00,Emergency,Emergency Department (ED),50,54,0,1.08,108.0,8,2,6,RED,15,5,1
2026-08-08 15:00:00,ICU,Intensive Care Unit (ICU),30,32,0,1.0667,106.7,2,1,1,RED,15,5,1
2026-08-08 15:00:00,General Medicine,General Medicine Ward,120,111,9,0.925,92.5,4,3,1,RED,15,5,1
2026-08-08 15:00:00,Surgical Ward,Surgical & Post-Op Ward,80,68,12,0.85,85.0,1,3,-2,AMBER,15,5,1
2026-08-08 15:00:00,Pediatrics,Pediatric Ward,40,38,2,0.95,95.0,0,3,-3,RED,15,5,1
2026-08-08 16:00:00,Emergency,Emergency Department (ED),50,54,0,1.08,108.0,6,2,4,RED,16,5,1
2026-08-08 16:00:00,ICU,Intensive Care Unit (ICU),30,32,0,1.0667,106.7,0,0,0,RED,16,5,1
2026-08-08 16:00:00,General Medicine,General Medicine Ward,120,114,6,0.95,95.0,7,4,3,RED,16,5,1
2026-08-08 16:00:00,Surgical Ward,Surgical & Post-Op Ward,80,68,12,0.85,85.0,2,2,0,AMBER,16,5,1
2026-08-08 16:00:00,Pediatrics,Pediatric Ward,40,39,1,0.975,97.5,2,1,1,RED,16,5,1
2026-08-08 17:00:00,Emergency,Emergency Department (ED),50,54,0,1.08,108.0,3,2,1,RED,17,5,1
2026-08-08 17:00:00,ICU,Intensive Care Unit (ICU),30,32,0,1.0667,106.7,2,0,2,RED,17,5,1
2026-08-08 17:00:00,General Medicine,General Medicine Ward,120,119,1,0.9917,99.2,6,1,5,RED,17,5,1
2026-08-08 17:00:00,Surgical Ward,Surgical & Post-Op Ward,80,66,14,0.825,82.5,0,2,-2,AMBER,17,5,1
2026-08-08 17:00:00,Pediatrics,Pediatric Ward,40,43,0,1.075,107.5,5,1,4,RED,17,5,1
2026-08-08 18:00:00,Emergency,Emergency Department (ED),50,51,0,1.02,102.0,3,6,-3,RED,18,5,1
2026-08-08 18:00:00,ICU,Intensive Care Unit (ICU),30,32,0,1.0667,106.7,1,0,1,RED,18,5,1
2026-08-08 18:00:00,General Medicine,General Medicine Ward,120,123,0,1.025,102.5,4,0,4,RED,18,5,1
2026-08-08 18:00:00,Surgical Ward,Surgical & Post-Op Ward,80,65,15,0.8125,81.2,1,2,-1,AMBER,18,5,1
2026-08-08 18:00:00,Pediatrics,Pediatric Ward,40,43,0,1.075,107.5,3,0,3,RED,18,5,1
2026-08-08 19:00:00,Emergency,Emergency Department (ED),50,54,0,1.08,108.0,5,2,3,RED,19,5,1
2026-08-08 19:00:00,ICU,Intensive Care Unit (ICU),30,31,0,1.0333,103.3,0,1,-1,RED,19,5,1
2026-08-08 19:00:00,General Medicine,General Medicine Ward,120,125,0,1.0417,104.2,7,5,2,RED,19,5,1
2026-08-08 19:00:00,Surgical Ward,Surgical & Post-Op Ward,80,66,14,0.825,82.5,1,0,1,AMBER,19,5,1
2026-08-08 19:00:00,Pediatrics,Pediatric Ward,40,41,0,1.025,102.5,1,3,-2,RED,19,5,1
2026-08-08 20:00:00,Emergency,Emergency Department (ED),50,54,0,1.08,108.0,6,2,4,RED,20,5,1
2026-08-08 20:00:00,ICU,Intensive Care Unit (ICU),30,32,0,1.0667,106.7,2,1,1,RED,20,5,1
2026-08-08 20:00:00,General Medicine,General Medicine Ward,120,126,0,1.05,105.0,4,3,1,RED,20,5,1
2026-08-08 20:00:00,Surgical Ward,Surgical & Post-Op Ward,80,63,17,0.7875,78.8,1,4,-3,AMBER,20,5,1
2026-08-08 20:00:00,Pediatrics,Pediatric Ward,40,42,0,1.05,105.0,1,0,1,RED,20,5,1
2026-08-08 21:00:00,Emergency,Emergency Department (ED),50,54,0,1.08,108.0,5,0,5,RED,21,5,1
2026-08-08 21:00:00,ICU,Intensive Care Unit (ICU),30,32,0,1.0667,106.7,0,0,0,RED,21,5,1
2026-08-08 21:00:00,General Medicine,General Medicine Ward,120,122,0,1.0167,101.7,2,6,-4,RED,21,5,1
2026-08-08 21:00:00,Surgical Ward,Surgical & Post-Op Ward,80,64,16,0.8,80.0,1,0,1,AMBER,21,5,1
2026-08-08 21:00:00,Pediatrics,Pediatric Ward,40,42,0,1.05,105.0,2,2,0,RED,21,5,1
2026-08-08 22:00:00,Emergency,Emergency Department (ED),50,54,0,1.08,108.0,6,3,3,RED,22,5,1
2026-08-08 22:00:00,ICU,Intensive Care Unit (ICU),30,32,0,1.0667,106.7,0,0,0,RED,22,5,1
2026-08-08 22:00:00,General Medicine,General Medicine Ward,120,123,0,1.025,102.5,6,5,1,RED,22,5,1
2026-08-08 22:00:00,Surgical Ward,Surgical & Post-Op Ward,80,62,18,0.775,77.5,0,2,-2,AMBER,22,5,1
2026-08-08 22:00:00,Pediatrics,Pediatric Ward,40,41,0,1.025,102.5,0,1,-1,RED,22,5,1
2026-08-08 23:00:00,Emergency,Emergency Department (ED),50,54,0,1.08,108.0,3,2,1,RED,23,5,1
2026-08-08 23:00:00,ICU,Intensive Care Unit (ICU),30,32,0,1.0667,106.7,1,0,1,RED,23,5,1
2026-08-08 23:00:00,General Medicine,General Medicine Ward,120,127,0,1.0583,105.8,6,2,4,RED,23,5,1
2026-08-08 23:00:00,Surgical Ward,Surgical & Post-Op Ward,80,59,21,0.7375,73.8,0,3,-3,GREEN,23,5,1
2026-08-08 23:00:00,Pediatrics,Pediatric Ward,40,41,0,1.025,102.5,1,1,0,RED,23,5,1
2026-08-09 00:00:00,Emergency,Emergency Department (ED),50,54,0,1.08,108.0,6,4,2,RED,0,6,1
2026-08-09 00:00:00,ICU,Intensive Care Unit (ICU),30,32,0,1.0667,106.7,2,1,1,RED,0,6,1
2026-08-09 00:00:00,General Medicine,General Medicine Ward,120,125,0,1.0417,104.2,0,2,-2,RED,0,6,1
2026-08-09 00:00:00,Surgical Ward,Surgical & Post-Op Ward,80,59,21,0.7375,73.8,1,1,0,GREEN,0,6,1
2026-08-09 00:00:00,Pediatrics,Pediatric Ward,40,41,0,1.025,102.5,0,0,0,RED,0,6,1
2026-08-09 01:00:00,Emergency,Emergency Department (ED),50,54,0,1.08,108.0,4,1,3,RED,1,6,1
2026-08-09 01:00:00,ICU,Intensive Care Unit (ICU),30,32,0,1.0667,106.7,0,0,0,RED,1,6,1
2026-08-09 01:00:00,General Medicine,General Medicine Ward,120,124,0,1.0333,103.3,0,1,-1,RED,1,6,1
2026-08-09 01:00:00,Surgical Ward,Surgical & Post-Op Ward,80,58,22,0.725,72.5,0,1,-1,GREEN,1,6,1
2026-08-09 01:00:00,Pediatrics,Pediatric Ward,40,43,0,1.075,107.5,3,1,2,RED,1,6,1
2026-08-09 02:00:00,Emergency,Emergency Department (ED),50,54,0,1.08,108.0,2,1,1,RED,2,6,1
2026-08-09 02:00:00,ICU,Intensive Care Unit (ICU),30,32,0,1.0667,106.7,3,0,3,RED,2,6,1
2026-08-09 02:00:00,General Medicine,General Medicine Ward,120,124,0,1.0333,103.3,0,0,0,RED,2,6,1
2026-08-09 02:00:00,Surgical Ward,Surgical & Post-Op Ward,80,58,22,0.725,72.5,0,0,0,GREEN,2,6,1
2026-08-09 02:00:00,Pediatrics,Pediatric Ward,40,43,0,1.075,107.5,0,0,0,RED,2,6,1
2026-08-09 03:00:00,Emergency,Emergency Department (ED),50,54,0,1.08,108.0,0,0,0,RED,3,6,1
2026-08-09 03:00:00,ICU,Intensive Care Unit (ICU),30,32,0,1.0667,106.7,0,0,0,RED,3,6,1
2026-08-09 03:00:00,General Medicine,General Medicine Ward,120,126,0,1.05,105.0,2,0,2,RED,3,6,1
2026-08-09 03:00:00,Surgical Ward,Surgical & Post-Op Ward,80,58,22,0.725,72.5,0,0,0,GREEN,3,6,1
2026-08-09 03:00:00,Pediatrics,Pediatric Ward,40,43,0,1.075,107.5,0,0,0,RED,3,6,1
2026-08-09 04:00:00,Emergency,Emergency Department (ED),50,53,0,1.06,106.0,0,1,-1,RED,4,6,1
2026-08-09 04:00:00,ICU,Intensive Care Unit (ICU),30,32,0,1.0667,106.7,0,0,0,RED,4,6,1
2026-08-09 04:00:00,General Medicine,General Medicine Ward,120,127,0,1.0583,105.8,1,0,1,RED,4,6,1
2026-08-09 04:00:00,Surgical Ward,Surgical & Post-Op Ward,80,57,23,0.7125,71.2,0,1,-1,GREEN,4,6,1
2026-08-09 04:00:00,Pediatrics,Pediatric Ward,40,43,0,1.075,107.5,0,0,0,RED,4,6,1
2026-08-09 05:00:00,Emergency,Emergency Department (ED),50,53,0,1.06,106.0,1,1,0,RED,5,6,1
2026-08-09 05:00:00,ICU,Intensive Care Unit (ICU),30,31,0,1.0333,103.3,0,1,-1,RED,5,6,1
2026-08-09 05:00:00,General Medicine,General Medicine Ward,120,127,0,1.0583,105.8,0,0,0,RED,5,6,1
2026-08-09 05:00:00,Surgical Ward,Surgical & Post-Op Ward,80,56,24,0.7,70.0,1,2,-1,GREEN,5,6,1
2026-08-09 05:00:00,Pediatrics,Pediatric Ward,40,43,0,1.075,107.5,0,0,0,RED,5,6,1
2026-08-09 06:00:00,Emergency,Emergency Department (ED),50,54,0,1.08,108.0,2,0,2,RED,6,6,1
2026-08-09 06:00:00,ICU,Intensive Care Unit (ICU),30,30,0,1.0,100.0,0,1,-1,RED,6,6,1
2026-08-09 06:00:00,General Medicine,General Medicine Ward,120,127,0,1.0583,105.8,3,3,0,RED,6,6,1
2026-08-09 06:00:00,Surgical Ward,Surgical & Post-Op Ward,80,55,25,0.6875,68.8,1,2,-1,GREEN,6,6,1
2026-08-09 06:00:00,Pediatrics,Pediatric Ward,40,43,0,1.075,107.5,1,0,1,RED,6,6,1
2026-08-09 07:00:00,Emergency,Emergency Department (ED),50,54,0,1.08,108.0,5,2,3,RED,7,6,1
2026-08-09 07:00:00,ICU,Intensive Care Unit (ICU),30,32,0,1.0667,106.7,3,0,3,RED,7,6,1
2026-08-09 07:00:00,General Medicine,General Medicine Ward,120,128,0,1.0667,106.7,4,3,1,RED,7,6,1
2026-08-09 07:00:00,Surgical Ward,Surgical & Post-Op Ward,80,54,26,0.675,67.5,1,2,-1,GREEN,7,6,1
2026-08-09 07:00:00,Pediatrics,Pediatric Ward,40,43,0,1.075,107.5,3,1,2,RED,7,6,1
2026-08-09 08:00:00,Emergency,Emergency Department (ED),50,53,0,1.06,106.0,3,4,-1,RED,8,6,1
2026-08-09 08:00:00,ICU,Intensive Care Unit (ICU),30,32,0,1.0667,106.7,0,0,0,RED,8,6,1
2026-08-09 08:00:00,General Medicine,General Medicine Ward,120,127,0,1.0583,105.8,3,4,-1,RED,8,6,1
2026-08-09 08:00:00,Surgical Ward,Surgical & Post-Op Ward,80,55,25,0.6875,68.8,3,2,1,GREEN,8,6,1
2026-08-09 08:00:00,Pediatrics,Pediatric Ward,40,43,0,1.075,107.5,0,0,0,RED,8,6,1
2026-08-09 09:00:00,Emergency,Emergency Department (ED),50,54,0,1.08,108.0,4,2,2,RED,9,6,1
2026-08-09 09:00:00,ICU,Intensive Care Unit (ICU),30,32,0,1.0667,106.7,2,1,1,RED,9,6,1
2026-08-09 09:00:00,General Medicine,General Medicine Ward,120,129,0,1.075,107.5,7,4,3,RED,9,6,1
2026-08-09 09:00:00,Surgical Ward,Surgical & Post-Op Ward,80,55,25,0.6875,68.8,2,2,0,GREEN,9,6,1
2026-08-09 09:00:00,Pediatrics,Pediatric Ward,40,43,0,1.075,107.5,1,0,1,RED,9,6,1
2026-08-09 10:00:00,Emergency,Emergency Department (ED),50,54,0,1.08,108.0,4,3,1,RED,10,6,1
2026-08-09 10:00:00,ICU,Intensive Care Unit (ICU),30,31,0,1.0333,103.3,0,1,-1,RED,10,6,1
2026-08-09 10:00:00,General Medicine,General Medicine Ward,120,129,0,1.075,107.5,3,1,2,RED,10,6,1
2026-08-09 10:00:00,Surgical Ward,Surgical & Post-Op Ward,80,52,28,0.65,65.0,0,3,-3,GREEN,10,6,1
2026-08-09 10:00:00,Pediatrics,Pediatric Ward,40,43,0,1.075,107.5,2,0,2,RED,10,6,1
2026-08-09 11:00:00,Emergency,Emergency Department (ED),50,54,0,1.08,108.0,2,2,0,RED,11,6,1
2026-08-09 11:00:00,ICU,Intensive Care Unit (ICU),30,31,0,1.0333,103.3,0,0,0,RED,11,6,1
2026-08-09 11:00:00,General Medicine,General Medicine Ward,120,119,1,0.9917,99.2,1,11,-10,RED,11,6,1
2026-08-09 11:00:00,Surgical Ward,Surgical & Post-Op Ward,80,54,26,0.675,67.5,4,2,2,GREEN,11,6,1
2026-08-09 11:00:00,Pediatrics,Pediatric Ward,40,43,0,1.075,107.5,3,0,3,RED,11,6,1
2026-08-09 12:00:00,Emergency,Emergency Department (ED),50,52,0,1.04,104.0,2,4,-2,RED,12,6,1
2026-08-09 12:00:00,ICU,Intensive Care Unit (ICU),30,31,0,1.0333,103.3,1,1,0,RED,12,6,1
2026-08-09 12:00:00,General Medicine,General Medicine Ward,120,123,0,1.025,102.5,6,2,4,RED,12,6,1
2026-08-09 12:00:00,Surgical Ward,Surgical & Post-Op Ward,80,54,26,0.675,67.5,2,2,0,GREEN,12,6,1
2026-08-09 12:00:00,Pediatrics,Pediatric Ward,40,43,0,1.075,107.5,1,0,1,RED,12,6,1
2026-08-09 13:00:00,Emergency,Emergency Department (ED),50,52,0,1.04,104.0,4,4,0,RED,13,6,1
2026-08-09 13:00:00,ICU,Intensive Care Unit (ICU),30,32,0,1.0667,106.7,2,0,2,RED,13,6,1
2026-08-09 13:00:00,General Medicine,General Medicine Ward,120,122,0,1.0167,101.7,5,6,-1,RED,13,6,1
2026-08-09 13:00:00,Surgical Ward,Surgical & Post-Op Ward,80,53,27,0.6625,66.2,1,2,-1,GREEN,13,6,1
2026-08-09 13:00:00,Pediatrics,Pediatric Ward,40,43,0,1.075,107.5,0,0,0,RED,13,6,1
2026-08-09 14:00:00,Emergency,Emergency Department (ED),50,49,1,0.98,98.0,2,5,-3,RED,14,6,1
2026-08-09 14:00:00,ICU,Intensive Care Unit (ICU),30,31,0,1.0333,103.3,0,1,-1,RED,14,6,1
2026-08-09 14:00:00,General Medicine,General Medicine Ward,120,123,0,1.025,102.5,6,5,1,RED,14,6,1
2026-08-09 14:00:00,Surgical Ward,Surgical & Post-Op Ward,80,52,28,0.65,65.0,2,3,-1,GREEN,14,6,1
2026-08-09 14:00:00,Pediatrics,Pediatric Ward,40,40,0,1.0,100.0,1,4,-3,RED,14,6,1
2026-08-09 15:00:00,Emergency,Emergency Department (ED),50,54,0,1.08,108.0,7,2,5,RED,15,6,1
2026-08-09 15:00:00,ICU,Intensive Care Unit (ICU),30,30,0,1.0,100.0,0,1,-1,RED,15,6,1
2026-08-09 15:00:00,General Medicine,General Medicine Ward,120,124,0,1.0333,103.3,4,3,1,RED,15,6,1
2026-08-09 15:00:00,Surgical Ward,Surgical & Post-Op Ward,80,45,35,0.5625,56.2,0,7,-7,GREEN,15,6,1
2026-08-09 15:00:00,Pediatrics,Pediatric Ward,40,39,1,0.975,97.5,0,1,-1,RED,15,6,1
2026-08-09 16:00:00,Emergency,Emergency Department (ED),50,54,0,1.08,108.0,2,1,1,RED,16,6,1
2026-08-09 16:00:00,ICU,Intensive Care Unit (ICU),30,31,0,1.0333,103.3,1,0,1,RED,16,6,1
2026-08-09 16:00:00,General Medicine,General Medicine Ward,120,125,0,1.0417,104.2,4,3,1,RED,16,6,1
2026-08-09 16:00:00,Surgical Ward,Surgical & Post-Op Ward,80,44,36,0.55,55.0,1,2,-1,GREEN,16,6,1
2026-08-09 16:00:00,Pediatrics,Pediatric Ward,40,43,0,1.075,107.5,4,0,4,RED,16,6,1
2026-08-09 17:00:00,Emergency,Emergency Department (ED),50,54,0,1.08,108.0,6,0,6,RED,17,6,1
2026-08-09 17:00:00,ICU,Intensive Care Unit (ICU),30,31,0,1.0333,103.3,0,0,0,RED,17,6,1
2026-08-09 17:00:00,General Medicine,General Medicine Ward,120,122,0,1.0167,101.7,0,3,-3,RED,17,6,1
2026-08-09 17:00:00,Surgical Ward,Surgical & Post-Op Ward,80,44,36,0.55,55.0,0,0,0,GREEN,17,6,1
2026-08-09 17:00:00,Pediatrics,Pediatric Ward,40,43,0,1.075,107.5,0,0,0,RED,17,6,1
2026-08-09 18:00:00,Emergency,Emergency Department (ED),50,54,0,1.08,108.0,6,2,4,RED,18,6,1
2026-08-09 18:00:00,ICU,Intensive Care Unit (ICU),30,32,0,1.0667,106.7,1,0,1,RED,18,6,1
2026-08-09 18:00:00,General Medicine,General Medicine Ward,120,120,0,1.0,100.0,1,3,-2,RED,18,6,1
2026-08-09 18:00:00,Surgical Ward,Surgical & Post-Op Ward,80,43,37,0.5375,53.8,1,2,-1,GREEN,18,6,1
2026-08-09 18:00:00,Pediatrics,Pediatric Ward,40,43,0,1.075,107.5,1,1,0,RED,18,6,1
2026-08-09 19:00:00,Emergency,Emergency Department (ED),50,54,0,1.08,108.0,6,6,0,RED,19,6,1
2026-08-09 19:00:00,ICU,Intensive Care Unit (ICU),30,32,0,1.0667,106.7,0,0,0,RED,19,6,1
2026-08-09 19:00:00,General Medicine,General Medicine Ward,120,114,6,0.95,95.0,1,7,-6,RED,19,6,1
2026-08-09 19:00:00,Surgical Ward,Surgical & Post-Op Ward,80,37,43,0.4625,46.2,1,7,-6,GREEN,19,6,1
2026-08-09 19:00:00,Pediatrics,Pediatric Ward,40,43,0,1.075,107.5,2,1,1,RED,19,6,1
2026-08-09 20:00:00,Emergency,Emergency Department (ED),50,54,0,1.08,108.0,6,3,3,RED,20,6,1
2026-08-09 20:00:00,ICU,Intensive Care Unit (ICU),30,32,0,1.0667,106.7,1,0,1,RED,20,6,1
2026-08-09 20:00:00,General Medicine,General Medicine Ward,120,113,7,0.9417,94.2,1,2,-1,RED,20,6,1
2026-08-09 20:00:00,Surgical Ward,Surgical & Post-Op Ward,80,36,44,0.45,45.0,0,1,-1,GREEN,20,6,1
2026-08-09 20:00:00,Pediatrics,Pediatric Ward,40,43,0,1.075,107.5,3,0,3,RED,20,6,1
2026-08-09 21:00:00,Emergency,Emergency Department (ED),50,54,0,1.08,108.0,7,0,7,RED,21,6,1
2026-08-09 21:00:00,ICU,Intensive Care Unit (ICU),30,32,0,1.0667,106.7,0,0,0,RED,21,6,1
2026-08-09 21:00:00,General Medicine,General Medicine Ward,120,114,6,0.95,95.0,1,0,1,RED,21,6,1
2026-08-09 21:00:00,Surgical Ward,Surgical & Post-Op Ward,80,35,45,0.4375,43.8,1,2,-1,GREEN,21,6,1
2026-08-09 21:00:00,Pediatrics,Pediatric Ward,40,42,0,1.05,105.0,0,1,-1,RED,21,6,1
2026-08-09 22:00:00,Emergency,Emergency Department (ED),50,54,0,1.08,108.0,8,3,5,RED,22,6,1
2026-08-09 22:00:00,ICU,Intensive Care Unit (ICU),30,32,0,1.0667,106.7,1,0,1,RED,22,6,1
2026-08-09 22:00:00,General Medicine,General Medicine Ward,120,113,7,0.9417,94.2,1,2,-1,RED,22,6,1
2026-08-09 22:00:00,Surgical Ward,Surgical & Post-Op Ward,80,33,47,0.4125,41.2,0,2,-2,GREEN,22,6,1
2026-08-09 22:00:00,Pediatrics,Pediatric Ward,40,43,0,1.075,107.5,1,0,1,RED,22,6,1
2026-08-09 23:00:00,Emergency,Emergency Department (ED),50,53,0,1.06,106.0,6,7,-1,RED,23,6,1
2026-08-09 23:00:00,ICU,Intensive Care Unit (ICU),30,32,0,1.0667,106.7,2,1,1,RED,23,6,1
2026-08-09 23:00:00,General Medicine,General Medicine Ward,120,115,5,0.9583,95.8,4,2,2,RED,23,6,1
2026-08-09 23:00:00,Surgical Ward,Surgical & Post-Op Ward,80,31,49,0.3875,38.8,0,2,-2,GREEN,23,6,1
2026-08-09 23:00:00,Pediatrics,Pediatric Ward,40,43,0,1.075,107.5,1,0,1,RED,23,6,1
2026-08-10 00:00:00,Emergency,Emergency Department (ED),50,52,0,1.04,104.0,1,2,-1,RED,0,0,0
2026-08-10 00:00:00,ICU,Intensive Care Unit (ICU),30,32,0,1.0667,106.7,0,0,0,RED,0,0,0
2026-08-10 00:00:00,General Medicine,General Medicine Ward,120,117,3,0.975,97.5,4,2,2,RED,0,0,0
2026-08-10 00:00:00,Surgical Ward,Surgical & Post-Op Ward,80,32,48,0.4,40.0,1,0,1,GREEN,0,0,0
2026-08-10 00:00:00,Pediatrics,Pediatric Ward,40,43,0,1.075,107.5,3,0,3,RED,0,0,0
2026-08-10 01:00:00,Emergency,Emergency Department (ED),50,49,1,0.98,98.0,2,5,-3,RED,1,0,0
2026-08-10 01:00:00,ICU,Intensive Care Unit (ICU),30,32,0,1.0667,106.7,1,0,1,RED,1,0,0
2026-08-10 01:00:00,General Medicine,General Medicine Ward,120,117,3,0.975,97.5,1,1,0,RED,1,0,0
2026-08-10 01:00:00,Surgical Ward,Surgical & Post-Op Ward,80,31,49,0.3875,38.8,0,1,-1,GREEN,1,0,0
2026-08-10 01:00:00,Pediatrics,Pediatric Ward,40,43,0,1.075,107.5,2,0,2,RED,1,0,0
2026-08-10 02:00:00,Emergency,Emergency Department (ED),50,50,0,1.0,100.0,1,0,1,RED,2,0,0
2026-08-10 02:00:00,ICU,Intensive Care Unit (ICU),30,32,0,1.0667,106.7,0,0,0,RED,2,0,0
2026-08-10 02:00:00,General Medicine,General Medicine Ward,120,120,0,1.0,100.0,3,0,3,RED,2,0,0
2026-08-10 02:00:00,Surgical Ward,Surgical & Post-Op Ward,80,32,48,0.4,40.0,1,0,1,GREEN,2,0,0
2026-08-10 02:00:00,Pediatrics,Pediatric Ward,40,42,0,1.05,105.0,0,1,-1,RED,2,0,0
2026-08-10 03:00:00,Emergency,Emergency Department (ED),50,50,0,1.0,100.0,0,0,0,RED,3,0,0
2026-08-10 03:00:00,ICU,Intensive Care Unit (ICU),30,31,0,1.0333,103.3,0,1,-1,RED,3,0,0
2026-08-10 03:00:00,General Medicine,General Medicine Ward,120,119,1,0.9917,99.2,0,1,-1,RED,3,0,0
2026-08-10 03:00:00,Surgical Ward,Surgical & Post-Op Ward,80,32,48,0.4,40.0,0,0,0,GREEN,3,0,0
2026-08-10 03:00:00,Pediatrics,Pediatric Ward,40,43,0,1.075,107.5,1,0,1,RED,3,0,0
2026-08-10 04:00:00,Emergency,Emergency Department (ED),50,51,0,1.02,102.0,1,0,1,RED,4,0,0
2026-08-10 04:00:00,ICU,Intensive Care Unit (ICU),30,31,0,1.0333,103.3,0,0,0,RED,4,0,0
2026-08-10 04:00:00,General Medicine,General Medicine Ward,120,117,3,0.975,97.5,0,2,-2,RED,4,0,0
2026-08-10 04:00:00,Surgical Ward,Surgical & Post-Op Ward,80,32,48,0.4,40.0,0,0,0,GREEN,4,0,0
2026-08-10 04:00:00,Pediatrics,Pediatric Ward,40,43,0,1.075,107.5,0,0,0,RED,4,0,0
2026-08-10 05:00:00,Emergency,Emergency Department (ED),50,50,0,1.0,100.0,0,1,-1,RED,5,0,0
2026-08-10 05:00:00,ICU,Intensive Care Unit (ICU),30,31,0,1.0333,103.3,0,0,0,RED,5,0,0
2026-08-10 05:00:00,General Medicine,General Medicine Ward,120,119,1,0.9917,99.2,4,2,2,RED,5,0,0
2026-08-10 05:00:00,Surgical Ward,Surgical & Post-Op Ward,80,36,44,0.45,45.0,5,1,4,GREEN,5,0,0
2026-08-10 05:00:00,Pediatrics,Pediatric Ward,40,42,0,1.05,105.0,0,1,-1,RED,5,0,0
2026-08-10 06:00:00,Emergency,Emergency Department (ED),50,52,0,1.04,104.0,2,0,2,RED,6,0,0
2026-08-10 06:00:00,ICU,Intensive Care Unit (ICU),30,32,0,1.0667,106.7,1,0,1,RED,6,0,0
2026-08-10 06:00:00,General Medicine,General Medicine Ward,120,119,1,0.9917,99.2,2,2,0,RED,6,0,0
2026-08-10 06:00:00,Surgical Ward,Surgical & Post-Op Ward,80,40,40,0.5,50.0,4,0,4,GREEN,6,0,0
2026-08-10 06:00:00,Pediatrics,Pediatric Ward,40,42,0,1.05,105.0,0,0,0,RED,6,0,0
2026-08-10 07:00:00,Emergency,Emergency Department (ED),50,52,0,1.04,104.0,3,3,0,RED,7,0,0
2026-08-10 07:00:00,ICU,Intensive Care Unit (ICU),30,32,0,1.0667,106.7,1,0,1,RED,7,0,0
2026-08-10 07:00:00,General Medicine,General Medicine Ward,120,117,3,0.975,97.5,1,3,-2,RED,7,0,0
2026-08-10 07:00:00,Surgical Ward,Surgical & Post-Op Ward,80,39,41,0.4875,48.8,1,2,-1,GREEN,7,0,0
2026-08-10 07:00:00,Pediatrics,Pediatric Ward,40,43,0,1.075,107.5,2,1,1,RED,7,0,0
2026-08-10 08:00:00,Emergency,Emergency Department (ED),50,54,0,1.08,108.0,6,0,6,RED,8,0,0
2026-08-10 08:00:00,ICU,Intensive Care Unit (ICU),30,31,0,1.0333,103.3,0,1,-1,RED,8,0,0
2026-08-10 08:00:00,General Medicine,General Medicine Ward,120,113,7,0.9417,94.2,1,5,-4,RED,8,0,0
2026-08-10 08:00:00,Surgical Ward,Surgical & Post-Op Ward,80,41,39,0.5125,51.2,4,2,2,GREEN,8,0,0
2026-08-10 08:00:00,Pediatrics,Pediatric Ward,40,43,0,1.075,107.5,2,1,1,RED,8,0,0
2026-08-10 09:00:00,Emergency,Emergency Department (ED),50,54,0,1.08,108.0,4,1,3,RED,9,0,0
2026-08-10 09:00:00,ICU,Intensive Care Unit (ICU),30,29,1,0.9667,96.7,0,2,-2,RED,9,0,0
2026-08-10 09:00:00,General Medicine,General Medicine Ward,120,112,8,0.9333,93.3,3,4,-1,RED,9,0,0
2026-08-10 09:00:00,Surgical Ward,Surgical & Post-Op Ward,80,41,39,0.5125,51.2,3,3,0,GREEN,9,0,0
2026-08-10 09:00:00,Pediatrics,Pediatric Ward,40,43,0,1.075,107.5,3,0,3,RED,9,0,0
2026-08-10 10:00:00,Emergency,Emergency Department (ED),50,52,0,1.04,104.0,3,5,-2,RED,10,0,0
2026-08-10 10:00:00,ICU,Intensive Care Unit (ICU),30,30,0,1.0,100.0,1,0,1,RED,10,0,0
2026-08-10 10:00:00,General Medicine,General Medicine Ward,120,113,7,0.9417,94.2,7,6,1,RED,10,0,0
2026-08-10 10:00:00,Surgical Ward,Surgical & Post-Op Ward,80,41,39,0.5125,51.2,3,3,0,GREEN,10,0,0
2026-08-10 10:00:00,Pediatrics,Pediatric Ward,40,42,0,1.05,105.0,0,1,-1,RED,10,0,0
2026-08-10 11:00:00,Emergency,Emergency Department (ED),50,51,0,1.02,102.0,3,4,-1,RED,11,0,0
2026-08-10 11:00:00,ICU,Intensive Care Unit (ICU),30,30,0,1.0,100.0,0,0,0,RED,11,0,0
2026-08-10 11:00:00,General Medicine,General Medicine Ward,120,109,11,0.9083,90.8,4,8,-4,RED,11,0,0
2026-08-10 11:00:00,Surgical Ward,Surgical & Post-Op Ward,80,45,35,0.5625,56.2,5,1,4,GREEN,11,0,0
2026-08-10 11:00:00,Pediatrics,Pediatric Ward,40,43,0,1.075,107.5,4,0,4,RED,11,0,0
2026-08-10 12:00:00,Emergency,Emergency Department (ED),50,53,0,1.06,106.0,3,1,2,RED,12,0,0
2026-08-10 12:00:00,ICU,Intensive Care Unit (ICU),30,28,2,0.9333,93.3,1,3,-2,RED,12,0,0
2026-08-10 12:00:00,General Medicine,General Medicine Ward,120,106,14,0.8833,88.3,0,3,-3,AMBER,12,0,0
2026-08-10 12:00:00,Surgical Ward,Surgical & Post-Op Ward,80,40,40,0.5,50.0,0,5,-5,GREEN,12,0,0
2026-08-10 12:00:00,Pediatrics,Pediatric Ward,40,43,0,1.075,107.5,4,1,3,RED,12,0,0
2026-08-10 13:00:00,Emergency,Emergency Department (ED),50,54,0,1.08,108.0,6,0,6,RED,13,0,0
2026-08-10 13:00:00,ICU,Intensive Care Unit (ICU),30,28,2,0.9333,93.3,1,1,0,RED,13,0,0
2026-08-10 13:00:00,General Medicine,General Medicine Ward,120,110,10,0.9167,91.7,8,4,4,RED,13,0,0
2026-08-10 13:00:00,Surgical Ward,Surgical & Post-Op Ward,80,41,39,0.5125,51.2,2,1,1,GREEN,13,0,0
2026-08-10 13:00:00,Pediatrics,Pediatric Ward,40,43,0,1.075,107.5,1,0,1,RED,13,0,0
2026-08-10 14:00:00,Emergency,Emergency Department (ED),50,54,0,1.08,108.0,4,3,1,RED,14,0,0
2026-08-10 14:00:00,ICU,Intensive Care Unit (ICU),30,27,3,0.9,90.0,0,1,-1,RED,14,0,0
2026-08-10 14:00:00,General Medicine,General Medicine Ward,120,114,6,0.95,95.0,6,2,4,RED,14,0,0
2026-08-10 14:00:00,Surgical Ward,Surgical & Post-Op Ward,80,46,34,0.575,57.5,9,4,5,GREEN,14,0,0
2026-08-10 14:00:00,Pediatrics,Pediatric Ward,40,43,0,1.075,107.5,1,1,0,RED,14,0,0
2026-08-10 15:00:00,Emergency,Emergency Department (ED),50,54,0,1.08,108.0,4,0,4,RED,15,0,0
2026-08-10 15:00:00,ICU,Intensive Care Unit (ICU),30,25,5,0.8333,83.3,0,2,-2,AMBER,15,0,0
2026-08-10 15:00:00,General Medicine,General Medicine Ward,120,117,3,0.975,97.5,6,3,3,RED,15,0,0
2026-08-10 15:00:00,Surgical Ward,Surgical & Post-Op Ward,80,46,34,0.575,57.5,2,2,0,GREEN,15,0,0
2026-08-10 15:00:00,Pediatrics,Pediatric Ward,40,41,0,1.025,102.5,0,2,-2,RED,15,0,0
2026-08-10 16:00:00,Emergency,Emergency Department (ED),50,54,0,1.08,108.0,1,0,1,RED,16,0,0
2026-08-10 16:00:00,ICU,Intensive Care Unit (ICU),30,26,4,0.8667,86.7,1,0,1,AMBER,16,0,0
2026-08-10 16:00:00,General Medicine,General Medicine Ward,120,115,5,0.9583,95.8,5,7,-2,RED,16,0,0
2026-08-10 16:00:00,Surgical Ward,Surgical & Post-Op Ward,80,44,36,0.55,55.0,3,5,-2,GREEN,16,0,0
2026-08-10 16:00:00,Pediatrics,Pediatric Ward,40,41,0,1.025,102.5,1,1,0,RED,16,0,0
2026-08-10 17:00:00,Emergency,Emergency Department (ED),50,54,0,1.08,108.0,7,4,3,RED,17,0,0
2026-08-10 17:00:00,ICU,Intensive Care Unit (ICU),30,26,4,0.8667,86.7,0,0,0,AMBER,17,0,0
2026-08-10 17:00:00,General Medicine,General Medicine Ward,120,114,6,0.95,95.0,2,3,-1,RED,17,0,0
2026-08-10 17:00:00,Surgical Ward,Surgical & Post-Op Ward,80,41,39,0.5125,51.2,0,3,-3,GREEN,17,0,0
2026-08-10 17:00:00,Pediatrics,Pediatric Ward,40,42,0,1.05,105.0,3,2,1,RED,17,0,0
2026-08-10 18:00:00,Emergency,Emergency Department (ED),50,50,0,1.0,100.0,1,5,-4,RED,18,0,0
2026-08-10 18:00:00,ICU,Intensive Care Unit (ICU),30,27,3,0.9,90.0,1,0,1,RED,18,0,0
2026-08-10 18:00:00,General Medicine,General Medicine Ward,120,116,4,0.9667,96.7,3,1,2,RED,18,0,0
2026-08-10 18:00:00,Surgical Ward,Surgical & Post-Op Ward,80,42,38,0.525,52.5,2,1,1,GREEN,18,0,0
2026-08-10 18:00:00,Pediatrics,Pediatric Ward,40,42,0,1.05,105.0,1,1,0,RED,18,0,0
2026-08-10 19:00:00,Emergency,Emergency Department (ED),50,52,0,1.04,104.0,2,0,2,RED,19,0,0
2026-08-10 19:00:00,ICU,Intensive Care Unit (ICU),30,27,3,0.9,90.0,0,0,0,RED,19,0,0
2026-08-10 19:00:00,General Medicine,General Medicine Ward,120,114,6,0.95,95.0,3,5,-2,RED,19,0,0
2026-08-10 19:00:00,Surgical Ward,Surgical & Post-Op Ward,80,43,37,0.5375,53.8,3,2,1,GREEN,19,0,0
2026-08-10 19:00:00,Pediatrics,Pediatric Ward,40,41,0,1.025,102.5,1,2,-1,RED,19,0,0
2026-08-10 20:00:00,Emergency,Emergency Department (ED),50,53,0,1.06,106.0,5,4,1,RED,20,0,0
2026-08-10 20:00:00,ICU,Intensive Care Unit (ICU),30,28,2,0.9333,93.3,1,0,1,RED,20,0,0
2026-08-10 20:00:00,General Medicine,General Medicine Ward,120,118,2,0.9833,98.3,6,2,4,RED,20,0,0
2026-08-10 20:00:00,Surgical Ward,Surgical & Post-Op Ward,80,44,36,0.55,55.0,1,0,1,GREEN,20,0,0
2026-08-10 20:00:00,Pediatrics,Pediatric Ward,40,41,0,1.025,102.5,1,1,0,RED,20,0,0
2026-08-10 21:00:00,Emergency,Emergency Department (ED),50,54,0,1.08,108.0,7,4,3,RED,21,0,0
2026-08-10 21:00:00,ICU,Intensive Care Unit (ICU),30,28,2,0.9333,93.3,0,0,0,RED,21,0,0
2026-08-10 21:00:00,General Medicine,General Medicine Ward,120,114,6,0.95,95.0,0,4,-4,RED,21,0,0
2026-08-10 21:00:00,Surgical Ward,Surgical & Post-Op Ward,80,45,35,0.5625,56.2,3,2,1,GREEN,21,0,0
2026-08-10 21:00:00,Pediatrics,Pediatric Ward,40,42,0,1.05,105.0,1,0,1,RED,21,0,0
2026-08-10 22:00:00,Emergency,Emergency Department (ED),50,54,0,1.08,108.0,0,0,0,RED,22,0,0
2026-08-10 22:00:00,ICU,Intensive Care Unit (ICU),30,28,2,0.9333,93.3,2,2,0,RED,22,0,0
2026-08-10 22:00:00,General Medicine,General Medicine Ward,120,116,4,0.9667,96.7,2,0,2,RED,22,0,0
2026-08-10 22:00:00,Surgical Ward,Surgical & Post-Op Ward,80,45,35,0.5625,56.2,0,0,0,GREEN,22,0,0
2026-08-10 22:00:00,Pediatrics,Pediatric Ward,40,41,0,1.025,102.5,1,2,-1,RED,22,0,0
2026-08-10 23:00:00,Emergency,Emergency Department (ED),50,54,0,1.08,108.0,4,3,1,RED,23,0,0
2026-08-10 23:00:00,ICU,Intensive Care Unit (ICU),30,27,3,0.9,90.0,0,1,-1,RED,23,0,0
2026-08-10 23:00:00,General Medicine,General Medicine Ward,120,114,6,0.95,95.0,2,4,-2,RED,23,0,0
2026-08-10 23:00:00,Surgical Ward,Surgical & Post-Op Ward,80,50,30,0.625,62.5,5,0,5,GREEN,23,0,0
2026-08-10 23:00:00,Pediatrics,Pediatric Ward,40,43,0,1.075,107.5,3,1,2,RED,23,0,0
2026-08-11 00:00:00,Emergency,Emergency Department (ED),50,53,0,1.06,106.0,1,2,-1,RED,0,1,0
2026-08-11 00:00:00,ICU,Intensive Care Unit (ICU),30,27,3,0.9,90.0,0,0,0,RED,0,1,0
2026-08-11 00:00:00,General Medicine,General Medicine Ward,120,109,11,0.9083,90.8,1,6,-5,RED,0,1,0
2026-08-11 00:00:00,Surgical Ward,Surgical & Post-Op Ward,80,50,30,0.625,62.5,0,0,0,GREEN,0,1,0
2026-08-11 00:00:00,Pediatrics,Pediatric Ward,40,43,0,1.075,107.5,0,0,0,RED,0,1,0
2026-08-11 01:00:00,Emergency,Emergency Department (ED),50,50,0,1.0,100.0,2,5,-3,RED,1,1,0
2026-08-11 01:00:00,ICU,Intensive Care Unit (ICU),30,28,2,0.9333,93.3,2,1,1,RED,1,1,0
2026-08-11 01:00:00,General Medicine,General Medicine Ward,120,111,9,0.925,92.5,2,0,2,RED,1,1,0
2026-08-11 01:00:00,Surgical Ward,Surgical & Post-Op Ward,80,51,29,0.6375,63.7,1,0,1,GREEN,1,1,0
2026-08-11 01:00:00,Pediatrics,Pediatric Ward,40,43,0,1.075,107.5,5,2,3,RED,1,1,0
2026-08-11 02:00:00,Emergency,Emergency Department (ED),50,50,0,1.0,100.0,0,0,0,RED,2,1,0
2026-08-11 02:00:00,ICU,Intensive Care Unit (ICU),30,28,2,0.9333,93.3,0,0,0,RED,2,1,0
2026-08-11 02:00:00,General Medicine,General Medicine Ward,120,111,9,0.925,92.5,1,1,0,RED,2,1,0
2026-08-11 02:00:00,Surgical Ward,Surgical & Post-Op Ward,80,53,27,0.6625,66.2,2,0,2,GREEN,2,1,0
2026-08-11 02:00:00,Pediatrics,Pediatric Ward,40,43,0,1.075,107.5,0,0,0,RED,2,1,0
2026-08-11 03:00:00,Emergency,Emergency Department (ED),50,50,0,1.0,100.0,0,0,0,RED,3,1,0
2026-08-11 03:00:00,ICU,Intensive Care Unit (ICU),30,27,3,0.9,90.0,0,1,-1,RED,3,1,0
2026-08-11 03:00:00,General Medicine,General Medicine Ward,120,113,7,0.9417,94.2,2,0,2,RED,3,1,0
2026-08-11 03:00:00,Surgical Ward,Surgical & Post-Op Ward,80,54,26,0.675,67.5,1,0,1,GREEN,3,1,0
2026-08-11 03:00:00,Pediatrics,Pediatric Ward,40,43,0,1.075,107.5,1,0,1,RED,3,1,0
2026-08-11 04:00:00,Emergency,Emergency Department (ED),50,51,0,1.02,102.0,1,0,1,RED,4,1,0
2026-08-11 04:00:00,ICU,Intensive Care Unit (ICU),30,28,2,0.9333,93.3,1,0,1,RED,4,1,0
2026-08-11 04:00:00,General Medicine,General Medicine Ward,120,114,6,0.95,95.0,1,0,1,RED,4,1,0
2026-08-11 04:00:00,Surgical Ward,Surgical & Post-Op Ward,80,55,25,0.6875,68.8,1,0,1,GREEN,4,1,0
2026-08-11 04:00:00,Pediatrics,Pediatric Ward,40,42,0,1.05,105.0,0,1,-1,RED,4,1,0
2026-08-11 05:00:00,Emergency,Emergency Department (ED),50,54,0,1.08,108.0,3,0,3,RED,5,1,0
2026-08-11 05:00:00,ICU,Intensive Care Unit (ICU),30,28,2,0.9333,93.3,0,0,0,RED,5,1,0
2026-08-11 05:00:00,General Medicine,General Medicine Ward,120,116,4,0.9667,96.7,3,1,2,RED,5,1,0
2026-08-11 05:00:00,Surgical Ward,Surgical & Post-Op Ward,80,57,23,0.7125,71.2,2,0,2,GREEN,5,1,0
2026-08-11 05:00:00,Pediatrics,Pediatric Ward,40,42,0,1.05,105.0,0,0,0,RED,5,1,0
2026-08-11 06:00:00,Emergency,Emergency Department (ED),50,54,0,1.08,108.0,0,0,0,RED,6,1,0
2026-08-11 06:00:00,ICU,Intensive Care Unit (ICU),30,29,1,0.9667,96.7,1,0,1,RED,6,1,0
2026-08-11 06:00:00,General Medicine,General Medicine Ward,120,117,3,0.975,97.5,4,3,1,RED,6,1,0
2026-08-11 06:00:00,Surgical Ward,Surgical & Post-Op Ward,80,61,19,0.7625,76.2,5,1,4,AMBER,6,1,0
2026-08-11 06:00:00,Pediatrics,Pediatric Ward,40,42,0,1.05,105.0,0,0,0,RED,6,1,0
2026-08-11 07:00:00,Emergency,Emergency Department (ED),50,54,0,1.08,108.0,4,1,3,RED,7,1,0
2026-08-11 07:00:00,ICU,Intensive Care Unit (ICU),30,28,2,0.9333,93.3,0,1,-1,RED,7,1,0
2026-08-11 07:00:00,General Medicine,General Medicine Ward,120,116,4,0.9667,96.7,3,4,-1,RED,7,1,0
2026-08-11 07:00:00,Surgical Ward,Surgical & Post-Op Ward,80,60,20,0.75,75.0,1,2,-1,AMBER,7,1,0
2026-08-11 07:00:00,Pediatrics,Pediatric Ward,40,43,0,1.075,107.5,2,0,2,RED,7,1,0
2026-08-11 08:00:00,Emergency,Emergency Department (ED),50,53,0,1.06,106.0,2,3,-1,RED,8,1,0
2026-08-11 08:00:00,ICU,Intensive Care Unit (ICU),30,28,2,0.9333,93.3,0,0,0,RED,8,1,0
2026-08-11 08:00:00,General Medicine,General Medicine Ward,120,118,2,0.9833,98.3,2,0,2,RED,8,1,0
2026-08-11 08:00:00,Surgical Ward,Surgical & Post-Op Ward,80,65,15,0.8125,81.2,6,1,5,AMBER,8,1,0
2026-08-11 08:00:00,Pediatrics,Pediatric Ward,40,43,0,1.075,107.5,1,1,0,RED,8,1,0
2026-08-11 09:00:00,Emergency,Emergency Department (ED),50,50,0,1.0,100.0,2,5,-3,RED,9,1,0
2026-08-11 09:00:00,ICU,Intensive Care Unit (ICU),30,29,1,0.9667,96.7,1,0,1,RED,9,1,0
2026-08-11 09:00:00,General Medicine,General Medicine Ward,120,117,3,0.975,97.5,2,3,-1,RED,9,1,0
2026-08-11 09:00:00,Surgical Ward,Surgical & Post-Op Ward,80,69,11,0.8625,86.2,7,3,4,AMBER,9,1,0
2026-08-11 09:00:00,Pediatrics,Pediatric Ward,40,43,0,1.075,107.5,2,0,2,RED,9,1,0
2026-08-11 10:00:00,Emergency,Emergency Department (ED),50,44,6,0.88,88.0,0,6,-6,AMBER,10,1,0
2026-08-11 10:00:00,ICU,Intensive Care Unit (ICU),30,28,2,0.9333,93.3,0,1,-1,RED,10,1,0
2026-08-11 10:00:00,General Medicine,General Medicine Ward,120,112,8,0.9333,93.3,2,7,-5,RED,10,1,0
2026-08-11 10:00:00,Surgical Ward,Surgical & Post-Op Ward,80,71,9,0.8875,88.8,5,3,2,AMBER,10,1,0
2026-08-11 10:00:00,Pediatrics,Pediatric Ward,40,43,0,1.075,107.5,1,1,0,RED,10,1,0
2026-08-11 11:00:00,Emergency,Emergency Department (ED),50,41,9,0.82,82.0,1,4,-3,AMBER,11,1,0
2026-08-11 11:00:00,ICU,Intensive Care Unit (ICU),30,29,1,0.9667,96.7,1,0,1,RED,11,1,0
2026-08-11 11:00:00,General Medicine,General Medicine Ward,120,111,9,0.925,92.5,1,2,-1,RED,11,1,0
2026-08-11 11:00:00,Surgical Ward,Surgical & Post-Op Ward,80,71,9,0.8875,88.8,3,3,0,AMBER,11,1,0
2026-08-11 11:00:00,Pediatrics,Pediatric Ward,40,42,0,1.05,105.0,1,2,-1,RED,11,1,0
2026-08-11 12:00:00,Emergency,Emergency Department (ED),50,45,5,0.9,90.0,5,1,4,RED,12,1,0
2026-08-11 12:00:00,ICU,Intensive Care Unit (ICU),30,30,0,1.0,100.0,1,0,1,RED,12,1,0
2026-08-11 12:00:00,General Medicine,General Medicine Ward,120,109,11,0.9083,90.8,3,5,-2,RED,12,1,0
2026-08-11 12:00:00,Surgical Ward,Surgical & Post-Op Ward,80,70,10,0.875,87.5,2,3,-1,AMBER,12,1,0
2026-08-11 12:00:00,Pediatrics,Pediatric Ward,40,43,0,1.075,107.5,1,0,1,RED,12,1,0
2026-08-11 13:00:00,Emergency,Emergency Department (ED),50,48,2,0.96,96.0,3,0,3,RED,13,1,0
2026-08-11 13:00:00,ICU,Intensive Care Unit (ICU),30,31,0,1.0333,103.3,1,0,1,RED,13,1,0
2026-08-11 13:00:00,General Medicine,General Medicine Ward,120,108,12,0.9,90.0,5,6,-1,RED,13,1,0
2026-08-11 13:00:00,Surgical Ward,Surgical & Post-Op Ward,80,67,13,0.8375,83.8,1,4,-3,AMBER,13,1,0
2026-08-11 13:00:00,Pediatrics,Pediatric Ward,40,43,0,1.075,107.5,2,1,1,RED,13,1,0
2026-08-11 14:00:00,Emergency,Emergency Department (ED),50,50,0,1.0,100.0,4,2,2,RED,14,1,0
2026-08-11 14:00:00,ICU,Intensive Care Unit (ICU),30,29,1,0.9667,96.7,0,2,-2,RED,14,1,0
2026-08-11 14:00:00,General Medicine,General Medicine Ward,120,111,9,0.925,92.5,6,3,3,RED,14,1,0
2026-08-11 14:00:00,Surgical Ward,Surgical & Post-Op Ward,80,71,9,0.8875,88.8,7,3,4,AMBER,14,1,0
2026-08-11 14:00:00,Pediatrics,Pediatric Ward,40,42,0,1.05,105.0,0,1,-1,RED,14,1,0
2026-08-11 15:00:00,Emergency,Emergency Department (ED),50,51,0,1.02,102.0,5,4,1,RED,15,1,0
2026-08-11 15:00:00,ICU,Intensive Care Unit (ICU),30,28,2,0.9333,93.3,0,1,-1,RED,15,1,0
2026-08-11 15:00:00,General Medicine,General Medicine Ward,120,115,5,0.9583,95.8,7,3,4,RED,15,1,0
2026-08-11 15:00:00,Surgical Ward,Surgical & Post-Op Ward,80,67,13,0.8375,83.8,0,4,-4,AMBER,15,1,0
2026-08-11 15:00:00,Pediatrics,Pediatric Ward,40,43,0,1.075,107.5,2,0,2,RED,15,1,0
2026-08-11 16:00:00,Emergency,Emergency Department (ED),50,51,0,1.02,102.0,4,4,0,RED,16,1,0
2026-08-11 16:00:00,ICU,Intensive Care Unit (ICU),30,29,1,0.9667,96.7,1,0,1,RED,16,1,0
2026-08-11 16:00:00,General Medicine,General Medicine Ward,120,117,3,0.975,97.5,4,2,2,RED,16,1,0
2026-08-11 16:00:00,Surgical Ward,Surgical & Post-Op Ward,80,70,10,0.875,87.5,3,0,3,AMBER,16,1,0
2026-08-11 16:00:00,Pediatrics,Pediatric Ward,40,43,0,1.075,107.5,0,0,0,RED,16,1,0
2026-08-11 17:00:00,Emergency,Emergency Department (ED),50,54,0,1.08,108.0,6,2,4,RED,17,1,0
2026-08-11 17:00:00,ICU,Intensive Care Unit (ICU),30,29,1,0.9667,96.7,0,0,0,RED,17,1,0
2026-08-11 17:00:00,General Medicine,General Medicine Ward,120,122,0,1.0167,101.7,8,3,5,RED,17,1,0
2026-08-11 17:00:00,Surgical Ward,Surgical & Post-Op Ward,80,70,10,0.875,87.5,2,2,0,AMBER,17,1,0
2026-08-11 17:00:00,Pediatrics,Pediatric Ward,40,43,0,1.075,107.5,1,0,1,RED,17,1,0
2026-08-11 18:00:00,Emergency,Emergency Department (ED),50,54,0,1.08,108.0,5,4,1,RED,18,1,0
2026-08-11 18:00:00,ICU,Intensive Care Unit (ICU),30,31,0,1.0333,103.3,3,1,2,RED,18,1,0
2026-08-11 18:00:00,General Medicine,General Medicine Ward,120,122,0,1.0167,101.7,5,5,0,RED,18,1,0
2026-08-11 18:00:00,Surgical Ward,Surgical & Post-Op Ward,80,72,8,0.9,90.0,2,0,2,RED,18,1,0
2026-08-11 18:00:00,Pediatrics,Pediatric Ward,40,42,0,1.05,105.0,0,1,-1,RED,18,1,0
2026-08-11 19:00:00,Emergency,Emergency Department (ED),50,54,0,1.08,108.0,7,4,3,RED,19,1,0
2026-08-11 19:00:00,ICU,Intensive Care Unit (ICU),30,31,0,1.0333,103.3,1,1,0,RED,19,1,0
2026-08-11 19:00:00,General Medicine,General Medicine Ward,120,125,0,1.0417,104.2,3,0,3,RED,19,1,0
2026-08-11 19:00:00,Surgical Ward,Surgical & Post-Op Ward,80,72,8,0.9,90.0,1,1,0,RED,19,1,0
2026-08-11 19:00:00,Pediatrics,Pediatric Ward,40,43,0,1.075,107.5,1,0,1,RED,19,1,0
2026-08-11 20:00:00,Emergency,Emergency Department (ED),50,52,0,1.04,104.0,4,6,-2,RED,20,1,0
2026-08-11 20:00:00,ICU,Intensive Care Unit (ICU),30,31,0,1.0333,103.3,0,0,0,RED,20,1,0
2026-08-11 20:00:00,General Medicine,General Medicine Ward,120,126,0,1.05,105.0,3,2,1,RED,20,1,0
2026-08-11 20:00:00,Surgical Ward,Surgical & Post-Op Ward,80,73,7,0.9125,91.2,1,0,1,RED,20,1,0
2026-08-11 20:00:00,Pediatrics,Pediatric Ward,40,43,0,1.075,107.5,1,0,1,RED,20,1,0
2026-08-11 21:00:00,Emergency,Emergency Department (ED),50,54,0,1.08,108.0,5,3,2,RED,21,1,0
2026-08-11 21:00:00,ICU,Intensive Care Unit (ICU),30,31,0,1.0333,103.3,0,0,0,RED,21,1,0
2026-08-11 21:00:00,General Medicine,General Medicine Ward,120,129,0,1.075,107.5,4,1,3,RED,21,1,0
2026-08-11 21:00:00,Surgical Ward,Surgical & Post-Op Ward,80,72,8,0.9,90.0,0,1,-1,RED,21,1,0
2026-08-11 21:00:00,Pediatrics,Pediatric Ward,40,43,0,1.075,107.5,2,0,2,RED,21,1,0
2026-08-11 22:00:00,Emergency,Emergency Department (ED),50,54,0,1.08,108.0,6,1,5,RED,22,1,0
2026-08-11 22:00:00,ICU,Intensive Care Unit (ICU),30,31,0,1.0333,103.3,0,0,0,RED,22,1,0
2026-08-11 22:00:00,General Medicine,General Medicine Ward,120,128,0,1.0667,106.7,5,6,-1,RED,22,1,0
2026-08-11 22:00:00,Surgical Ward,Surgical & Post-Op Ward,80,71,9,0.8875,88.8,2,3,-1,AMBER,22,1,0
2026-08-11 22:00:00,Pediatrics,Pediatric Ward,40,43,0,1.075,107.5,1,0,1,RED,22,1,0
2026-08-11 23:00:00,Emergency,Emergency Department (ED),50,54,0,1.08,108.0,5,1,4,RED,23,1,0
2026-08-11 23:00:00,ICU,Intensive Care Unit (ICU),30,30,0,1.0,100.0,0,1,-1,RED,23,1,0
2026-08-11 23:00:00,General Medicine,General Medicine Ward,120,128,0,1.0667,106.7,3,3,0,RED,23,1,0
2026-08-11 23:00:00,Surgical Ward,Surgical & Post-Op Ward,80,72,8,0.9,90.0,2,1,1,RED,23,1,0
2026-08-11 23:00:00,Pediatrics,Pediatric Ward,40,43,0,1.075,107.5,2,0,2,RED,23,1,0
2026-08-12 00:00:00,Emergency,Emergency Department (ED),50,54,0,1.08,108.0,4,3,1,RED,0,2,0
2026-08-12 00:00:00,ICU,Intensive Care Unit (ICU),30,30,0,1.0,100.0,1,1,0,RED,0,2,0
2026-08-12 00:00:00,General Medicine,General Medicine Ward,120,129,0,1.075,107.5,5,1,4,RED,0,2,0
2026-08-12 00:00:00,Surgical Ward,Surgical & Post-Op Ward,80,73,7,0.9125,91.2,1,0,1,RED,0,2,0
2026-08-12 00:00:00,Pediatrics,Pediatric Ward,40,42,0,1.05,105.0,2,3,-1,RED,0,2,0
2026-08-12 01:00:00,Emergency,Emergency Department (ED),50,54,0,1.08,108.0,4,3,1,RED,1,2,0
2026-08-12 01:00:00,ICU,Intensive Care Unit (ICU),30,31,0,1.0333,103.3,1,0,1,RED,1,2,0
2026-08-12 01:00:00,General Medicine,General Medicine Ward,120,129,0,1.075,107.5,2,0,2,RED,1,2,0
2026-08-12 01:00:00,Surgical Ward,Surgical & Post-Op Ward,80,73,7,0.9125,91.2,0,0,0,RED,1,2,0
2026-08-12 01:00:00,Pediatrics,Pediatric Ward,40,43,0,1.075,107.5,2,1,1,RED,1,2,0
2026-08-12 02:00:00,Emergency,Emergency Department (ED),50,54,0,1.08,108.0,2,1,1,RED,2,2,0
2026-08-12 02:00:00,ICU,Intensive Care Unit (ICU),30,30,0,1.0,100.0,1,2,-1,RED,2,2,0
2026-08-12 02:00:00,General Medicine,General Medicine Ward,120,128,0,1.0667,106.7,0,1,-1,RED,2,2,0
2026-08-12 02:00:00,Surgical Ward,Surgical & Post-Op Ward,80,74,6,0.925,92.5,1,0,1,RED,2,2,0
2026-08-12 02:00:00,Pediatrics,Pediatric Ward,40,43,0,1.075,107.5,0,0,0,RED,2,2,0
2026-08-12 03:00:00,Emergency,Emergency Department (ED),50,54,0,1.08,108.0,1,0,1,RED,3,2,0
2026-08-12 03:00:00,ICU,Intensive Care Unit (ICU),30,30,0,1.0,100.0,0,0,0,RED,3,2,0
2026-08-12 03:00:00,General Medicine,General Medicine Ward,120,128,0,1.0667,106.7,2,2,0,RED,3,2,0
2026-08-12 03:00:00,Surgical Ward,Surgical & Post-Op Ward,80,75,5,0.9375,93.8,1,0,1,RED,3,2,0
2026-08-12 03:00:00,Pediatrics,Pediatric Ward,40,43,0,1.075,107.5,0,0,0,RED,3,2,0
2026-08-12 04:00:00,Emergency,Emergency Department (ED),50,54,0,1.08,108.0,2,0,2,RED,4,2,0
2026-08-12 04:00:00,ICU,Intensive Care Unit (ICU),30,30,0,1.0,100.0,0,0,0,RED,4,2,0
2026-08-12 04:00:00,General Medicine,General Medicine Ward,120,129,0,1.075,107.5,2,0,2,RED,4,2,0
2026-08-12 04:00:00,Surgical Ward,Surgical & Post-Op Ward,80,75,5,0.9375,93.8,0,0,0,RED,4,2,0
2026-08-12 04:00:00,Pediatrics,Pediatric Ward,40,43,0,1.075,107.5,0,0,0,RED,4,2,0
2026-08-12 05:00:00,Emergency,Emergency Department (ED),50,54,0,1.08,108.0,0,0,0,RED,5,2,0
2026-08-12 05:00:00,ICU,Intensive Care Unit (ICU),30,30,0,1.0,100.0,0,0,0,RED,5,2,0
2026-08-12 05:00:00,General Medicine,General Medicine Ward,120,129,0,1.075,107.5,1,0,1,RED,5,2,0
2026-08-12 05:00:00,Surgical Ward,Surgical & Post-Op Ward,80,77,3,0.9625,96.2,3,1,2,RED,5,2,0
2026-08-12 05:00:00,Pediatrics,Pediatric Ward,40,43,0,1.075,107.5,1,0,1,RED,5,2,0
2026-08-12 06:00:00,Emergency,Emergency Department (ED),50,54,0,1.08,108.0,1,0,1,RED,6,2,0
2026-08-12 06:00:00,ICU,Intensive Care Unit (ICU),30,30,0,1.0,100.0,0,0,0,RED,6,2,0
2026-08-12 06:00:00,General Medicine,General Medicine Ward,120,129,0,1.075,107.5,4,4,0,RED,6,2,0
2026-08-12 06:00:00,Surgical Ward,Surgical & Post-Op Ward,80,77,3,0.9625,96.2,4,4,0,RED,6,2,0
2026-08-12 06:00:00,Pediatrics,Pediatric Ward,40,42,0,1.05,105.0,2,3,-1,RED,6,2,0
2026-08-12 07:00:00,Emergency,Emergency Department (ED),50,53,0,1.06,106.0,2,3,-1,RED,7,2,0
2026-08-12 07:00:00,ICU,Intensive Care Unit (ICU),30,31,0,1.0333,103.3,2,1,1,RED,7,2,0
2026-08-12 07:00:00,General Medicine,General Medicine Ward,120,129,0,1.075,107.5,5,4,1,RED,7,2,0
2026-08-12 07:00:00,Surgical Ward,Surgical & Post-Op Ward,80,74,6,0.925,92.5,0,3,-3,RED,7,2,0
2026-08-12 07:00:00,Pediatrics,Pediatric Ward,40,42,0,1.05,105.0,1,1,0,RED,7,2,0
2026-08-12 08:00:00,Emergency,Emergency Department (ED),50,52,0,1.04,104.0,4,5,-1,RED,8,2,0
2026-08-12 08:00:00,ICU,Intensive Care Unit (ICU),30,31,0,1.0333,103.3,0,0,0,RED,8,2,0
2026-08-12 08:00:00,General Medicine,General Medicine Ward,120,129,0,1.075,107.5,4,4,0,RED,8,2,0
2026-08-12 08:00:00,Surgical Ward,Surgical & Post-Op Ward,80,81,0,1.0125,101.2,7,0,7,RED,8,2,0
2026-08-12 08:00:00,Pediatrics,Pediatric Ward,40,42,0,1.05,105.0,0,0,0,RED,8,2,0
2026-08-12 09:00:00,Emergency,Emergency Department (ED),50,49,1,0.98,98.0,2,5,-3,RED,9,2,0
2026-08-12 09:00:00,ICU,Intensive Care Unit (ICU),30,31,0,1.0333,103.3,1,1,0,RED,9,2,0
2026-08-12 09:00:00,General Medicine,General Medicine Ward,120,129,0,1.075,107.5,6,5,1,RED,9,2,0
2026-08-12 09:00:00,Surgical Ward,Surgical & Post-Op Ward,80,85,0,1.0625,106.2,7,3,4,RED,9,2,0
2026-08-12 09:00:00,Pediatrics,Pediatric Ward,40,42,0,1.05,105.0,1,1,0,RED,9,2,0
2026-08-12 10:00:00,Emergency,Emergency Department (ED),50,50,0,1.0,100.0,4,3,1,RED,10,2,0
2026-08-12 10:00:00,ICU,Intensive Care Unit (ICU),30,30,0,1.0,100.0,0,1,-1,RED,10,2,0
2026-08-12 10:00:00,General Medicine,General Medicine Ward,120,129,0,1.075,107.5,9,6,3,RED,10,2,0
2026-08-12 10:00:00,Surgical Ward,Surgical & Post-Op Ward,80,84,0,1.05,105.0,2,3,-1,RED,10,2,0
2026-08-12 10:00:00,Pediatrics,Pediatric Ward,40,42,0,1.05,105.0,3,3,0,RED,10,2,0
2026-08-12 11:00:00,Emergency,Emergency Department (ED),50,47,3,0.94,94.0,2,5,-3,RED,11,2,0
2026-08-12 11:00:00,ICU,Intensive Care Unit (ICU),30,30,0,1.0,100.0,1,1,0,RED,11,2,0
2026-08-12 11:00:00,General Medicine,General Medicine Ward,120,129,0,1.075,107.5,6,2,4,RED,11,2,0
2026-08-12 11:00:00,Surgical Ward,Surgical & Post-Op Ward,80,77,3,0.9625,96.2,2,9,-7,RED,11,2,0
2026-08-12 11:00:00,Pediatrics,Pediatric Ward,40,42,0,1.05,105.0,1,1,0,RED,11,2,0
2026-08-12 12:00:00,Emergency,Emergency Department (ED),50,49,1,0.98,98.0,3,1,2,RED,12,2,0
2026-08-12 12:00:00,ICU,Intensive Care Unit (ICU),30,32,0,1.0667,106.7,3,1,2,RED,12,2,0
2026-08-12 12:00:00,General Medicine,General Medicine Ward,120,126,0,1.05,105.0,1,4,-3,RED,12,2,0
2026-08-12 12:00:00,Surgical Ward,Surgical & Post-Op Ward,80,76,4,0.95,95.0,2,3,-1,RED,12,2,0
2026-08-12 12:00:00,Pediatrics,Pediatric Ward,40,43,0,1.075,107.5,1,0,1,RED,12,2,0
2026-08-12 13:00:00,Emergency,Emergency Department (ED),50,52,0,1.04,104.0,3,0,3,RED,13,2,0
2026-08-12 13:00:00,ICU,Intensive Care Unit (ICU),30,32,0,1.0667,106.7,1,0,1,RED,13,2,0
2026-08-12 13:00:00,General Medicine,General Medicine Ward,120,129,0,1.075,107.5,10,6,4,RED,13,2,0
2026-08-12 13:00:00,Surgical Ward,Surgical & Post-Op Ward,80,77,3,0.9625,96.2,6,5,1,RED,13,2,0
2026-08-12 13:00:00,Pediatrics,Pediatric Ward,40,43,0,1.075,107.5,2,0,2,RED,13,2,0
2026-08-12 14:00:00,Emergency,Emergency Department (ED),50,50,0,1.0,100.0,5,7,-2,RED,14,2,0
2026-08-12 14:00:00,ICU,Intensive Care Unit (ICU),30,32,0,1.0667,106.7,2,0,2,RED,14,2,0
2026-08-12 14:00:00,General Medicine,General Medicine Ward,120,129,0,1.075,107.5,11,4,7,RED,14,2,0
2026-08-12 14:00:00,Surgical Ward,Surgical & Post-Op Ward,80,77,3,0.9625,96.2,4,4,0,RED,14,2,0
2026-08-12 14:00:00,Pediatrics,Pediatric Ward,40,41,0,1.025,102.5,1,3,-2,RED,14,2,0
2026-08-12 15:00:00,Emergency,Emergency Department (ED),50,53,0,1.06,106.0,6,3,3,RED,15,2,0
2026-08-12 15:00:00,ICU,Intensive Care Unit (ICU),30,32,0,1.0667,106.7,1,0,1,RED,15,2,0
2026-08-12 15:00:00,General Medicine,General Medicine Ward,120,129,0,1.075,107.5,6,4,2,RED,15,2,0
2026-08-12 15:00:00,Surgical Ward,Surgical & Post-Op Ward,80,78,2,0.975,97.5,4,3,1,RED,15,2,0
2026-08-12 15:00:00,Pediatrics,Pediatric Ward,40,41,0,1.025,102.5,1,1,0,RED,15,2,0
2026-08-12 16:00:00,Emergency,Emergency Department (ED),50,54,0,1.08,108.0,7,0,7,RED,16,2,0
2026-08-12 16:00:00,ICU,Intensive Care Unit (ICU),30,32,0,1.0667,106.7,1,0,1,RED,16,2,0
2026-08-12 16:00:00,General Medicine,General Medicine Ward,120,129,0,1.075,107.5,7,3,4,RED,16,2,0
2026-08-12 16:00:00,Surgical Ward,Surgical & Post-Op Ward,80,80,0,1.0,100.0,3,1,2,RED,16,2,0
2026-08-12 16:00:00,Pediatrics,Pediatric Ward,40,41,0,1.025,102.5,1,1,0,RED,16,2,0
2026-08-12 17:00:00,Emergency,Emergency Department (ED),50,54,0,1.08,108.0,4,0,4,RED,17,2,0
2026-08-12 17:00:00,ICU,Intensive Care Unit (ICU),30,32,0,1.0667,106.7,1,1,0,RED,17,2,0
2026-08-12 17:00:00,General Medicine,General Medicine Ward,120,129,0,1.075,107.5,3,3,0,RED,17,2,0
2026-08-12 17:00:00,Surgical Ward,Surgical & Post-Op Ward,80,79,1,0.9875,98.8,0,1,-1,RED,17,2,0
2026-08-12 17:00:00,Pediatrics,Pediatric Ward,40,42,0,1.05,105.0,2,1,1,RED,17,2,0
2026-08-12 18:00:00,Emergency,Emergency Department (ED),50,54,0,1.08,108.0,5,1,4,RED,18,2,0
2026-08-12 18:00:00,ICU,Intensive Care Unit (ICU),30,32,0,1.0667,106.7,2,1,1,RED,18,2,0
2026-08-12 18:00:00,General Medicine,General Medicine Ward,120,128,0,1.0667,106.7,3,4,-1,RED,18,2,0
2026-08-12 18:00:00,Surgical Ward,Surgical & Post-Op Ward,80,79,1,0.9875,98.8,2,2,0,RED,18,2,0
2026-08-12 18:00:00,Pediatrics,Pediatric Ward,40,42,0,1.05,105.0,0,0,0,RED,18,2,0
2026-08-12 19:00:00,Emergency,Emergency Department (ED),50,54,0,1.08,108.0,5,0,5,RED,19,2,0
2026-08-12 19:00:00,ICU,Intensive Care Unit (ICU),30,32,0,1.0667,106.7,0,0,0,RED,19,2,0
2026-08-12 19:00:00,General Medicine,General Medicine Ward,120,129,0,1.075,107.5,6,0,6,RED,19,2,0
2026-08-12 19:00:00,Surgical Ward,Surgical & Post-Op Ward,80,81,0,1.0125,101.2,3,1,2,RED,19,2,0
2026-08-12 19:00:00,Pediatrics,Pediatric Ward,40,43,0,1.075,107.5,1,0,1,RED,19,2,0
2026-08-12 20:00:00,Emergency,Emergency Department (ED),50,54,0,1.08,108.0,5,0,5,RED,20,2,0
2026-08-12 20:00:00,ICU,Intensive Care Unit (ICU),30,31,0,1.0333,103.3,0,1,-1,RED,20,2,0
2026-08-12 20:00:00,General Medicine,General Medicine Ward,120,129,0,1.075,107.5,2,1,1,RED,20,2,0
2026-08-12 20:00:00,Surgical Ward,Surgical & Post-Op Ward,80,82,0,1.025,102.5,3,2,1,RED,20,2,0
2026-08-12 20:00:00,Pediatrics,Pediatric Ward,40,42,0,1.05,105.0,1,2,-1,RED,20,2,0
2026-08-12 21:00:00,Emergency,Emergency Department (ED),50,54,0,1.08,108.0,6,4,2,RED,21,2,0
2026-08-12 21:00:00,ICU,Intensive Care Unit (ICU),30,30,0,1.0,100.0,0,1,-1,RED,21,2,0
2026-08-12 21:00:00,General Medicine,General Medicine Ward,120,129,0,1.075,107.5,6,6,0,RED,21,2,0
2026-08-12 21:00:00,Surgical Ward,Surgical & Post-Op Ward,80,80,0,1.0,100.0,1,3,-2,RED,21,2,0
2026-08-12 21:00:00,Pediatrics,Pediatric Ward,40,43,0,1.075,107.5,2,0,2,RED,21,2,0
2026-08-12 22:00:00,Emergency,Emergency Department (ED),50,53,0,1.06,106.0,0,1,-1,RED,22,2,0
2026-08-12 22:00:00,ICU,Intensive Care Unit (ICU),30,28,2,0.9333,93.3,0,2,-2,RED,22,2,0
2026-08-12 22:00:00,General Medicine,General Medicine Ward,120,129,0,1.075,107.5,5,4,1,RED,22,2,0
2026-08-12 22:00:00,Surgical Ward,Surgical & Post-Op Ward,80,80,0,1.0,100.0,2,2,0,RED,22,2,0
2026-08-12 22:00:00,Pediatrics,Pediatric Ward,40,42,0,1.05,105.0,1,2,-1,RED,22,2,0
2026-08-12 23:00:00,Emergency,Emergency Department (ED),50,53,0,1.06,106.0,4,4,0,RED,23,2,0
2026-08-12 23:00:00,ICU,Intensive Care Unit (ICU),30,30,0,1.0,100.0,2,0,2,RED,23,2,0
2026-08-12 23:00:00,General Medicine,General Medicine Ward,120,128,0,1.0667,106.7,4,5,-1,RED,23,2,0
2026-08-12 23:00:00,Surgical Ward,Surgical & Post-Op Ward,80,81,0,1.0125,101.2,1,0,1,RED,23,2,0
2026-08-12 23:00:00,Pediatrics,Pediatric Ward,40,43,0,1.075,107.5,2,0,2,RED,23,2,0
2026-08-13 00:00:00,Emergency,Emergency Department (ED),50,54,0,1.08,108.0,7,5,2,RED,0,3,0
2026-08-13 00:00:00,ICU,Intensive Care Unit (ICU),30,30,0,1.0,100.0,0,0,0,RED,0,3,0
2026-08-13 00:00:00,General Medicine,General Medicine Ward,120,126,0,1.05,105.0,2,4,-2,RED,0,3,0
2026-08-13 00:00:00,Surgical Ward,Surgical & Post-Op Ward,80,82,0,1.025,102.5,1,0,1,RED,0,3,0
2026-08-13 00:00:00,Pediatrics,Pediatric Ward,40,43,0,1.075,107.5,0,0,0,RED,0,3,0
2026-08-13 01:00:00,Emergency,Emergency Department (ED),50,54,0,1.08,108.0,3,0,3,RED,1,3,0
2026-08-13 01:00:00,ICU,Intensive Care Unit (ICU),30,28,2,0.9333,93.3,0,2,-2,RED,1,3,0
2026-08-13 01:00:00,General Medicine,General Medicine Ward,120,126,0,1.05,105.0,1,1,0,RED,1,3,0
2026-08-13 01:00:00,Surgical Ward,Surgical & Post-Op Ward,80,82,0,1.025,102.5,0,0,0,RED,1,3,0
2026-08-13 01:00:00,Pediatrics,Pediatric Ward,40,43,0,1.075,107.5,0,0,0,RED,1,3,0
2026-08-13 02:00:00,Emergency,Emergency Department (ED),50,53,0,1.06,106.0,0,1,-1,RED,2,3,0
2026-08-13 02:00:00,ICU,Intensive Care Unit (ICU),30,27,3,0.9,90.0,0,1,-1,RED,2,3,0
2026-08-13 02:00:00,General Medicine,General Medicine Ward,120,127,0,1.0583,105.8,2,1,1,RED,2,3,0
2026-08-13 02:00:00,Surgical Ward,Surgical & Post-Op Ward,80,83,0,1.0375,103.8,1,0,1,RED,2,3,0
2026-08-13 02:00:00,Pediatrics,Pediatric Ward,40,43,0,1.075,107.5,1,0,1,RED,2,3,0
2026-08-13 03:00:00,Emergency,Emergency Department (ED),50,52,0,1.04,104.0,0,1,-1,RED,3,3,0
2026-08-13 03:00:00,ICU,Intensive Care Unit (ICU),30,27,3,0.9,90.0,0,0,0,RED,3,3,0
2026-08-13 03:00:00,General Medicine,General Medicine Ward,120,126,0,1.05,105.0,0,1,-1,RED,3,3,0
2026-08-13 03:00:00,Surgical Ward,Surgical & Post-Op Ward,80,82,0,1.025,102.5,0,1,-1,RED,3,3,0
2026-08-13 03:00:00,Pediatrics,Pediatric Ward,40,43,0,1.075,107.5,0,0,0,RED,3,3,0
2026-08-13 04:00:00,Emergency,Emergency Department (ED),50,53,0,1.06,106.0,2,1,1,RED,4,3,0
2026-08-13 04:00:00,ICU,Intensive Care Unit (ICU),30,27,3,0.9,90.0,0,0,0,RED,4,3,0
2026-08-13 04:00:00,General Medicine,General Medicine Ward,120,127,0,1.0583,105.8,1,0,1,RED,4,3,0
2026-08-13 04:00:00,Surgical Ward,Surgical & Post-Op Ward,80,84,0,1.05,105.0,2,0,2,RED,4,3,0
2026-08-13 04:00:00,Pediatrics,Pediatric Ward,40,43,0,1.075,107.5,0,0,0,RED,4,3,0
2026-08-13 05:00:00,Emergency,Emergency Department (ED),50,54,0,1.08,108.0,2,0,2,RED,5,3,0
2026-08-13 05:00:00,ICU,Intensive Care Unit (ICU),30,27,3,0.9,90.0,0,0,0,RED,5,3,0
2026-08-13 05:00:00,General Medicine,General Medicine Ward,120,126,0,1.05,105.0,0,1,-1,RED,5,3,0
2026-08-13 05:00:00,Surgical Ward,Surgical & Post-Op Ward,80,86,0,1.075,107.5,3,1,2,RED,5,3,0
2026-08-13 05:00:00,Pediatrics,Pediatric Ward,40,43,0,1.075,107.5,0,0,0,RED,5,3,0
2026-08-13 06:00:00,Emergency,Emergency Department (ED),50,54,0,1.08,108.0,2,1,1,RED,6,3,0
2026-08-13 06:00:00,ICU,Intensive Care Unit (ICU),30,27,3,0.9,90.0,0,0,0,RED,6,3,0
2026-08-13 06:00:00,General Medicine,General Medicine Ward,120,123,0,1.025,102.5,2,5,-3,RED,6,3,0
2026-08-13 06:00:00,Surgical Ward,Surgical & Post-Op Ward,80,86,0,1.075,107.5,4,2,2,RED,6,3,0
2026-08-13 06:00:00,Pediatrics,Pediatric Ward,40,43,0,1.075,107.5,1,0,1,RED,6,3,0
2026-08-13 07:00:00,Emergency,Emergency Department (ED),50,54,0,1.08,108.0,5,2,3,RED,7,3,0
2026-08-13 07:00:00,ICU,Intensive Care Unit (ICU),30,28,2,0.9333,93.3,1,0,1,RED,7,3,0
2026-08-13 07:00:00,General Medicine,General Medicine Ward,120,120,0,1.0,100.0,0,3,-3,RED,7,3,0
2026-08-13 07:00:00,Surgical Ward,Surgical & Post-Op Ward,80,86,0,1.075,107.5,2,0,2,RED,7,3,0
2026-08-13 07:00:00,Pediatrics,Pediatric Ward,40,43,0,1.075,107.5,2,0,2,RED,7,3,0
2026-08-13 08:00:00,Emergency,Emergency Department (ED),50,54,0,1.08,108.0,5,2,3,RED,8,3,0
2026-08-13 08:00:00,ICU,Intensive Care Unit (ICU),30,27,3,0.9,90.0,0,1,-1,RED,8,3,0
2026-08-13 08:00:00,General Medicine,General Medicine Ward,120,120,0,1.0,100.0,6,6,0,RED,8,3,0
2026-08-13 08:00:00,Surgical Ward,Surgical & Post-Op Ward,80,86,0,1.075,107.5,7,2,5,RED,8,3,0
2026-08-13 08:00:00,Pediatrics,Pediatric Ward,40,43,0,1.075,107.5,1,1,0,RED,8,3,0
2026-08-13 09:00:00,Emergency,Emergency Department (ED),50,54,0,1.08,108.0,2,2,0,RED,9,3,0
2026-08-13 09:00:00,ICU,Intensive Care Unit (ICU),30,26,4,0.8667,86.7,0,1,-1,AMBER,9,3,0
2026-08-13 09:00:00,General Medicine,General Medicine Ward,120,125,0,1.0417,104.2,5,0,5,RED,9,3,0
2026-08-13 09:00:00,Surgical Ward,Surgical & Post-Op Ward,80,86,0,1.075,107.5,4,3,1,RED,9,3,0
2026-08-13 09:00:00,Pediatrics,Pediatric Ward,40,43,0,1.075,107.5,0,0,0,RED,9,3,0
2026-08-13 10:00:00,Emergency,Emergency Department (ED),50,53,0,1.06,106.0,4,5,-1,RED,10,3,0
2026-08-13 10:00:00,ICU,Intensive Care Unit (ICU),30,24,6,0.8,80.0,0,2,-2,AMBER,10,3,0
2026-08-13 10:00:00,General Medicine,General Medicine Ward,120,123,0,1.025,102.5,2,4,-2,RED,10,3,0
2026-08-13 10:00:00,Surgical Ward,Surgical & Post-Op Ward,80,86,0,1.075,107.5,6,0,6,RED,10,3,0
2026-08-13 10:00:00,Pediatrics,Pediatric Ward,40,40,0,1.0,100.0,0,3,-3,RED,10,3,0
2026-08-13 11:00:00,Emergency,Emergency Department (ED),50,54,0,1.08,108.0,5,3,2,RED,11,3,0
2026-08-13 11:00:00,ICU,Intensive Care Unit (ICU),30,24,6,0.8,80.0,0,0,0,AMBER,11,3,0
2026-08-13 11:00:00,General Medicine,General Medicine Ward,120,127,0,1.0583,105.8,4,0,4,RED,11,3,0
2026-08-13 11:00:00,Surgical Ward,Surgical & Post-Op Ward,80,86,0,1.075,107.5,4,3,1,RED,11,3,0
2026-08-13 11:00:00,Pediatrics,Pediatric Ward,40,43,0,1.075,107.5,5,1,4,RED,11,3,0
2026-08-13 12:00:00,Emergency,Emergency Department (ED),50,52,0,1.04,104.0,3,5,-2,RED,12,3,0
2026-08-13 12:00:00,ICU,Intensive Care Unit (ICU),30,23,7,0.7667,76.7,1,2,-1,GREEN,12,3,0
2026-08-13 12:00:00,General Medicine,General Medicine Ward,120,126,0,1.05,105.0,1,2,-1,RED,12,3,0
2026-08-13 12:00:00,Surgical Ward,Surgical & Post-Op Ward,80,86,0,1.075,107.5,1,1,0,RED,12,3,0
2026-08-13 12:00:00,Pediatrics,Pediatric Ward,40,40,0,1.0,100.0,0,3,-3,RED,12,3,0
2026-08-13 13:00:00,Emergency,Emergency Department (ED),50,50,0,1.0,100.0,2,4,-2,RED,13,3,0
2026-08-13 13:00:00,ICU,Intensive Care Unit (ICU),30,22,8,0.7333,73.3,0,1,-1,GREEN,13,3,0
2026-08-13 13:00:00,General Medicine,General Medicine Ward,120,129,0,1.075,107.5,7,3,4,RED,13,3,0
2026-08-13 13:00:00,Surgical Ward,Surgical & Post-Op Ward,80,86,0,1.075,107.5,5,0,5,RED,13,3,0
2026-08-13 13:00:00,Pediatrics,Pediatric Ward,40,39,1,0.975,97.5,1,2,-1,RED,13,3,0
2026-08-13 14:00:00,Emergency,Emergency Department (ED),50,52,0,1.04,104.0,7,5,2,RED,14,3,0
2026-08-13 14:00:00,ICU,Intensive Care Unit (ICU),30,23,7,0.7667,76.7,1,0,1,GREEN,14,3,0
2026-08-13 14:00:00,General Medicine,General Medicine Ward,120,129,0,1.075,107.5,6,6,0,RED,14,3,0
2026-08-13 14:00:00,Surgical Ward,Surgical & Post-Op Ward,80,86,0,1.075,107.5,4,3,1,RED,14,3,0
2026-08-13 14:00:00,Pediatrics,Pediatric Ward,40,38,2,0.95,95.0,1,2,-1,RED,14,3,0
2026-08-13 15:00:00,Emergency,Emergency Department (ED),50,54,0,1.08,108.0,6,4,2,RED,15,3,0
2026-08-13 15:00:00,ICU,Intensive Care Unit (ICU),30,23,7,0.7667,76.7,1,1,0,GREEN,15,3,0
2026-08-13 15:00:00,General Medicine,General Medicine Ward,120,129,0,1.075,107.5,5,3,2,RED,15,3,0
2026-08-13 15:00:00,Surgical Ward,Surgical & Post-Op Ward,80,85,0,1.0625,106.2,1,2,-1,RED,15,3,0
2026-08-13 15:00:00,Pediatrics,Pediatric Ward,40,38,2,0.95,95.0,1,1,0,RED,15,3,0
2026-08-13 16:00:00,Emergency,Emergency Department (ED),50,54,0,1.08,108.0,10,1,9,RED,16,3,0
2026-08-13 16:00:00,ICU,Intensive Care Unit (ICU),30,23,7,0.7667,76.7,1,1,0,GREEN,16,3,0
2026-08-13 16:00:00,General Medicine,General Medicine Ward,120,129,0,1.075,107.5,8,3,5,RED,16,3,0
2026-08-13 16:00:00,Surgical Ward,Surgical & Post-Op Ward,80,81,0,1.0125,101.2,0,4,-4,RED,16,3,0
2026-08-13 16:00:00,Pediatrics,Pediatric Ward,40,40,0,1.0,100.0,2,0,2,RED,16,3,0
2026-08-13 17:00:00,Emergency,Emergency Department (ED),50,54,0,1.08,108.0,11,4,7,RED,17,3,0
2026-08-13 17:00:00,ICU,Intensive Care Unit (ICU),30,24,6,0.8,80.0,1,0,1,AMBER,17,3,0
2026-08-13 17:00:00,General Medicine,General Medicine Ward,120,129,0,1.075,107.5,6,5,1,RED,17,3,0
2026-08-13 17:00:00,Surgical Ward,Surgical & Post-Op Ward,80,82,0,1.025,102.5,3,2,1,RED,17,3,0
2026-08-13 17:00:00,Pediatrics,Pediatric Ward,40,41,0,1.025,102.5,1,0,1,RED,17,3,0
2026-08-13 18:00:00,Emergency,Emergency Department (ED),50,54,0,1.08,108.0,6,3,3,RED,18,3,0
2026-08-13 18:00:00,ICU,Intensive Care Unit (ICU),30,25,5,0.8333,83.3,2,1,1,AMBER,18,3,0
2026-08-13 18:00:00,General Medicine,General Medicine Ward,120,129,0,1.075,107.5,2,0,2,RED,18,3,0
2026-08-13 18:00:00,Surgical Ward,Surgical & Post-Op Ward,80,83,0,1.0375,103.8,2,1,1,RED,18,3,0
2026-08-13 18:00:00,Pediatrics,Pediatric Ward,40,43,0,1.075,107.5,2,0,2,RED,18,3,0
2026-08-13 19:00:00,Emergency,Emergency Department (ED),50,54,0,1.08,108.0,4,2,2,RED,19,3,0
2026-08-13 19:00:00,ICU,Intensive Care Unit (ICU),30,27,3,0.9,90.0,2,0,2,RED,19,3,0
2026-08-13 19:00:00,General Medicine,General Medicine Ward,120,129,0,1.075,107.5,4,4,0,RED,19,3,0
2026-08-13 19:00:00,Surgical Ward,Surgical & Post-Op Ward,80,83,0,1.0375,103.8,2,2,0,RED,19,3,0
2026-08-13 19:00:00,Pediatrics,Pediatric Ward,40,43,0,1.075,107.5,1,1,0,RED,19,3,0
2026-08-13 20:00:00,Emergency,Emergency Department (ED),50,51,0,1.02,102.0,2,5,-3,RED,20,3,0
2026-08-13 20:00:00,ICU,Intensive Care Unit (ICU),30,25,5,0.8333,83.3,0,2,-2,AMBER,20,3,0
2026-08-13 20:00:00,General Medicine,General Medicine Ward,120,129,0,1.075,107.5,4,4,0,RED,20,3,0
2026-08-13 20:00:00,Surgical Ward,Surgical & Post-Op Ward,80,81,0,1.0125,101.2,0,2,-2,RED,20,3,0
2026-08-13 20:00:00,Pediatrics,Pediatric Ward,40,42,0,1.05,105.0,0,1,-1,RED,20,3,0
2026-08-13 21:00:00,Emergency,Emergency Department (ED),50,47,3,0.94,94.0,0,4,-4,RED,21,3,0
2026-08-13 21:00:00,ICU,Intensive Care Unit (ICU),30,26,4,0.8667,86.7,2,1,1,AMBER,21,3,0
2026-08-13 21:00:00,General Medicine,General Medicine Ward,120,129,0,1.075,107.5,4,4,0,RED,21,3,0
2026-08-13 21:00:00,Surgical Ward,Surgical & Post-Op Ward,80,79,1,0.9875,98.8,2,4,-2,RED,21,3,0
2026-08-13 21:00:00,Pediatrics,Pediatric Ward,40,43,0,1.075,107.5,2,1,1,RED,21,3,0
2026-08-13 22:00:00,Emergency,Emergency Department (ED),50,48,2,0.96,96.0,4,3,1,RED,22,3,0
2026-08-13 22:00:00,ICU,Intensive Care Unit (ICU),30,25,5,0.8333,83.3,0,1,-1,AMBER,22,3,0
2026-08-13 22:00:00,General Medicine,General Medicine Ward,120,128,0,1.0667,106.7,2,3,-1,RED,22,3,0
2026-08-13 22:00:00,Surgical Ward,Surgical & Post-Op Ward,80,83,0,1.0375,103.8,6,2,4,RED,22,3,0
2026-08-13 22:00:00,Pediatrics,Pediatric Ward,40,42,0,1.05,105.0,0,1,-1,RED,22,3,0
2026-08-13 23:00:00,Emergency,Emergency Department (ED),50,48,2,0.96,96.0,4,4,0,RED,23,3,0
2026-08-13 23:00:00,ICU,Intensive Care Unit (ICU),30,24,6,0.8,80.0,1,2,-1,AMBER,23,3,0
2026-08-13 23:00:00,General Medicine,General Medicine Ward,120,128,0,1.0667,106.7,4,4,0,RED,23,3,0
2026-08-13 23:00:00,Surgical Ward,Surgical & Post-Op Ward,80,80,0,1.0,100.0,1,4,-3,RED,23,3,0
2026-08-13 23:00:00,Pediatrics,Pediatric Ward,40,43,0,1.075,107.5,2,1,1,RED,23,3,0
2026-08-14 00:00:00,Emergency,Emergency Department (ED),50,48,2,0.96,96.0,4,4,0,RED,0,4,0
2026-08-14 00:00:00,ICU,Intensive Care Unit (ICU),30,25,5,0.8333,83.3,1,0,1,AMBER,0,4,0
2026-08-14 00:00:00,General Medicine,General Medicine Ward,120,127,0,1.0583,105.8,2,3,-1,RED,0,4,0
2026-08-14 00:00:00,Surgical Ward,Surgical & Post-Op Ward,80,80,0,1.0,100.0,1,1,0,RED,0,4,0
2026-08-14 00:00:00,Pediatrics,Pediatric Ward,40,43,0,1.075,107.5,2,1,1,RED,0,4,0
2026-08-14 01:00:00,Emergency,Emergency Department (ED),50,54,0,1.08,108.0,6,0,6,RED,1,4,0
2026-08-14 01:00:00,ICU,Intensive Care Unit (ICU),30,24,6,0.8,80.0,0,1,-1,AMBER,1,4,0
2026-08-14 01:00:00,General Medicine,General Medicine Ward,120,129,0,1.075,107.5,2,0,2,RED,1,4,0
2026-08-14 01:00:00,Surgical Ward,Surgical & Post-Op Ward,80,80,0,1.0,100.0,0,0,0,RED,1,4,0
2026-08-14 01:00:00,Pediatrics,Pediatric Ward,40,43,0,1.075,107.5,1,0,1,RED,1,4,0
2026-08-14 02:00:00,Emergency,Emergency Department (ED),50,54,0,1.08,108.0,0,0,0,RED,2,4,0
2026-08-14 02:00:00,ICU,Intensive Care Unit (ICU),30,23,7,0.7667,76.7,0,1,-1,GREEN,2,4,0
2026-08-14 02:00:00,General Medicine,General Medicine Ward,120,129,0,1.075,107.5,1,0,1,RED,2,4,0
2026-08-14 02:00:00,Surgical Ward,Surgical & Post-Op Ward,80,79,1,0.9875,98.8,0,1,-1,RED,2,4,0
2026-08-14 02:00:00,Pediatrics,Pediatric Ward,40,42,0,1.05,105.0,0,1,-1,RED,2,4,0
2026-08-14 03:00:00,Emergency,Emergency Department (ED),50,54,0,1.08,108.0,0,0,0,RED,3,4,0
2026-08-14 03:00:00,ICU,Intensive Care Unit (ICU),30,23,7,0.7667,76.7,0,0,0,GREEN,3,4,0
2026-08-14 03:00:00,General Medicine,General Medicine Ward,120,129,0,1.075,107.5,1,1,0,RED,3,4,0
2026-08-14 03:00:00,Surgical Ward,Surgical & Post-Op Ward,80,79,1,0.9875,98.8,0,0,0,RED,3,4,0
2026-08-14 03:00:00,Pediatrics,Pediatric Ward,40,42,0,1.05,105.0,0,0,0,RED,3,4,0
2026-08-14 04:00:00,Emergency,Emergency Department (ED),50,54,0,1.08,108.0,1,1,0,RED,4,4,0
2026-08-14 04:00:00,ICU,Intensive Care Unit (ICU),30,23,7,0.7667,76.7,0,0,0,GREEN,4,4,0
2026-08-14 04:00:00,General Medicine,General Medicine Ward,120,127,0,1.0583,105.8,0,2,-2,RED,4,4,0
2026-08-14 04:00:00,Surgical Ward,Surgical & Post-Op Ward,80,79,1,0.9875,98.8,0,0,0,RED,4,4,0
2026-08-14 04:00:00,Pediatrics,Pediatric Ward,40,42,0,1.05,105.0,0,0,0,RED,4,4,0
2026-08-14 05:00:00,Emergency,Emergency Department (ED),50,54,0,1.08,108.0,2,0,2,RED,5,4,0
2026-08-14 05:00:00,ICU,Intensive Care Unit (ICU),30,23,7,0.7667,76.7,0,0,0,GREEN,5,4,0
2026-08-14 05:00:00,General Medicine,General Medicine Ward,120,126,0,1.05,105.0,0,1,-1,RED,5,4,0
2026-08-14 05:00:00,Surgical Ward,Surgical & Post-Op Ward,80,79,1,0.9875,98.8,1,1,0,RED,5,4,0
2026-08-14 05:00:00,Pediatrics,Pediatric Ward,40,42,0,1.05,105.0,0,0,0,RED,5,4,0
2026-08-14 06:00:00,Emergency,Emergency Department (ED),50,54,0,1.08,108.0,2,0,2,RED,6,4,0
2026-08-14 06:00:00,ICU,Intensive Care Unit (ICU),30,22,8,0.7333,73.3,0,1,-1,GREEN,6,4,0
2026-08-14 06:00:00,General Medicine,General Medicine Ward,120,128,0,1.0667,106.7,3,1,2,RED,6,4,0
2026-08-14 06:00:00,Surgical Ward,Surgical & Post-Op Ward,80,78,2,0.975,97.5,3,4,-1,RED,6,4,0
2026-08-14 06:00:00,Pediatrics,Pediatric Ward,40,43,0,1.075,107.5,2,0,2,RED,6,4,0
2026-08-14 07:00:00,Emergency,Emergency Department (ED),50,54,0,1.08,108.0,6,3,3,RED,7,4,0
2026-08-14 07:00:00,ICU,Intensive Care Unit (ICU),30,23,7,0.7667,76.7,1,0,1,GREEN,7,4,0
2026-08-14 07:00:00,General Medicine,General Medicine Ward,120,125,0,1.0417,104.2,2,5,-3,RED,7,4,0
2026-08-14 07:00:00,Surgical Ward,Surgical & Post-Op Ward,80,78,2,0.975,97.5,2,2,0,RED,7,4,0
2026-08-14 07:00:00,Pediatrics,Pediatric Ward,40,43,0,1.075,107.5,2,1,1,RED,7,4,0
2026-08-14 08:00:00,Emergency,Emergency Department (ED),50,54,0,1.08,108.0,4,2,2,RED,8,4,0
2026-08-14 08:00:00,ICU,Intensive Care Unit (ICU),30,23,7,0.7667,76.7,0,0,0,GREEN,8,4,0
2026-08-14 08:00:00,General Medicine,General Medicine Ward,120,124,0,1.0333,103.3,2,3,-1,RED,8,4,0
2026-08-14 08:00:00,Surgical Ward,Surgical & Post-Op Ward,80,81,0,1.0125,101.2,3,0,3,RED,8,4,0
2026-08-14 08:00:00,Pediatrics,Pediatric Ward,40,43,0,1.075,107.5,2,0,2,RED,8,4,0
2026-08-14 09:00:00,Emergency,Emergency Department (ED),50,53,0,1.06,106.0,3,4,-1,RED,9,4,0
2026-08-14 09:00:00,ICU,Intensive Care Unit (ICU),30,22,8,0.7333,73.3,0,1,-1,GREEN,9,4,0
2026-08-14 09:00:00,General Medicine,General Medicine Ward,120,128,0,1.0667,106.7,8,4,4,RED,9,4,0
2026-08-14 09:00:00,Surgical Ward,Surgical & Post-Op Ward,80,81,0,1.0125,101.2,5,5,0,RED,9,4,0
2026-08-14 09:00:00,Pediatrics,Pediatric Ward,40,42,0,1.05,105.0,1,2,-1,RED,9,4,0
2026-08-14 10:00:00,Emergency,Emergency Department (ED),50,52,0,1.04,104.0,2,3,-1,RED,10,4,0
2026-08-14 10:00:00,ICU,Intensive Care Unit (ICU),30,21,9,0.7,70.0,0,1,-1,GREEN,10,4,0
2026-08-14 10:00:00,General Medicine,General Medicine Ward,120,128,0,1.0667,106.7,4,4,0,RED,10,4,0
2026-08-14 10:00:00,Surgical Ward,Surgical & Post-Op Ward,80,77,3,0.9625,96.2,1,5,-4,RED,10,4,0
2026-08-14 10:00:00,Pediatrics,Pediatric Ward,40,43,0,1.075,107.5,3,1,2,RED,10,4,0
2026-08-14 11:00:00,Emergency,Emergency Department (ED),50,53,0,1.06,106.0,4,3,1,RED,11,4,0
2026-08-14 11:00:00,ICU,Intensive Care Unit (ICU),30,20,10,0.6667,66.7,1,2,-1,GREEN,11,4,0
2026-08-14 11:00:00,General Medicine,General Medicine Ward,120,129,0,1.075,107.5,7,1,6,RED,11,4,0
2026-08-14 11:00:00,Surgical Ward,Surgical & Post-Op Ward,80,78,2,0.975,97.5,2,1,1,RED,11,4,0
2026-08-14 11:00:00,Pediatrics,Pediatric Ward,40,43,0,1.075,107.5,0,0,0,RED,11,4,0
2026-08-14 12:00:00,Emergency,Emergency Department (ED),50,50,0,1.0,100.0,1,4,-3,RED,12,4,0
2026-08-14 12:00:00,ICU,Intensive Care Unit (ICU),30,19,11,0.6333,63.3,0,1,-1,GREEN,12,4,0
2026-08-14 12:00:00,General Medicine,General Medicine Ward,120,129,0,1.075,107.5,4,1,3,RED,12,4,0
2026-08-14 12:00:00,Surgical Ward,Surgical & Post-Op Ward,80,79,1,0.9875,98.8,3,2,1,RED,12,4,0
2026-08-14 12:00:00,Pediatrics,Pediatric Ward,40,42,0,1.05,105.0,0,1,-1,RED,12,4,0
2026-08-14 13:00:00,Emergency,Emergency Department (ED),50,48,2,0.96,96.0,2,4,-2,RED,13,4,0
2026-08-14 13:00:00,ICU,Intensive Care Unit (ICU),30,20,10,0.6667,66.7,1,0,1,GREEN,13,4,0
2026-08-14 13:00:00,General Medicine,General Medicine Ward,120,129,0,1.075,107.5,4,1,3,RED,13,4,0
2026-08-14 13:00:00,Surgical Ward,Surgical & Post-Op Ward,80,77,3,0.9625,96.2,1,3,-2,RED,13,4,0
2026-08-14 13:00:00,Pediatrics,Pediatric Ward,40,40,0,1.0,100.0,0,2,-2,RED,13,4,0
2026-08-14 14:00:00,Emergency,Emergency Department (ED),50,39,11,0.78,78.0,1,10,-9,AMBER,14,4,0
2026-08-14 14:00:00,ICU,Intensive Care Unit (ICU),30,20,10,0.6667,66.7,1,1,0,GREEN,14,4,0
2026-08-14 14:00:00,General Medicine,General Medicine Ward,120,129,0,1.075,107.5,5,4,1,RED,14,4,0
2026-08-14 14:00:00,Surgical Ward,Surgical & Post-Op Ward,80,77,3,0.9625,96.2,6,6,0,RED,14,4,0
2026-08-14 14:00:00,Pediatrics,Pediatric Ward,40,40,0,1.0,100.0,1,1,0,RED,14,4,0
2026-08-14 15:00:00,Emergency,Emergency Department (ED),50,41,9,0.82,82.0,3,1,2,AMBER,15,4,0
2026-08-14 15:00:00,ICU,Intensive Care Unit (ICU),30,21,9,0.7,70.0,1,0,1,GREEN,15,4,0
2026-08-14 15:00:00,General Medicine,General Medicine Ward,120,129,0,1.075,107.5,3,2,1,RED,15,4,0
2026-08-14 15:00:00,Surgical Ward,Surgical & Post-Op Ward,80,77,3,0.9625,96.2,2,2,0,RED,15,4,0
2026-08-14 15:00:00,Pediatrics,Pediatric Ward,40,38,2,0.95,95.0,0,2,-2,RED,15,4,0
2026-08-14 16:00:00,Emergency,Emergency Department (ED),50,44,6,0.88,88.0,6,3,3,AMBER,16,4,0
2026-08-14 16:00:00,ICU,Intensive Care Unit (ICU),30,21,9,0.7,70.0,0,0,0,GREEN,16,4,0
2026-08-14 16:00:00,General Medicine,General Medicine Ward,120,129,0,1.075,107.5,11,2,9,RED,16,4,0
2026-08-14 16:00:00,Surgical Ward,Surgical & Post-Op Ward,80,79,1,0.9875,98.8,4,2,2,RED,16,4,0
2026-08-14 16:00:00,Pediatrics,Pediatric Ward,40,40,0,1.0,100.0,2,0,2,RED,16,4,0
2026-08-14 17:00:00,Emergency,Emergency Department (ED),50,49,1,0.98,98.0,5,0,5,RED,17,4,0
2026-08-14 17:00:00,ICU,Intensive Care Unit (ICU),30,21,9,0.7,70.0,0,0,0,GREEN,17,4,0
2026-08-14 17:00:00,General Medicine,General Medicine Ward,120,129,0,1.075,107.5,3,2,1,RED,17,4,0
2026-08-14 17:00:00,Surgical Ward,Surgical & Post-Op Ward,80,80,0,1.0,100.0,3,2,1,RED,17,4,0
2026-08-14 17:00:00,Pediatrics,Pediatric Ward,40,41,0,1.025,102.5,3,2,1,RED,17,4,0
2026-08-14 18:00:00,Emergency,Emergency Department (ED),50,54,0,1.08,108.0,8,2,6,RED,18,4,0
2026-08-14 18:00:00,ICU,Intensive Care Unit (ICU),30,22,8,0.7333,73.3,1,0,1,GREEN,18,4,0
2026-08-14 18:00:00,General Medicine,General Medicine Ward,120,129,0,1.075,107.5,7,5,2,RED,18,4,0
2026-08-14 18:00:00,Surgical Ward,Surgical & Post-Op Ward,80,83,0,1.0375,103.8,4,1,3,RED,18,4,0
2026-08-14 18:00:00,Pediatrics,Pediatric Ward,40,43,0,1.075,107.5,2,0,2,RED,18,4,0
2026-08-14 19:00:00,Emergency,Emergency Department (ED),50,54,0,1.08,108.0,5,4,1,RED,19,4,0
2026-08-14 19:00:00,ICU,Intensive Care Unit (ICU),30,22,8,0.7333,73.3,0,0,0,GREEN,19,4,0
2026-08-14 19:00:00,General Medicine,General Medicine Ward,120,129,0,1.075,107.5,3,1,2,RED,19,4,0
2026-08-14 19:00:00,Surgical Ward,Surgical & Post-Op Ward,80,85,0,1.0625,106.2,2,0,2,RED,19,4,0
2026-08-14 19:00:00,Pediatrics,Pediatric Ward,40,43,0,1.075,107.5,2,1,1,RED,19,4,0
2026-08-14 20:00:00,Emergency,Emergency Department (ED),50,54,0,1.08,108.0,6,0,6,RED,20,4,0
2026-08-14 20:00:00,ICU,Intensive Care Unit (ICU),30,20,10,0.6667,66.7,0,2,-2,GREEN,20,4,0
2026-08-14 20:00:00,General Medicine,General Medicine Ward,120,129,0,1.075,107.5,4,3,1,RED,20,4,0
2026-08-14 20:00:00,Surgical Ward,Surgical & Post-Op Ward,80,83,0,1.0375,103.8,2,4,-2,RED,20,4,0
2026-08-14 20:00:00,Pediatrics,Pediatric Ward,40,43,0,1.075,107.5,0,0,0,RED,20,4,0
2026-08-14 21:00:00,Emergency,Emergency Department (ED),50,54,0,1.08,108.0,7,3,4,RED,21,4,0
2026-08-14 21:00:00,ICU,Intensive Care Unit (ICU),30,20,10,0.6667,66.7,1,1,0,GREEN,21,4,0
2026-08-14 21:00:00,General Medicine,General Medicine Ward,120,129,0,1.075,107.5,5,1,4,RED,21,4,0
2026-08-14 21:00:00,Surgical Ward,Surgical & Post-Op Ward,80,85,0,1.0625,106.2,4,2,2,RED,21,4,0
2026-08-14 21:00:00,Pediatrics,Pediatric Ward,40,43,0,1.075,107.5,1,0,1,RED,21,4,0
2026-08-14 22:00:00,Emergency,Emergency Department (ED),50,54,0,1.08,108.0,7,2,5,RED,22,4,0
2026-08-14 22:00:00,ICU,Intensive Care Unit (ICU),30,22,8,0.7333,73.3,2,0,2,GREEN,22,4,0
2026-08-14 22:00:00,General Medicine,General Medicine Ward,120,126,0,1.05,105.0,3,6,-3,RED,22,4,0
2026-08-14 22:00:00,Surgical Ward,Surgical & Post-Op Ward,80,86,0,1.075,107.5,4,0,4,RED,22,4,0
2026-08-14 22:00:00,Pediatrics,Pediatric Ward,40,43,0,1.075,107.5,1,0,1,RED,22,4,0
2026-08-14 23:00:00,Emergency,Emergency Department (ED),50,54,0,1.08,108.0,4,2,2,RED,23,4,0
2026-08-14 23:00:00,ICU,Intensive Care Unit (ICU),30,22,8,0.7333,73.3,0,0,0,GREEN,23,4,0
2026-08-14 23:00:00,General Medicine,General Medicine Ward,120,122,0,1.0167,101.7,0,4,-4,RED,23,4,0
2026-08-14 23:00:00,Surgical Ward,Surgical & Post-Op Ward,80,86,0,1.075,107.5,5,2,3,RED,23,4,0
2026-08-14 23:00:00,Pediatrics,Pediatric Ward,40,43,0,1.075,107.5,2,0,2,RED,23,4,0
2026-08-15 00:00:00,Emergency,Emergency Department (ED),50,54,0,1.08,108.0,4,3,1,RED,0,5,1
2026-08-15 00:00:00,ICU,Intensive Care Unit (ICU),30,23,7,0.7667,76.7,1,0,1,GREEN,0,5,1
2026-08-15 00:00:00,General Medicine,General Medicine Ward,120,126,0,1.05,105.0,5,1,4,RED,0,5,1
2026-08-15 00:00:00,Surgical Ward,Surgical & Post-Op Ward,80,86,0,1.075,107.5,0,0,0,RED,0,5,1
2026-08-15 00:00:00,Pediatrics,Pediatric Ward,40,43,0,1.075,107.5,1,0,1,RED,0,5,1
2026-08-15 01:00:00,Emergency,Emergency Department (ED),50,54,0,1.08,108.0,4,0,4,RED,1,5,1
2026-08-15 01:00:00,ICU,Intensive Care Unit (ICU),30,23,7,0.7667,76.7,0,0,0,GREEN,1,5,1
2026-08-15 01:00:00,General Medicine,General Medicine Ward,120,126,0,1.05,105.0,0,0,0,RED,1,5,1
2026-08-15 01:00:00,Surgical Ward,Surgical & Post-Op Ward,80,86,0,1.075,107.5,2,0,2,RED,1,5,1
2026-08-15 01:00:00,Pediatrics,Pediatric Ward,40,43,0,1.075,107.5,1,0,1,RED,1,5,1
2026-08-15 02:00:00,Emergency,Emergency Department (ED),50,54,0,1.08,108.0,3,0,3,RED,2,5,1
2026-08-15 02:00:00,ICU,Intensive Care Unit (ICU),30,23,7,0.7667,76.7,1,1,0,GREEN,2,5,1
2026-08-15 02:00:00,General Medicine,General Medicine Ward,120,128,0,1.0667,106.7,3,1,2,RED,2,5,1
2026-08-15 02:00:00,Surgical Ward,Surgical & Post-Op Ward,80,85,0,1.0625,106.2,0,1,-1,RED,2,5,1
2026-08-15 02:00:00,Pediatrics,Pediatric Ward,40,43,0,1.075,107.5,0,0,0,RED,2,5,1
2026-08-15 03:00:00,Emergency,Emergency Department (ED),50,54,0,1.08,108.0,3,0,3,RED,3,5,1
2026-08-15 03:00:00,ICU,Intensive Care Unit (ICU),30,23,7,0.7667,76.7,0,0,0,GREEN,3,5,1
2026-08-15 03:00:00,General Medicine,General Medicine Ward,120,128,0,1.0667,106.7,1,1,0,RED,3,5,1
2026-08-15 03:00:00,Surgical Ward,Surgical & Post-Op Ward,80,86,0,1.075,107.5,1,0,1,RED,3,5,1
2026-08-15 03:00:00,Pediatrics,Pediatric Ward,40,43,0,1.075,107.5,0,0,0,RED,3,5,1
2026-08-15 04:00:00,Emergency,Emergency Department (ED),50,54,0,1.08,108.0,2,0,2,RED,4,5,1
2026-08-15 04:00:00,ICU,Intensive Care Unit (ICU),30,22,8,0.7333,73.3,0,1,-1,GREEN,4,5,1
2026-08-15 04:00:00,General Medicine,General Medicine Ward,120,129,0,1.075,107.5,1,0,1,RED,4,5,1
2026-08-15 04:00:00,Surgical Ward,Surgical & Post-Op Ward,80,85,0,1.0625,106.2,0,1,-1,RED,4,5,1
2026-08-15 04:00:00,Pediatrics,Pediatric Ward,40,43,0,1.075,107.5,0,0,0,RED,4,5,1
2026-08-15 05:00:00,Emergency,Emergency Department (ED),50,54,0,1.08,108.0,0,0,0,RED,5,5,1
2026-08-15 05:00:00,ICU,Intensive Care Unit (ICU),30,22,8,0.7333,73.3,0,0,0,GREEN,5,5,1
2026-08-15 05:00:00,General Medicine,General Medicine Ward,120,129,0,1.075,107.5,2,1,1,RED,5,5,1
2026-08-15 05:00:00,Surgical Ward,Surgical & Post-Op Ward,80,82,0,1.025,102.5,0,3,-3,RED,5,5,1
2026-08-15 05:00:00,Pediatrics,Pediatric Ward,40,43,0,1.075,107.5,1,0,1,RED,5,5,1
2026-08-15 06:00:00,Emergency,Emergency Department (ED),50,54,0,1.08,108.0,3,0,3,RED,6,5,1
2026-08-15 06:00:00,ICU,Intensive Care Unit (ICU),30,22,8,0.7333,73.3,1,1,0,GREEN,6,5,1
2026-08-15 06:00:00,General Medicine,General Medicine Ward,120,128,0,1.0667,106.7,2,3,-1,RED,6,5,1
2026-08-15 06:00:00,Surgical Ward,Surgical & Post-Op Ward,80,81,0,1.0125,101.2,1,2,-1,RED,6,5,1
2026-08-15 06:00:00,Pediatrics,Pediatric Ward,40,43,0,1.075,107.5,3,1,2,RED,6,5,1
2026-08-15 07:00:00,Emergency,Emergency Department (ED),50,52,0,1.04,104.0,1,3,-2,RED,7,5,1
2026-08-15 07:00:00,ICU,Intensive Care Unit (ICU),30,23,7,0.7667,76.7,1,0,1,GREEN,7,5,1
2026-08-15 07:00:00,General Medicine,General Medicine Ward,120,124,0,1.0333,103.3,0,4,-4,RED,7,5,1
2026-08-15 07:00:00,Surgical Ward,Surgical & Post-Op Ward,80,81,0,1.0125,101.2,1,1,0,RED,7,5,1
2026-08-15 07:00:00,Pediatrics,Pediatric Ward,40,42,0,1.05,105.0,2,3,-1,RED,7,5,1
2026-08-15 08:00:00,Emergency,Emergency Department (ED),50,49,1,0.98,98.0,1,4,-3,RED,8,5,1
2026-08-15 08:00:00,ICU,Intensive Care Unit (ICU),30,23,7,0.7667,76.7,0,0,0,GREEN,8,5,1
2026-08-15 08:00:00,General Medicine,General Medicine Ward,120,121,0,1.0083,100.8,0,3,-3,RED,8,5,1
2026-08-15 08:00:00,Surgical Ward,Surgical & Post-Op Ward,80,80,0,1.0,100.0,1,2,-1,RED,8,5,1
2026-08-15 08:00:00,Pediatrics,Pediatric Ward,40,42,0,1.05,105.0,2,2,0,RED,8,5,1
2026-08-15 09:00:00,Emergency,Emergency Department (ED),50,47,3,0.94,94.0,3,5,-2,RED,9,5,1
2026-08-15 09:00:00,ICU,Intensive Care Unit (ICU),30,23,7,0.7667,76.7,0,0,0,GREEN,9,5,1
2026-08-15 09:00:00,General Medicine,General Medicine Ward,120,121,0,1.0083,100.8,2,2,0,RED,9,5,1
2026-08-15 09:00:00,Surgical Ward,Surgical & Post-Op Ward,80,77,3,0.9625,96.2,1,4,-3,RED,9,5,1
2026-08-15 09:00:00,Pediatrics,Pediatric Ward,40,43,0,1.075,107.5,4,2,2,RED,9,5,1
2026-08-15 10:00:00,Emergency,Emergency Department (ED),50,50,0,1.0,100.0,6,3,3,RED,10,5,1
2026-08-15 10:00:00,ICU,Intensive Care Unit (ICU),30,22,8,0.7333,73.3,0,1,-1,GREEN,10,5,1
2026-08-15 10:00:00,General Medicine,General Medicine Ward,120,123,0,1.025,102.5,5,3,2,RED,10,5,1
2026-08-15 10:00:00,Surgical Ward,Surgical & Post-Op Ward,80,72,8,0.9,90.0,0,5,-5,RED,10,5,1
2026-08-15 10:00:00,Pediatrics,Pediatric Ward,40,43,0,1.075,107.5,2,0,2,RED,10,5,1
2026-08-15 11:00:00,Emergency,Emergency Department (ED),50,45,5,0.9,90.0,1,6,-5,RED,11,5,1
2026-08-15 11:00:00,ICU,Intensive Care Unit (ICU),30,25,5,0.8333,83.3,4,1,3,AMBER,11,5,1
2026-08-15 11:00:00,General Medicine,General Medicine Ward,120,119,1,0.9917,99.2,2,6,-4,RED,11,5,1
2026-08-15 11:00:00,Surgical Ward,Surgical & Post-Op Ward,80,69,11,0.8625,86.2,3,6,-3,AMBER,11,5,1
2026-08-15 11:00:00,Pediatrics,Pediatric Ward,40,43,0,1.075,107.5,2,1,1,RED,11,5,1
2026-08-15 12:00:00,Emergency,Emergency Department (ED),50,41,9,0.82,82.0,2,6,-4,AMBER,12,5,1
2026-08-15 12:00:00,ICU,Intensive Care Unit (ICU),30,24,6,0.8,80.0,0,1,-1,AMBER,12,5,1
2026-08-15 12:00:00,General Medicine,General Medicine Ward,120,118,2,0.9833,98.3,5,6,-1,RED,12,5,1
2026-08-15 12:00:00,Surgical Ward,Surgical & Post-Op Ward,80,66,14,0.825,82.5,0,3,-3,AMBER,12,5,1
2026-08-15 12:00:00,Pediatrics,Pediatric Ward,40,43,0,1.075,107.5,3,0,3,RED,12,5,1
2026-08-15 13:00:00,Emergency,Emergency Department (ED),50,45,5,0.9,90.0,7,3,4,RED,13,5,1
2026-08-15 13:00:00,ICU,Intensive Care Unit (ICU),30,25,5,0.8333,83.3,1,0,1,AMBER,13,5,1
2026-08-15 13:00:00,General Medicine,General Medicine Ward,120,121,0,1.0083,100.8,6,3,3,RED,13,5,1
2026-08-15 13:00:00,Surgical Ward,Surgical & Post-Op Ward,80,63,17,0.7875,78.8,1,4,-3,AMBER,13,5,1
2026-08-15 13:00:00,Pediatrics,Pediatric Ward,40,43,0,1.075,107.5,1,0,1,RED,13,5,1
2026-08-15 14:00:00,Emergency,Emergency Department (ED),50,42,8,0.84,84.0,1,4,-3,AMBER,14,5,1
2026-08-15 14:00:00,ICU,Intensive Care Unit (ICU),30,24,6,0.8,80.0,1,2,-1,AMBER,14,5,1
2026-08-15 14:00:00,General Medicine,General Medicine Ward,120,111,9,0.925,92.5,0,10,-10,RED,14,5,1
2026-08-15 14:00:00,Surgical Ward,Surgical & Post-Op Ward,80,62,18,0.775,77.5,2,3,-1,AMBER,14,5,1
2026-08-15 14:00:00,Pediatrics,Pediatric Ward,40,43,0,1.075,107.5,2,1,1,RED,14,5,1
2026-08-15 15:00:00,Emergency,Emergency Department (ED),50,40,10,0.8,80.0,1,3,-2,AMBER,15,5,1
2026-08-15 15:00:00,ICU,Intensive Care Unit (ICU),30,25,5,0.8333,83.3,1,0,1,AMBER,15,5,1
2026-08-15 15:00:00,General Medicine,General Medicine Ward,120,112,8,0.9333,93.3,3,2,1,RED,15,5,1
2026-08-15 15:00:00,Surgical Ward,Surgical & Post-Op Ward,80,60,20,0.75,75.0,0,2,-2,AMBER,15,5,1
2026-08-15 15:00:00,Pediatrics,Pediatric Ward,40,42,0,1.05,105.0,0,1,-1,RED,15,5,1
2026-08-15 16:00:00,Emergency,Emergency Department (ED),50,49,1,0.98,98.0,9,0,9,RED,16,5,1
2026-08-15 16:00:00,ICU,Intensive Care Unit (ICU),30,26,4,0.8667,86.7,1,0,1,AMBER,16,5,1
2026-08-15 16:00:00,General Medicine,General Medicine Ward,120,111,9,0.925,92.5,4,5,-1,RED,16,5,1
2026-08-15 16:00:00,Surgical Ward,Surgical & Post-Op Ward,80,58,22,0.725,72.5,0,2,-2,GREEN,16,5,1
2026-08-15 16:00:00,Pediatrics,Pediatric Ward,40,41,0,1.025,102.5,0,1,-1,RED,16,5,1
2026-08-15 17:00:00,Emergency,Emergency Department (ED),50,54,0,1.08,108.0,7,2,5,RED,17,5,1
2026-08-15 17:00:00,ICU,Intensive Care Unit (ICU),30,26,4,0.8667,86.7,1,1,0,AMBER,17,5,1
2026-08-15 17:00:00,General Medicine,General Medicine Ward,120,115,5,0.9583,95.8,6,2,4,RED,17,5,1
2026-08-15 17:00:00,Surgical Ward,Surgical & Post-Op Ward,80,55,25,0.6875,68.8,2,5,-3,GREEN,17,5,1
2026-08-15 17:00:00,Pediatrics,Pediatric Ward,40,38,2,0.95,95.0,0,3,-3,RED,17,5,1
2026-08-15 18:00:00,Emergency,Emergency Department (ED),50,54,0,1.08,108.0,10,0,10,RED,18,5,1
2026-08-15 18:00:00,ICU,Intensive Care Unit (ICU),30,26,4,0.8667,86.7,0,0,0,AMBER,18,5,1
2026-08-15 18:00:00,General Medicine,General Medicine Ward,120,118,2,0.9833,98.3,5,2,3,RED,18,5,1
2026-08-15 18:00:00,Surgical Ward,Surgical & Post-Op Ward,80,56,24,0.7,70.0,2,1,1,GREEN,18,5,1
2026-08-15 18:00:00,Pediatrics,Pediatric Ward,40,38,2,0.95,95.0,2,2,0,RED,18,5,1
2026-08-15 19:00:00,Emergency,Emergency Department (ED),50,54,0,1.08,108.0,5,0,5,RED,19,5,1
2026-08-15 19:00:00,ICU,Intensive Care Unit (ICU),30,25,5,0.8333,83.3,0,1,-1,AMBER,19,5,1
2026-08-15 19:00:00,General Medicine,General Medicine Ward,120,119,1,0.9917,99.2,2,1,1,RED,19,5,1
2026-08-15 19:00:00,Surgical Ward,Surgical & Post-Op Ward,80,53,27,0.6625,66.2,2,5,-3,GREEN,19,5,1
2026-08-15 19:00:00,Pediatrics,Pediatric Ward,40,37,3,0.925,92.5,0,1,-1,RED,19,5,1
2026-08-15 20:00:00,Emergency,Emergency Department (ED),50,54,0,1.08,108.0,5,4,1,RED,20,5,1
2026-08-15 20:00:00,ICU,Intensive Care Unit (ICU),30,27,3,0.9,90.0,3,1,2,RED,20,5,1
2026-08-15 20:00:00,General Medicine,General Medicine Ward,120,123,0,1.025,102.5,4,0,4,RED,20,5,1
2026-08-15 20:00:00,Surgical Ward,Surgical & Post-Op Ward,80,53,27,0.6625,66.2,1,1,0,GREEN,20,5,1
2026-08-15 20:00:00,Pediatrics,Pediatric Ward,40,37,3,0.925,92.5,2,2,0,RED,20,5,1
2026-08-15 21:00:00,Emergency,Emergency Department (ED),50,54,0,1.08,108.0,7,5,2,RED,21,5,1
2026-08-15 21:00:00,ICU,Intensive Care Unit (ICU),30,29,1,0.9667,96.7,3,1,2,RED,21,5,1
2026-08-15 21:00:00,General Medicine,General Medicine Ward,120,122,0,1.0167,101.7,2,3,-1,RED,21,5,1
2026-08-15 21:00:00,Surgical Ward,Surgical & Post-Op Ward,80,53,27,0.6625,66.2,1,1,0,GREEN,21,5,1
2026-08-15 21:00:00,Pediatrics,Pediatric Ward,40,40,0,1.0,100.0,5,2,3,RED,21,5,1
2026-08-15 22:00:00,Emergency,Emergency Department (ED),50,54,0,1.08,108.0,3,0,3,RED,22,5,1
2026-08-15 22:00:00,ICU,Intensive Care Unit (ICU),30,29,1,0.9667,96.7,1,1,0,RED,22,5,1
2026-08-15 22:00:00,General Medicine,General Medicine Ward,120,123,0,1.025,102.5,3,2,1,RED,22,5,1
2026-08-15 22:00:00,Surgical Ward,Surgical & Post-Op Ward,80,54,26,0.675,67.5,1,0,1,GREEN,22,5,1
2026-08-15 22:00:00,Pediatrics,Pediatric Ward,40,40,0,1.0,100.0,0,0,0,RED,22,5,1
2026-08-15 23:00:00,Emergency,Emergency Department (ED),50,54,0,1.08,108.0,6,0,6,RED,23,5,1
2026-08-15 23:00:00,ICU,Intensive Care Unit (ICU),30,29,1,0.9667,96.7,0,0,0,RED,23,5,1
2026-08-15 23:00:00,General Medicine,General Medicine Ward,120,123,0,1.025,102.5,4,4,0,RED,23,5,1
2026-08-15 23:00:00,Surgical Ward,Surgical & Post-Op Ward,80,55,25,0.6875,68.8,1,0,1,GREEN,23,5,1
2026-08-15 23:00:00,Pediatrics,Pediatric Ward,40,40,0,1.0,100.0,2,2,0,RED,23,5,1
2026-08-16 00:00:00,Emergency,Emergency Department (ED),50,54,0,1.08,108.0,2,2,0,RED,0,6,1
2026-08-16 00:00:00,ICU,Intensive Care Unit (ICU),30,29,1,0.9667,96.7,0,0,0,RED,0,6,1
2026-08-16 00:00:00,General Medicine,General Medicine Ward,120,124,0,1.0333,103.3,1,0,1,RED,0,6,1
2026-08-16 00:00:00,Surgical Ward,Surgical & Post-Op Ward,80,55,25,0.6875,68.8,0,0,0,GREEN,0,6,1
2026-08-16 00:00:00,Pediatrics,Pediatric Ward,40,42,0,1.05,105.0,2,0,2,RED,0,6,1
2026-08-16 01:00:00,Emergency,Emergency Department (ED),50,54,0,1.08,108.0,6,5,1,RED,1,6,1
2026-08-16 01:00:00,ICU,Intensive Care Unit (ICU),30,27,3,0.9,90.0,0,2,-2,RED,1,6,1
2026-08-16 01:00:00,General Medicine,General Medicine Ward,120,124,0,1.0333,103.3,0,0,0,RED,1,6,1
2026-08-16 01:00:00,Surgical Ward,Surgical & Post-Op Ward,80,54,26,0.675,67.5,0,1,-1,GREEN,1,6,1
2026-08-16 01:00:00,Pediatrics,Pediatric Ward,40,41,0,1.025,102.5,1,2,-1,RED,1,6,1
2026-08-16 02:00:00,Emergency,Emergency Department (ED),50,54,0,1.08,108.0,0,0,0,RED,2,6,1
2026-08-16 02:00:00,ICU,Intensive Care Unit (ICU),30,27,3,0.9,90.0,0,0,0,RED,2,6,1
2026-08-16 02:00:00,General Medicine,General Medicine Ward,120,124,0,1.0333,103.3,0,0,0,RED,2,6,1
2026-08-16 02:00:00,Surgical Ward,Surgical & Post-Op Ward,80,55,25,0.6875,68.8,1,0,1,GREEN,2,6,1
2026-08-16 02:00:00,Pediatrics,Pediatric Ward,40,42,0,1.05,105.0,1,0,1,RED,2,6,1
2026-08-16 03:00:00,Emergency,Emergency Department (ED),50,54,0,1.08,108.0,3,0,3,RED,3,6,1
2026-08-16 03:00:00,ICU,Intensive Care Unit (ICU),30,29,1,0.9667,96.7,2,0,2,RED,3,6,1
2026-08-16 03:00:00,General Medicine,General Medicine Ward,120,127,0,1.0583,105.8,4,1,3,RED,3,6,1
2026-08-16 03:00:00,Surgical Ward,Surgical & Post-Op Ward,80,54,26,0.675,67.5,0,1,-1,GREEN,3,6,1
2026-08-16 03:00:00,Pediatrics,Pediatric Ward,40,42,0,1.05,105.0,0,0,0,RED,3,6,1
2026-08-16 04:00:00,Emergency,Emergency Department (ED),50,54,0,1.08,108.0,0,0,0,RED,4,6,1
2026-08-16 04:00:00,ICU,Intensive Care Unit (ICU),30,30,0,1.0,100.0,1,0,1,RED,4,6,1
2026-08-16 04:00:00,General Medicine,General Medicine Ward,120,127,0,1.0583,105.8,0,0,0,RED,4,6,1
2026-08-16 04:00:00,Surgical Ward,Surgical & Post-Op Ward,80,54,26,0.675,67.5,0,0,0,GREEN,4,6,1
2026-08-16 04:00:00,Pediatrics,Pediatric Ward,40,43,0,1.075,107.5,1,0,1,RED,4,6,1
2026-08-16 05:00:00,Emergency,Emergency Department (ED),50,54,0,1.08,108.0,1,0,1,RED,5,6,1
2026-08-16 05:00:00,ICU,Intensive Care Unit (ICU),30,30,0,1.0,100.0,0,0,0,RED,5,6,1
2026-08-16 05:00:00,General Medicine,General Medicine Ward,120,128,0,1.0667,106.7,1,0,1,RED,5,6,1
2026-08-16 05:00:00,Surgical Ward,Surgical & Post-Op Ward,80,50,30,0.625,62.5,1,5,-4,GREEN,5,6,1
2026-08-16 05:00:00,Pediatrics,Pediatric Ward,40,43,0,1.075,107.5,0,0,0,RED,5,6,1
2026-08-16 06:00:00,Emergency,Emergency Department (ED),50,54,0,1.08,108.0,1,1,0,RED,6,6,1
2026-08-16 06:00:00,ICU,Intensive Care Unit (ICU),30,31,0,1.0333,103.3,1,0,1,RED,6,6,1
2026-08-16 06:00:00,General Medicine,General Medicine Ward,120,128,0,1.0667,106.7,2,2,0,RED,6,6,1
2026-08-16 06:00:00,Surgical Ward,Surgical & Post-Op Ward,80,48,32,0.6,60.0,0,2,-2,GREEN,6,6,1
2026-08-16 06:00:00,Pediatrics,Pediatric Ward,40,42,0,1.05,105.0,0,1,-1,RED,6,6,1
2026-08-16 07:00:00,Emergency,Emergency Department (ED),50,54,0,1.08,108.0,3,2,1,RED,7,6,1
2026-08-16 07:00:00,ICU,Intensive Care Unit (ICU),30,32,0,1.0667,106.7,1,0,1,RED,7,6,1
2026-08-16 07:00:00,General Medicine,General Medicine Ward,120,127,0,1.0583,105.8,3,4,-1,RED,7,6,1
2026-08-16 07:00:00,Surgical Ward,Surgical & Post-Op Ward,80,47,33,0.5875,58.8,0,1,-1,GREEN,7,6,1
2026-08-16 07:00:00,Pediatrics,Pediatric Ward,40,43,0,1.075,107.5,2,1,1,RED,7,6,1
2026-08-16 08:00:00,Emergency,Emergency Department (ED),50,51,0,1.02,102.0,2,5,-3,RED,8,6,1
2026-08-16 08:00:00,ICU,Intensive Care Unit (ICU),30,32,0,1.0667,106.7,1,0,1,RED,8,6,1
2026-08-16 08:00:00,General Medicine,General Medicine Ward,120,127,0,1.0583,105.8,4,4,0,RED,8,6,1
2026-08-16 08:00:00,Surgical Ward,Surgical & Post-Op Ward,80,45,35,0.5625,56.2,0,2,-2,GREEN,8,6,1
2026-08-16 08:00:00,Pediatrics,Pediatric Ward,40,43,0,1.075,107.5,2,1,1,RED,8,6,1
2026-08-16 09:00:00,Emergency,Emergency Department (ED),50,51,0,1.02,102.0,4,4,0,RED,9,6,1
2026-08-16 09:00:00,ICU,Intensive Care Unit (ICU),30,32,0,1.0667,106.7,1,0,1,RED,9,6,1
2026-08-16 09:00:00,General Medicine,General Medicine Ward,120,124,0,1.0333,103.3,1,4,-3,RED,9,6,1
2026-08-16 09:00:00,Surgical Ward,Surgical & Post-Op Ward,80,44,36,0.55,55.0,2,3,-1,GREEN,9,6,1
2026-08-16 09:00:00,Pediatrics,Pediatric Ward,40,42,0,1.05,105.0,0,1,-1,RED,9,6,1
2026-08-16 10:00:00,Emergency,Emergency Department (ED),50,53,0,1.06,106.0,5,3,2,RED,10,6,1
2026-08-16 10:00:00,ICU,Intensive Care Unit (ICU),30,32,0,1.0667,106.7,1,1,0,RED,10,6,1
2026-08-16 10:00:00,General Medicine,General Medicine Ward,120,127,0,1.0583,105.8,7,4,3,RED,10,6,1
2026-08-16 10:00:00,Surgical Ward,Surgical & Post-Op Ward,80,46,34,0.575,57.5,3,1,2,GREEN,10,6,1
2026-08-16 10:00:00,Pediatrics,Pediatric Ward,40,41,0,1.025,102.5,1,2,-1,RED,10,6,1
2026-08-16 11:00:00,Emergency,Emergency Department (ED),50,54,0,1.08,108.0,4,1,3,RED,11,6,1
2026-08-16 11:00:00,ICU,Intensive Care Unit (ICU),30,32,0,1.0667,106.7,1,0,1,RED,11,6,1
2026-08-16 11:00:00,General Medicine,General Medicine Ward,120,128,0,1.0667,106.7,5,4,1,RED,11,6,1
2026-08-16 11:00:00,Surgical Ward,Surgical & Post-Op Ward,80,49,31,0.6125,61.3,3,0,3,GREEN,11,6,1
2026-08-16 11:00:00,Pediatrics,Pediatric Ward,40,42,0,1.05,105.0,4,3,1,RED,11,6,1
2026-08-16 12:00:00,Emergency,Emergency Department (ED),50,54,0,1.08,108.0,5,3,2,RED,12,6,1
2026-08-16 12:00:00,ICU,Intensive Care Unit (ICU),30,32,0,1.0667,106.7,0,0,0,RED,12,6,1
2026-08-16 12:00:00,General Medicine,General Medicine Ward,120,125,0,1.0417,104.2,3,6,-3,RED,12,6,1
2026-08-16 12:00:00,Surgical Ward,Surgical & Post-Op Ward,80,47,33,0.5875,58.8,1,3,-2,GREEN,12,6,1
2026-08-16 12:00:00,Pediatrics,Pediatric Ward,40,43,0,1.075,107.5,2,0,2,RED,12,6,1
2026-08-16 13:00:00,Emergency,Emergency Department (ED),50,53,0,1.06,106.0,3,4,-1,RED,13,6,1
2026-08-16 13:00:00,ICU,Intensive Care Unit (ICU),30,30,0,1.0,100.0,0,2,-2,RED,13,6,1
2026-08-16 13:00:00,General Medicine,General Medicine Ward,120,128,0,1.0667,106.7,4,1,3,RED,13,6,1
2026-08-16 13:00:00,Surgical Ward,Surgical & Post-Op Ward,80,41,39,0.5125,51.2,0,6,-6,GREEN,13,6,1
2026-08-16 13:00:00,Pediatrics,Pediatric Ward,40,41,0,1.025,102.5,1,3,-2,RED,13,6,1
2026-08-16 14:00:00,Emergency,Emergency Department (ED),50,52,0,1.04,104.0,1,2,-1,RED,14,6,1
2026-08-16 14:00:00,ICU,Intensive Care Unit (ICU),30,29,1,0.9667,96.7,1,2,-1,RED,14,6,1
2026-08-16 14:00:00,General Medicine,General Medicine Ward,120,128,0,1.0667,106.7,5,5,0,RED,14,6,1
2026-08-16 14:00:00,Surgical Ward,Surgical & Post-Op Ward,80,37,43,0.4625,46.2,0,4,-4,GREEN,14,6,1
2026-08-16 14:00:00,Pediatrics,Pediatric Ward,40,41,0,1.025,102.5,1,1,0,RED,14,6,1
2026-08-16 15:00:00,Emergency,Emergency Department (ED),50,52,0,1.04,104.0,5,5,0,RED,15,6,1
2026-08-16 15:00:00,ICU,Intensive Care Unit (ICU),30,29,1,0.9667,96.7,1,1,0,RED,15,6,1
2026-08-16 15:00:00,General Medicine,General Medicine Ward,120,129,0,1.075,107.5,5,2,3,RED,15,6,1
2026-08-16 15:00:00,Surgical Ward,Surgical & Post-Op Ward,80,35,45,0.4375,43.8,1,3,-2,GREEN,15,6,1
2026-08-16 15:00:00,Pediatrics,Pediatric Ward,40,42,0,1.05,105.0,1,0,1,RED,15,6,1
2026-08-16 16:00:00,Emergency,Emergency Department (ED),50,54,0,1.08,108.0,6,0,6,RED,16,6,1
2026-08-16 16:00:00,ICU,Intensive Care Unit (ICU),30,28,2,0.9333,93.3,1,2,-1,RED,16,6,1
2026-08-16 16:00:00,General Medicine,General Medicine Ward,120,129,0,1.075,107.5,5,3,2,RED,16,6,1
2026-08-16 16:00:00,Surgical Ward,Surgical & Post-Op Ward,80,31,49,0.3875,38.8,0,4,-4,GREEN,16,6,1
2026-08-16 16:00:00,Pediatrics,Pediatric Ward,40,43,0,1.075,107.5,2,0,2,RED,16,6,1
2026-08-16 17:00:00,Emergency,Emergency Department (ED),50,54,0,1.08,108.0,8,3,5,RED,17,6,1
2026-08-16 17:00:00,ICU,Intensive Care Unit (ICU),30,29,1,0.9667,96.7,1,0,1,RED,17,6,1
2026-08-16 17:00:00,General Medicine,General Medicine Ward,120,124,0,1.0333,103.3,0,5,-5,RED,17,6,1
2026-08-16 17:00:00,Surgical Ward,Surgical & Post-Op Ward,80,31,49,0.3875,38.8,0,0,0,GREEN,17,6,1
2026-08-16 17:00:00,Pediatrics,Pediatric Ward,40,43,0,1.075,107.5,3,1,2,RED,17,6,1
2026-08-16 18:00:00,Emergency,Emergency Department (ED),50,54,0,1.08,108.0,4,2,2,RED,18,6,1
2026-08-16 18:00:00,ICU,Intensive Care Unit (ICU),30,28,2,0.9333,93.3,0,1,-1,RED,18,6,1
2026-08-16 18:00:00,General Medicine,General Medicine Ward,120,117,3,0.975,97.5,0,7,-7,RED,18,6,1
2026-08-16 18:00:00,Surgical Ward,Surgical & Post-Op Ward,80,28,52,0.35,35.0,0,3,-3,GREEN,18,6,1
2026-08-16 18:00:00,Pediatrics,Pediatric Ward,40,43,0,1.075,107.5,2,0,2,RED,18,6,1
2026-08-16 19:00:00,Emergency,Emergency Department (ED),50,54,0,1.08,108.0,5,3,2,RED,19,6,1
2026-08-16 19:00:00,ICU,Intensive Care Unit (ICU),30,28,2,0.9333,93.3,0,0,0,RED,19,6,1
2026-08-16 19:00:00,General Medicine,General Medicine Ward,120,118,2,0.9833,98.3,4,3,1,RED,19,6,1
2026-08-16 19:00:00,Surgical Ward,Surgical & Post-Op Ward,80,28,52,0.35,35.0,2,2,0,GREEN,19,6,1
2026-08-16 19:00:00,Pediatrics,Pediatric Ward,40,43,0,1.075,107.5,2,0,2,RED,19,6,1
2026-08-16 20:00:00,Emergency,Emergency Department (ED),50,54,0,1.08,108.0,4,2,2,RED,20,6,1
2026-08-16 20:00:00,ICU,Intensive Care Unit (ICU),30,29,1,0.9667,96.7,1,0,1,RED,20,6,1
2026-08-16 20:00:00,General Medicine,General Medicine Ward,120,119,1,0.9917,99.2,5,4,1,RED,20,6,1
2026-08-16 20:00:00,Surgical Ward,Surgical & Post-Op Ward,80,27,53,0.3375,33.8,0,1,-1,GREEN,20,6,1
2026-08-16 20:00:00,Pediatrics,Pediatric Ward,40,43,0,1.075,107.5,3,0,3,RED,20,6,1
2026-08-16 21:00:00,Emergency,Emergency Department (ED),50,54,0,1.08,108.0,9,3,6,RED,21,6,1
2026-08-16 21:00:00,ICU,Intensive Care Unit (ICU),30,30,0,1.0,100.0,2,1,1,RED,21,6,1
2026-08-16 21:00:00,General Medicine,General Medicine Ward,120,120,0,1.0,100.0,6,5,1,RED,21,6,1
2026-08-16 21:00:00,Surgical Ward,Surgical & Post-Op Ward,80,28,52,0.35,35.0,1,0,1,GREEN,21,6,1
2026-08-16 21:00:00,Pediatrics,Pediatric Ward,40,43,0,1.075,107.5,4,0,4,RED,21,6,1
2026-08-16 22:00:00,Emergency,Emergency Department (ED),50,54,0,1.08,108.0,7,3,4,RED,22,6,1
2026-08-16 22:00:00,ICU,Intensive Care Unit (ICU),30,31,0,1.0333,103.3,1,0,1,RED,22,6,1
2026-08-16 22:00:00,General Medicine,General Medicine Ward,120,118,2,0.9833,98.3,2,4,-2,RED,22,6,1
2026-08-16 22:00:00,Surgical Ward,Surgical & Post-Op Ward,80,25,55,0.3125,31.2,0,3,-3,GREEN,22,6,1
2026-08-16 22:00:00,Pediatrics,Pediatric Ward,40,43,0,1.075,107.5,1,1,0,RED,22,6,1
2026-08-16 23:00:00,Emergency,Emergency Department (ED),50,54,0,1.08,108.0,5,4,1,RED,23,6,1
2026-08-16 23:00:00,ICU,Intensive Care Unit (ICU),30,31,0,1.0333,103.3,1,1,0,RED,23,6,1
2026-08-16 23:00:00,General Medicine,General Medicine Ward,120,117,3,0.975,97.5,1,2,-1,RED,23,6,1
2026-08-16 23:00:00,Surgical Ward,Surgical & Post-Op Ward,80,22,58,0.275,27.5,0,3,-3,GREEN,23,6,1
2026-08-16 23:00:00,Pediatrics,Pediatric Ward,40,43,0,1.075,107.5,0,0,0,RED,23,6,1
2026-08-17 00:00:00,Emergency,Emergency Department (ED),50,54,0,1.08,108.0,4,4,0,RED,0,0,0
2026-08-17 00:00:00,ICU,Intensive Care Unit (ICU),30,31,0,1.0333,103.3,0,0,0,RED,0,0,0
2026-08-17 00:00:00,General Medicine,General Medicine Ward,120,120,0,1.0,100.0,6,3,3,RED,0,0,0
2026-08-17 00:00:00,Surgical Ward,Surgical & Post-Op Ward,80,21,59,0.2625,26.2,0,1,-1,GREEN,0,0,0
2026-08-17 00:00:00,Pediatrics,Pediatric Ward,40,42,0,1.05,105.0,1,2,-1,RED,0,0,0
2026-08-17 01:00:00,Emergency,Emergency Department (ED),50,54,0,1.08,108.0,4,2,2,RED,1,0,0
2026-08-17 01:00:00,ICU,Intensive Care Unit (ICU),30,31,0,1.0333,103.3,0,0,0,RED,1,0,0
2026-08-17 01:00:00,General Medicine,General Medicine Ward,120,122,0,1.0167,101.7,2,0,2,RED,1,0,0
2026-08-17 01:00:00,Surgical Ward,Surgical & Post-Op Ward,80,22,58,0.275,27.5,1,0,1,GREEN,1,0,0
2026-08-17 01:00:00,Pediatrics,Pediatric Ward,40,43,0,1.075,107.5,1,0,1,RED,1,0,0
2026-08-17 02:00:00,Emergency,Emergency Department (ED),50,54,0,1.08,108.0,1,0,1,RED,2,0,0
2026-08-17 02:00:00,ICU,Intensive Care Unit (ICU),30,31,0,1.0333,103.3,0,0,0,RED,2,0,0
2026-08-17 02:00:00,General Medicine,General Medicine Ward,120,122,0,1.0167,101.7,0,0,0,RED,2,0,0
2026-08-17 02:00:00,Surgical Ward,Surgical & Post-Op Ward,80,23,57,0.2875,28.7,1,0,1,GREEN,2,0,0
2026-08-17 02:00:00,Pediatrics,Pediatric Ward,40,43,0,1.075,107.5,0,0,0,RED,2,0,0
2026-08-17 03:00:00,Emergency,Emergency Department (ED),50,54,0,1.08,108.0,0,0,0,RED,3,0,0
2026-08-17 03:00:00,ICU,Intensive Care Unit (ICU),30,31,0,1.0333,103.3,0,0,0,RED,3,0,0
2026-08-17 03:00:00,General Medicine,General Medicine Ward,120,124,0,1.0333,103.3,2,0,2,RED,3,0,0
2026-08-17 03:00:00,Surgical Ward,Surgical & Post-Op Ward,80,24,56,0.3,30.0,1,0,1,GREEN,3,0,0
2026-08-17 03:00:00,Pediatrics,Pediatric Ward,40,43,0,1.075,107.5,0,0,0,RED,3,0,0
2026-08-17 04:00:00,Emergency,Emergency Department (ED),50,54,0,1.08,108.0,1,0,1,RED,4,0,0
2026-08-17 04:00:00,ICU,Intensive Care Unit (ICU),30,31,0,1.0333,103.3,0,0,0,RED,4,0,0
2026-08-17 04:00:00,General Medicine,General Medicine Ward,120,124,0,1.0333,103.3,0,0,0,RED,4,0,0
2026-08-17 04:00:00,Surgical Ward,Surgical & Post-Op Ward,80,24,56,0.3,30.0,0,0,0,GREEN,4,0,0
2026-08-17 04:00:00,Pediatrics,Pediatric Ward,40,42,0,1.05,105.0,0,1,-1,RED,4,0,0
2026-08-17 05:00:00,Emergency,Emergency Department (ED),50,54,0,1.08,108.0,1,0,1,RED,5,0,0
2026-08-17 05:00:00,ICU,Intensive Care Unit (ICU),30,31,0,1.0333,103.3,0,0,0,RED,5,0,0
2026-08-17 05:00:00,General Medicine,General Medicine Ward,120,126,0,1.05,105.0,2,0,2,RED,5,0,0
2026-08-17 05:00:00,Surgical Ward,Surgical & Post-Op Ward,80,26,54,0.325,32.5,2,0,2,GREEN,5,0,0
2026-08-17 05:00:00,Pediatrics,Pediatric Ward,40,43,0,1.075,107.5,1,0,1,RED,5,0,0
2026-08-17 06:00:00,Emergency,Emergency Department (ED),50,54,0,1.08,108.0,1,0,1,RED,6,0,0
2026-08-17 06:00:00,ICU,Intensive Care Unit (ICU),30,31,0,1.0333,103.3,0,0,0,RED,6,0,0
2026-08-17 06:00:00,General Medicine,General Medicine Ward,120,129,0,1.075,107.5,6,1,5,RED,6,0,0
2026-08-17 06:00:00,Surgical Ward,Surgical & Post-Op Ward,80,26,54,0.325,32.5,0,0,0,GREEN,6,0,0
2026-08-17 06:00:00,Pediatrics,Pediatric Ward,40,43,0,1.075,107.5,3,1,2,RED,6,0,0
2026-08-17 07:00:00,Emergency,Emergency Department (ED),50,54,0,1.08,108.0,3,2,1,RED,7,0,0
2026-08-17 07:00:00,ICU,Intensive Care Unit (ICU),30,31,0,1.0333,103.3,1,1,0,RED,7,0,0
2026-08-17 07:00:00,General Medicine,General Medicine Ward,120,126,0,1.05,105.0,2,5,-3,RED,7,0,0
2026-08-17 07:00:00,Surgical Ward,Surgical & Post-Op Ward,80,29,51,0.3625,36.2,3,0,3,GREEN,7,0,0
2026-08-17 07:00:00,Pediatrics,Pediatric Ward,40,41,0,1.025,102.5,0,2,-2,RED,7,0,0
2026-08-17 08:00:00,Emergency,Emergency Department (ED),50,54,0,1.08,108.0,2,2,0,RED,8,0,0
2026-08-17 08:00:00,ICU,Intensive Care Unit (ICU),30,31,0,1.0333,103.3,1,1,0,RED,8,0,0
2026-08-17 08:00:00,General Medicine,General Medicine Ward,120,126,0,1.05,105.0,5,5,0,RED,8,0,0
2026-08-17 08:00:00,Surgical Ward,Surgical & Post-Op Ward,80,35,45,0.4375,43.8,8,2,6,GREEN,8,0,0
2026-08-17 08:00:00,Pediatrics,Pediatric Ward,40,40,0,1.0,100.0,0,1,-1,RED,8,0,0
2026-08-17 09:00:00,Emergency,Emergency Department (ED),50,54,0,1.08,108.0,5,2,3,RED,9,0,0
2026-08-17 09:00:00,ICU,Intensive Care Unit (ICU),30,32,0,1.0667,106.7,1,0,1,RED,9,0,0
2026-08-17 09:00:00,General Medicine,General Medicine Ward,120,124,0,1.0333,103.3,3,5,-2,RED,9,0,0
2026-08-17 09:00:00,Surgical Ward,Surgical & Post-Op Ward,80,42,38,0.525,52.5,7,0,7,GREEN,9,0,0
2026-08-17 09:00:00,Pediatrics,Pediatric Ward,40,41,0,1.025,102.5,1,0,1,RED,9,0,0
2026-08-17 10:00:00,Emergency,Emergency Department (ED),50,49,1,0.98,98.0,2,7,-5,RED,10,0,0
2026-08-17 10:00:00,ICU,Intensive Care Unit (ICU),30,32,0,1.0667,106.7,1,0,1,RED,10,0,0
2026-08-17 10:00:00,General Medicine,General Medicine Ward,120,122,0,1.0167,101.7,4,6,-2,RED,10,0,0
2026-08-17 10:00:00,Surgical Ward,Surgical & Post-Op Ward,80,42,38,0.525,52.5,3,3,0,GREEN,10,0,0
2026-08-17 10:00:00,Pediatrics,Pediatric Ward,40,43,0,1.075,107.5,4,2,2,RED,10,0,0
2026-08-17 11:00:00,Emergency,Emergency Department (ED),50,51,0,1.02,102.0,3,1,2,RED,11,0,0
2026-08-17 11:00:00,ICU,Intensive Care Unit (ICU),30,31,0,1.0333,103.3,0,1,-1,RED,11,0,0
2026-08-17 11:00:00,General Medicine,General Medicine Ward,120,118,2,0.9833,98.3,5,9,-4,RED,11,0,0
2026-08-17 11:00:00,Surgical Ward,Surgical & Post-Op Ward,80,47,33,0.5875,58.8,6,1,5,GREEN,11,0,0
2026-08-17 11:00:00,Pediatrics,Pediatric Ward,40,42,0,1.05,105.0,1,2,-1,RED,11,0,0
2026-08-17 12:00:00,Emergency,Emergency Department (ED),50,54,0,1.08,108.0,5,2,3,RED,12,0,0
2026-08-17 12:00:00,ICU,Intensive Care Unit (ICU),30,32,0,1.0667,106.7,1,0,1,RED,12,0,0
2026-08-17 12:00:00,General Medicine,General Medicine Ward,120,116,4,0.9667,96.7,2,4,-2,RED,12,0,0
2026-08-17 12:00:00,Surgical Ward,Surgical & Post-Op Ward,80,45,35,0.5625,56.2,2,4,-2,GREEN,12,0,0
2026-08-17 12:00:00,Pediatrics,Pediatric Ward,40,43,0,1.075,107.5,4,1,3,RED,12,0,0
2026-08-17 13:00:00,Emergency,Emergency Department (ED),50,48,2,0.96,96.0,0,6,-6,RED,13,0,0
2026-08-17 13:00:00,ICU,Intensive Care Unit (ICU),30,32,0,1.0667,106.7,1,0,1,RED,13,0,0
2026-08-17 13:00:00,General Medicine,General Medicine Ward,120,113,7,0.9417,94.2,4,7,-3,RED,13,0,0
2026-08-17 13:00:00,Surgical Ward,Surgical & Post-Op Ward,80,41,39,0.5125,51.2,2,6,-4,GREEN,13,0,0
2026-08-17 13:00:00,Pediatrics,Pediatric Ward,40,43,0,1.075,107.5,2,2,0,RED,13,0,0
2026-08-17 14:00:00,Emergency,Emergency Department (ED),50,49,1,0.98,98.0,4,3,1,RED,14,0,0
2026-08-17 14:00:00,ICU,Intensive Care Unit (ICU),30,31,0,1.0333,103.3,1,2,-1,RED,14,0,0
2026-08-17 14:00:00,General Medicine,General Medicine Ward,120,115,5,0.9583,95.8,9,7,2,RED,14,0,0
2026-08-17 14:00:00,Surgical Ward,Surgical & Post-Op Ward,80,43,37,0.5375,53.8,6,4,2,GREEN,14,0,0
2026-08-17 14:00:00,Pediatrics,Pediatric Ward,40,43,0,1.075,107.5,1,1,0,RED,14,0,0
2026-08-17 15:00:00,Emergency,Emergency Department (ED),50,48,2,0.96,96.0,2,3,-1,RED,15,0,0
2026-08-17 15:00:00,ICU,Intensive Care Unit (ICU),30,31,0,1.0333,103.3,0,0,0,RED,15,0,0
2026-08-17 15:00:00,General Medicine,General Medicine Ward,120,117,3,0.975,97.5,5,3,2,RED,15,0,0
2026-08-17 15:00:00,Surgical Ward,Surgical & Post-Op Ward,80,41,39,0.5125,51.2,1,3,-2,GREEN,15,0,0
2026-08-17 15:00:00,Pediatrics,Pediatric Ward,40,43,0,1.075,107.5,1,1,0,RED,15,0,0
2026-08-17 16:00:00,Emergency,Emergency Department (ED),50,51,0,1.02,102.0,6,3,3,RED,16,0,0
2026-08-17 16:00:00,ICU,Intensive Care Unit (ICU),30,32,0,1.0667,106.7,1,0,1,RED,16,0,0
2026-08-17 16:00:00,General Medicine,General Medicine Ward,120,116,4,0.9667,96.7,4,5,-1,RED,16,0,0
2026-08-17 16:00:00,Surgical Ward,Surgical & Post-Op Ward,80,39,41,0.4875,48.8,2,4,-2,GREEN,16,0,0
2026-08-17 16:00:00,Pediatrics,Pediatric Ward,40,43,0,1.075,107.5,4,0,4,RED,16,0,0
2026-08-17 17:00:00,Emergency,Emergency Department (ED),50,52,0,1.04,104.0,4,3,1,RED,17,0,0
2026-08-17 17:00:00,ICU,Intensive Care Unit (ICU),30,32,0,1.0667,106.7,1,0,1,RED,17,0,0
2026-08-17 17:00:00,General Medicine,General Medicine Ward,120,121,0,1.0083,100.8,8,3,5,RED,17,0,0
2026-08-17 17:00:00,Surgical Ward,Surgical & Post-Op Ward,80,41,39,0.5125,51.2,5,3,2,GREEN,17,0,0
2026-08-17 17:00:00,Pediatrics,Pediatric Ward,40,43,0,1.075,107.5,4,2,2,RED,17,0,0
2026-08-17 18:00:00,Emergency,Emergency Department (ED),50,54,0,1.08,108.0,8,3,5,RED,18,0,0
2026-08-17 18:00:00,ICU,Intensive Care Unit (ICU),30,32,0,1.0667,106.7,0,0,0,RED,18,0,0
2026-08-17 18:00:00,General Medicine,General Medicine Ward,120,115,5,0.9583,95.8,0,6,-6,RED,18,0,0
2026-08-17 18:00:00,Surgical Ward,Surgical & Post-Op Ward,80,46,34,0.575,57.5,6,1,5,GREEN,18,0,0
2026-08-17 18:00:00,Pediatrics,Pediatric Ward,40,43,0,1.075,107.5,1,1,0,RED,18,0,0
2026-08-17 19:00:00,Emergency,Emergency Department (ED),50,51,0,1.02,102.0,2,5,-3,RED,19,0,0
2026-08-17 19:00:00,ICU,Intensive Care Unit (ICU),30,32,0,1.0667,106.7,0,0,0,RED,19,0,0
2026-08-17 19:00:00,General Medicine,General Medicine Ward,120,113,7,0.9417,94.2,3,5,-2,RED,19,0,0
2026-08-17 19:00:00,Surgical Ward,Surgical & Post-Op Ward,80,44,36,0.55,55.0,2,4,-2,GREEN,19,0,0
2026-08-17 19:00:00,Pediatrics,Pediatric Ward,40,42,0,1.05,105.0,0,1,-1,RED,19,0,0
2026-08-17 20:00:00,Emergency,Emergency Department (ED),50,54,0,1.08,108.0,8,2,6,RED,20,0,0
2026-08-17 20:00:00,ICU,Intensive Care Unit (ICU),30,32,0,1.0667,106.7,1,0,1,RED,20,0,0
2026-08-17 20:00:00,General Medicine,General Medicine Ward,120,111,9,0.925,92.5,4,6,-2,RED,20,0,0
2026-08-17 20:00:00,Surgical Ward,Surgical & Post-Op Ward,80,43,37,0.5375,53.8,1,2,-1,GREEN,20,0,0
2026-08-17 20:00:00,Pediatrics,Pediatric Ward,40,43,0,1.075,107.5,1,0,1,RED,20,0,0
2026-08-17 21:00:00,Emergency,Emergency Department (ED),50,54,0,1.08,108.0,5,2,3,RED,21,0,0
2026-08-17 21:00:00,ICU,Intensive Care Unit (ICU),30,32,0,1.0667,106.7,0,0,0,RED,21,0,0
2026-08-17 21:00:00,General Medicine,General Medicine Ward,120,111,9,0.925,92.5,5,5,0,RED,21,0,0
2026-08-17 21:00:00,Surgical Ward,Surgical & Post-Op Ward,80,42,38,0.525,52.5,1,2,-1,GREEN,21,0,0
2026-08-17 21:00:00,Pediatrics,Pediatric Ward,40,42,0,1.05,105.0,2,3,-1,RED,21,0,0
2026-08-17 22:00:00,Emergency,Emergency Department (ED),50,54,0,1.08,108.0,4,0,4,RED,22,0,0
2026-08-17 22:00:00,ICU,Intensive Care Unit (ICU),30,32,0,1.0667,106.7,0,0,0,RED,22,0,0
2026-08-17 22:00:00,General Medicine,General Medicine Ward,120,112,8,0.9333,93.3,6,5,1,RED,22,0,0
2026-08-17 22:00:00,Surgical Ward,Surgical & Post-Op Ward,80,44,36,0.55,55.0,3,1,2,GREEN,22,0,0
2026-08-17 22:00:00,Pediatrics,Pediatric Ward,40,43,0,1.075,107.5,4,1,3,RED,22,0,0
2026-08-17 23:00:00,Emergency,Emergency Department (ED),50,54,0,1.08,108.0,5,2,3,RED,23,0,0
2026-08-17 23:00:00,ICU,Intensive Care Unit (ICU),30,32,0,1.0667,106.7,1,0,1,RED,23,0,0
2026-08-17 23:00:00,General Medicine,General Medicine Ward,120,119,1,0.9917,99.2,8,1,7,RED,23,0,0
2026-08-17 23:00:00,Surgical Ward,Surgical & Post-Op Ward,80,42,38,0.525,52.5,0,2,-2,GREEN,23,0,0
2026-08-17 23:00:00,Pediatrics,Pediatric Ward,40,43,0,1.075,107.5,0,0,0,RED,23,0,0
2026-08-18 00:00:00,Emergency,Emergency Department (ED),50,54,0,1.08,108.0,4,4,0,RED,0,1,0
2026-08-18 00:00:00,ICU,Intensive Care Unit (ICU),30,31,0,1.0333,103.3,1,2,-1,RED,0,1,0
2026-08-18 00:00:00,General Medicine,General Medicine Ward,120,119,1,0.9917,99.2,6,6,0,RED,0,1,0
2026-08-18 00:00:00,Surgical Ward,Surgical & Post-Op Ward,80,44,36,0.55,55.0,2,0,2,GREEN,0,1,0
2026-08-18 00:00:00,Pediatrics,Pediatric Ward,40,43,0,1.075,107.5,2,1,1,RED,0,1,0
2026-08-18 01:00:00,Emergency,Emergency Department (ED),50,53,0,1.06,106.0,4,5,-1,RED,1,1,0
2026-08-18 01:00:00,ICU,Intensive Care Unit (ICU),30,28,2,0.9333,93.3,0,3,-3,RED,1,1,0
2026-08-18 01:00:00,General Medicine,General Medicine Ward,120,121,0,1.0083,100.8,3,1,2,RED,1,1,0
2026-08-18 01:00:00,Surgical Ward,Surgical & Post-Op Ward,80,44,36,0.55,55.0,1,1,0,GREEN,1,1,0
2026-08-18 01:00:00,Pediatrics,Pediatric Ward,40,42,0,1.05,105.0,0,1,-1,RED,1,1,0
2026-08-18 02:00:00,Emergency,Emergency Department (ED),50,53,0,1.06,106.0,1,1,0,RED,2,1,0
2026-08-18 02:00:00,ICU,Intensive Care Unit (ICU),30,28,2,0.9333,93.3,0,0,0,RED,2,1,0
2026-08-18 02:00:00,General Medicine,General Medicine Ward,120,121,0,1.0083,100.8,0,0,0,RED,2,1,0
2026-08-18 02:00:00,Surgical Ward,Surgical & Post-Op Ward,80,46,34,0.575,57.5,2,0,2,GREEN,2,1,0
2026-08-18 02:00:00,Pediatrics,Pediatric Ward,40,42,0,1.05,105.0,0,0,0,RED,2,1,0
2026-08-18 03:00:00,Emergency,Emergency Department (ED),50,54,0,1.08,108.0,3,1,2,RED,3,1,0
2026-08-18 03:00:00,ICU,Intensive Care Unit (ICU),30,28,2,0.9333,93.3,0,0,0,RED,3,1,0
2026-08-18 03:00:00,General Medicine,General Medicine Ward,120,120,0,1.0,100.0,0,1,-1,RED,3,1,0
2026-08-18 03:00:00,Surgical Ward,Surgical & Post-Op Ward,80,46,34,0.575,57.5,0,0,0,GREEN,3,1,0
2026-08-18 03:00:00,Pediatrics,Pediatric Ward,40,42,0,1.05,105.0,0,0,0,RED,3,1,0
2026-08-18 04:00:00,Emergency,Emergency Department (ED),50,54,0,1.08,108.0,2,2,0,RED,4,1,0
2026-08-18 04:00:00,ICU,Intensive Care Unit (ICU),30,28,2,0.9333,93.3,0,0,0,RED,4,1,0
2026-08-18 04:00:00,General Medicine,General Medicine Ward,120,122,0,1.0167,101.7,2,0,2,RED,4,1,0
2026-08-18 04:00:00,Surgical Ward,Surgical & Post-Op Ward,80,47,33,0.5875,58.8,1,0,1,GREEN,4,1,0
2026-08-18 04:00:00,Pediatrics,Pediatric Ward,40,42,0,1.05,105.0,1,1,0,RED,4,1,0
2026-08-18 05:00:00,Emergency,Emergency Department (ED),50,54,0,1.08,108.0,0,0,0,RED,5,1,0
2026-08-18 05:00:00,ICU,Intensive Care Unit (ICU),30,28,2,0.9333,93.3,0,0,0,RED,5,1,0
2026-08-18 05:00:00,General Medicine,General Medicine Ward,120,122,0,1.0167,101.7,0,0,0,RED,5,1,0
2026-08-18 05:00:00,Surgical Ward,Surgical & Post-Op Ward,80,45,35,0.5625,56.2,3,5,-2,GREEN,5,1,0
2026-08-18 05:00:00,Pediatrics,Pediatric Ward,40,42,0,1.05,105.0,0,0,0,RED,5,1,0
2026-08-18 06:00:00,Emergency,Emergency Department (ED),50,54,0,1.08,108.0,1,0,1,RED,6,1,0
2026-08-18 06:00:00,ICU,Intensive Care Unit (ICU),30,27,3,0.9,90.0,0,1,-1,RED,6,1,0
2026-08-18 06:00:00,General Medicine,General Medicine Ward,120,123,0,1.025,102.5,4,3,1,RED,6,1,0
2026-08-18 06:00:00,Surgical Ward,Surgical & Post-Op Ward,80,46,34,0.575,57.5,3,2,1,GREEN,6,1,0
2026-08-18 06:00:00,Pediatrics,Pediatric Ward,40,42,0,1.05,105.0,1,1,0,RED,6,1,0
2026-08-18 07:00:00,Emergency,Emergency Department (ED),50,54,0,1.08,108.0,3,3,0,RED,7,1,0
2026-08-18 07:00:00,ICU,Intensive Care Unit (ICU),30,27,3,0.9,90.0,0,0,0,RED,7,1,0
2026-08-18 07:00:00,General Medicine,General Medicine Ward,120,122,0,1.0167,101.7,2,3,-1,RED,7,1,0
2026-08-18 07:00:00,Surgical Ward,Surgical & Post-Op Ward,80,47,33,0.5875,58.8,2,1,1,GREEN,7,1,0
2026-08-18 07:00:00,Pediatrics,Pediatric Ward,40,43,0,1.075,107.5,2,0,2,RED,7,1,0
2026-08-18 08:00:00,Emergency,Emergency Department (ED),50,54,0,1.08,108.0,4,1,3,RED,8,1,0
2026-08-18 08:00:00,ICU,Intensive Care Unit (ICU),30,28,2,0.9333,93.3,2,1,1,RED,8,1,0
2026-08-18 08:00:00,General Medicine,General Medicine Ward,120,120,0,1.0,100.0,4,6,-2,RED,8,1,0
2026-08-18 08:00:00,Surgical Ward,Surgical & Post-Op Ward,80,53,27,0.6625,66.2,6,0,6,GREEN,8,1,0
2026-08-18 08:00:00,Pediatrics,Pediatric Ward,40,43,0,1.075,107.5,1,0,1,RED,8,1,0
2026-08-18 09:00:00,Emergency,Emergency Department (ED),50,52,0,1.04,104.0,1,3,-2,RED,9,1,0
2026-08-18 09:00:00,ICU,Intensive Care Unit (ICU),30,26,4,0.8667,86.7,0,2,-2,AMBER,9,1,0
2026-08-18 09:00:00,General Medicine,General Medicine Ward,120,124,0,1.0333,103.3,5,1,4,RED,9,1,0
2026-08-18 09:00:00,Surgical Ward,Surgical & Post-Op Ward,80,53,27,0.6625,66.2,7,7,0,GREEN,9,1,0
2026-08-18 09:00:00,Pediatrics,Pediatric Ward,40,42,0,1.05,105.0,1,2,-1,RED,9,1,0
2026-08-18 10:00:00,Emergency,Emergency Department (ED),50,54,0,1.08,108.0,4,1,3,RED,10,1,0
2026-08-18 10:00:00,ICU,Intensive Care Unit (ICU),30,24,6,0.8,80.0,0,2,-2,AMBER,10,1,0
2026-08-18 10:00:00,General Medicine,General Medicine Ward,120,127,0,1.0583,105.8,5,2,3,RED,10,1,0
2026-08-18 10:00:00,Surgical Ward,Surgical & Post-Op Ward,80,56,24,0.7,70.0,6,3,3,GREEN,10,1,0
2026-08-18 10:00:00,Pediatrics,Pediatric Ward,40,42,0,1.05,105.0,2,2,0,RED,10,1,0
2026-08-18 11:00:00,Emergency,Emergency Department (ED),50,53,0,1.06,106.0,2,3,-1,RED,11,1,0
2026-08-18 11:00:00,ICU,Intensive Care Unit (ICU),30,24,6,0.8,80.0,0,0,0,AMBER,11,1,0
2026-08-18 11:00:00,General Medicine,General Medicine Ward,120,125,0,1.0417,104.2,5,7,-2,RED,11,1,0
2026-08-18 11:00:00,Surgical Ward,Surgical & Post-Op Ward,80,55,25,0.6875,68.8,5,6,-1,GREEN,11,1,0
2026-08-18 11:00:00,Pediatrics,Pediatric Ward,40,43,0,1.075,107.5,2,0,2,RED,11,1,0
2026-08-18 12:00:00,Emergency,Emergency Department (ED),50,54,0,1.08,108.0,3,0,3,RED,12,1,0
2026-08-18 12:00:00,ICU,Intensive Care Unit (ICU),30,24,6,0.8,80.0,0,0,0,AMBER,12,1,0
2026-08-18 12:00:00,General Medicine,General Medicine Ward,120,124,0,1.0333,103.3,3,4,-1,RED,12,1,0
2026-08-18 12:00:00,Surgical Ward,Surgical & Post-Op Ward,80,54,26,0.675,67.5,0,1,-1,GREEN,12,1,0
2026-08-18 12:00:00,Pediatrics,Pediatric Ward,40,41,0,1.025,102.5,0,2,-2,RED,12,1,0
2026-08-18 13:00:00,Emergency,Emergency Department (ED),50,54,0,1.08,108.0,2,2,0,RED,13,1,0
2026-08-18 13:00:00,ICU,Intensive Care Unit (ICU),30,22,8,0.7333,73.3,0,2,-2,GREEN,13,1,0
2026-08-18 13:00:00,General Medicine,General Medicine Ward,120,123,0,1.025,102.5,2,3,-1,RED,13,1,0
2026-08-18 13:00:00,Surgical Ward,Surgical & Post-Op Ward,80,51,29,0.6375,63.7,3,6,-3,GREEN,13,1,0
2026-08-18 13:00:00,Pediatrics,Pediatric Ward,40,42,0,1.05,105.0,1,0,1,RED,13,1,0
2026-08-18 14:00:00,Emergency,Emergency Department (ED),50,53,0,1.06,106.0,4,5,-1,RED,14,1,0
2026-08-18 14:00:00,ICU,Intensive Care Unit (ICU),30,21,9,0.7,70.0,1,2,-1,GREEN,14,1,0
2026-08-18 14:00:00,General Medicine,General Medicine Ward,120,125,0,1.0417,104.2,7,5,2,RED,14,1,0
2026-08-18 14:00:00,Surgical Ward,Surgical & Post-Op Ward,80,53,27,0.6625,66.2,7,5,2,GREEN,14,1,0
2026-08-18 14:00:00,Pediatrics,Pediatric Ward,40,42,0,1.05,105.0,0,0,0,RED,14,1,0
